unique_hash,drug,fold,true,predicted,score_positive,score_negative,score_neutral
2e180be4c9214c1f5ab51fd8cc32bc80c9f612e0,gilenya,3,2,1,0.22133740053305995,0.5482860987072512,0.23037650075968888
9eba8f80e7e20f3a2f48685530748fbfa95943e4,gilenya,2,2,2,0.08800732499742235,0.2806085325318432,0.6313841424707345
fe809672251f6bd0d986e00380f48d047c7e7b76,fingolimod,4,2,2,0.27967138311852224,0.14606477552212638,0.5742638413593514
bd22104dfa9ec80db4099523e03fae7a52735eb6,ocrevus,4,2,2,0.26656441678377535,0.15806294106879804,0.5753726421474266
b227688381f9b25e5b65109dd00f7f895e838249,gilenya,0,1,1,0.26352752251097356,0.45839370294519677,0.2780787745438298
a043780c757966243779bf3c0d11bf6eef721971,cladribine,1,2,2,0.08134932798043533,0.1430782154779417,0.7755724565416229
be5a13376933a7f9bbf8e801c31691092f63260a,humira,1,0,0,0.4596623373601608,0.27420282234849364,0.2661348402913455
08c3c0c702fc97d290204b37798ac62005da5626,gilenya,0,2,2,0.12972730927453843,0.33535756997305294,0.5349151207524087
8fd3d7ad80791c9343e5cf8a83bd1adf6577d516,fingolimod,4,1,1,0.2252124599234187,0.4889040445138297,0.28588349556275144
793c5af7cc8332df17eb602247d886fbd1c80f89,tagrisso,0,2,2,0.11522088433675443,0.09734634085686081,0.7874327748063848
127a56fe52ebb4ac4bd7c44882b38c90b309b0d1,lucentis,2,1,2,0.31575860300053027,0.2906624239882633,0.3935789730112065
c012af0fb7ffdbd0cf26564666f344f136bde78f,pan-retinal photocoagulation,3,2,2,0.278068016312373,0.13179344147241406,0.590138542215213
9e7ba64f3370ad7b6214677051ad542c45a667bb,fingolimod,0,2,2,0.1728741402529058,0.12430121522661582,0.7028246445204784
497b861718dcea8618daa71fff8ccdeff2e5b161,gilenya,0,2,1,0.32072255763818247,0.391091976150702,0.2881854662111155
4448be865036bcb6154ca03a3b101ea3a9ba4dac,tagrisso,0,2,1,0.22045650217673277,0.40829201508004354,0.37125148274322367
aa8baf1777c68498006a91e2dde76cea8d481f23,humira,3,2,1,0.23859108985203972,0.6073869982016575,0.15402191194630283
abbe2c5ec2d09c903eea188d56dd1f0ccfa2be5c,remicade,0,2,2,0.15881443011095564,0.21793397792831512,0.6232515919607292
fb054b0af1d68a71577430858e6dbe4162d269b3,stelara,0,2,2,0.2878293499518471,0.21135356363811533,0.5008170864100375
81d3b59febf33f7099315d8a06402a84a4083113,ocrelizumab,0,2,0,0.4930005817228312,0.12774744032630989,0.37925197795085885
ac44c2e8ed91882149e8341b294b5e5d14bfb6b2,ocrevus,0,2,2,0.3815800806951938,0.21921881961125728,0.39920109969354894
174806d157718c27217a1dc6ee66f0388a58710b,dexamethasone,2,1,0,0.5018527380558978,0.2270106457185783,0.2711366162255238
e2d087ceb1887c03c15b17c326b6b7b8d19863a7,pemetrexed,0,2,2,0.10285770793707999,0.06998442599849873,0.8271578660644214
e878e1f60c8ce278ef78e92ff30264e734b08217,cimzia,4,2,2,0.2619854381930569,0.2387369497067989,0.4992776121001441
d45117196c74590e2e8b80705df478f9d9cdfbf9,tarceva,0,2,2,0.14381307564906531,0.24716039870922069,0.609026525641714
68ea2ec060a4a59e6c28e0ba49ac9f1e7a2f930f,tarceva,4,2,2,0.12720523550827859,0.1334382914914214,0.7393564730003
029b7632b8a7c09b908a57a14c98f74a944fc5ca,gilenya,1,2,2,0.1445006131957028,0.28921705877787207,0.5662823280264252
16c0970609b9bea8bbb533adf2c61c897424031b,gilenya,0,1,1,0.23393420404493354,0.5318956051280628,0.23417019082700363
906db737204ead11986d1492af6f004e16a006e3,ocrelizumab,3,2,2,0.27019566136399736,0.3120489176574185,0.41775542097858404
e8f39b50683bb1b94689e8e462bdcd1aff331ee1,ocrelizumab,1,0,2,0.3260335633369272,0.20613699359763404,0.4678294430654388
c2df2a0e70805bb1a17305e2ac137aeae26d424a,fingolimod,4,0,2,0.28212321910466076,0.2532582455202218,0.46461853537511744
e5519a9c109f5b290071029d3b4a6d8f5150b793,tarceva,3,1,1,0.31358059264917426,0.37667409239653354,0.30974531495429225
fd4eaf7403ad9512359fefb76ffcad942f94f43b,gilenya,1,2,2,0.17815591574978754,0.3390518240307679,0.4827922602194446
50b51148821b2d0eb23380ca8417b1d9fefd37af,nivolumab,0,1,1,0.12259217971837204,0.47067772222539944,0.40673009805622845
37fb60022cee769a53f20d1b79cd0591848ac47e,remicade,2,2,2,0.10994184033615281,0.10717712240592188,0.7828810372579253
603c2f1612eeabcaac016b6da0df4117b6a8ccd8,tecentriq,1,0,0,0.5336119561361093,0.20112790642617415,0.2652601374377166
9adb8389cc29475816af775034cb5c6a38b9f1da,humira,0,2,2,0.14478408815126637,0.17521105660953448,0.6800048552391991
09b1aa5593f4b0125afd61428eb67f511044bc37,gilenya,4,2,2,0.11636366941293211,0.15733817648602913,0.7262981541010387
b35871fb622dd1d2e407f0d13c7da48634e820ca,ipilimumab,4,2,2,0.1351606175882986,0.11791488997524735,0.746924492436454
5eca9f0458bac17bf89188de1b9a61fcea05e7ce,mekinist,0,1,0,0.3674246841754244,0.35128599825714996,0.2812893175674257
f4a2decbd96a9004cb37c5a1f8480163bcb9651a,ocrelizumab,0,2,2,0.36911112614625896,0.15561658082285917,0.4752722930308819
1075712b084410fd478a6dd317ebb0cc9f765ac1,opdivo,3,2,2,0.24383347210701597,0.24165261610530703,0.5145139117876769
4c8270dc72a743364800c16a4893058d81ccf780,gilenya,1,2,2,0.10647201547275581,0.37752473033401823,0.516003254193226
918b3d83f17c334962f30974f2ff1f16630eebf0,dexamethasone implant,2,0,2,0.37575255141528446,0.09721564941246742,0.5270317991722481
00c582761f1e6ed49bd8f30b4e5219be3a270537,humira,2,2,2,0.3050169914943389,0.24258958764909966,0.45239342085656137
df2c96ef09888a2e46017c2e19944f575bf84a75,eylea,3,2,2,0.31311373921763497,0.1491440062013844,0.5377422545809807
8d0fb3f57eac11cab3d354a92352153d0463844e,erlotinib,3,2,2,0.06451457956837212,0.045358708072088555,0.8901267123595393
9fed0da9252bd1785bea33c1911ced74a428a276,alectinib,4,2,2,0.13802840435743907,0.08665741912673677,0.7753141765158242
918f23f517e067135b5c3d428b0c45e198ab145b,entyvio,3,2,2,0.06500739425170342,0.12839866378631984,0.8065939419619768
95974e24ade4d14b610ee14be5d17c8a2db4b77f,gilenya,1,2,2,0.20383844795406028,0.1481547074837598,0.6480068445621799
aa1a2e0fed710ecc0eb5c3bd290c0715d853487b,nivolumab,1,2,2,0.1550483084832113,0.2612150509362124,0.5837366405805763
5bc3967bde4af450eec642bec46b5d444b2c0b5d,fingolimod,3,2,2,0.3594524075380905,0.17316564858643854,0.4673819438754709
2f54751a86172302005d05e691c3968e9b7509ab,humira,1,2,2,0.20829741475259217,0.2877343640880075,0.5039682211594003
126774fa5e054498eac9d98f931fb22162d3ad5d,ocrevus,1,2,2,0.18797927266199435,0.1769216821472627,0.635099045190743
f6f2c2cba69451cbdb3bebaaf1b487456986f26f,remicade,0,2,2,0.26637233634018204,0.2131864017327568,0.5204412619270612
a393f1643ae20f5c8f187b8f62d6d8661a499aa2,dexamethasone,0,2,2,0.11854298533059215,0.2745810301837979,0.60687598448561
3457bfa472caa85815382ac565e03874cb2ca4db,tagrisso,0,1,1,0.2606011483831207,0.3931031347174989,0.3462957168993803
f02cec99865fafa786eb8545bb0ac18d047dc7ba,fingolimod,0,2,2,0.19526105781387695,0.23009538081405387,0.5746435613720692
87203b7645637adf1b06949b180f2a4337b23a20,gilenya,0,2,2,0.1434610799792803,0.38720556903998826,0.4693333509807314
c812832bf786dcc8fc0a27b76616a231cc4c4690,gilenya,3,2,2,0.2342344020598195,0.3522210707654521,0.4135445271747284
4fd1ef528a2c8b65dc3b23f2b96c7d8d68484166,ocrevus,0,1,2,0.20550449435568374,0.18830245320502595,0.6061930524392903
92b34902563dbaa5352fad47791aa23daafde08b,cladribine,1,0,2,0.36870974522478644,0.14639704449901975,0.4848932102761937
da2447ef4e1d922e683e8c712465cf9edd04e3c6,ocrevus,0,2,2,0.1901496641403698,0.33346089312733795,0.4763894427322922
a5205bac262e3e70e5e2b12ad99d18cf7405b17d,cimzia,1,2,2,0.10699248850064995,0.09201601885630871,0.8009914926430414
5464b1ed8ae3bb6cf2a50ce92b997af10ff374a5,tagrisso,2,0,2,0.3357398791251514,0.20004956588678952,0.464210554988059
ac32b84c47bf6a892e4ad3a72cc50b623ac91adf,gilenya,3,2,2,0.3538825766859119,0.2379166403918388,0.4082007829222492
399a081e5fd55dae74f3853371bca69f24749f76,crizotinib,4,1,2,0.12314276869947018,0.2797961006430395,0.5970611306574904
2070a12b0ad4b6f97f238db696fde28f3e6918aa,humira,1,2,2,0.0768554636326346,0.1783809926178969,0.7447635437494685
9a89b2b66e44c5ce40e9d4c100a9019d099f8932,opdivo,2,2,2,0.23355949430906367,0.17296423771338743,0.5934762679775489
d6fbcc31e20c1e69f113dc755a0059eecab49f30,remicade,3,1,1,0.11433477616198057,0.6216589187745448,0.2640063050634746
35b88730fa2f24692b01d032ccdbefbda9cf6be0,tarceva,1,2,2,0.09632818776381052,0.06439153914828026,0.8392802730879091
85f32d77777ad9c5e6983a31461817e1dbfe25a9,gilenya,4,2,2,0.3004799401274758,0.20481206798002607,0.49470799189249803
6de8cb636fc8b35a940dc97fdddccdf391f22550,keytruda,2,2,2,0.11712099485000614,0.28562966236443543,0.5972493427855583
ac8313eecf6efa01601d2016d1abade39ba5cf32,entyvio,2,2,2,0.14128548026935112,0.11738322693303081,0.741331292797618
7c900aa8b7a2530b22ed4df30922ec527d6f8637,gilenya,1,1,1,0.15784242122474235,0.6310456150936304,0.2111119636816272
3a7355a4a4983c0481fb39111b18898ae19c28df,gilenya,4,1,1,0.15513881246188274,0.6884405379685333,0.15642064956958404
358e2b9747c7ddc7e14f181bdafffd984a07f92f,mavenclad,2,0,0,0.5413539004826857,0.18730117273437422,0.27134492678294
3dc7ac682bc2f5b87c211c50d8595a8a69ae5ec6,humira,2,2,2,0.06090384962548464,0.07340683297249466,0.8656893174020207
fd07fdfd6463392475fa70912d0aeaee743c80b9,opdivo,0,0,2,0.23941662131079797,0.19773580273869026,0.5628475759505118
084403ef1ef1d42684e701cb1fd08a531f095ff9,osimertinib,0,2,2,0.23665753478028692,0.14671921113885406,0.6166232540808592
827cb1f8f33869f611870ce6f81103b0354eac2a,ocrelizumab,0,2,2,0.2627300332211332,0.2774874891654298,0.45978247761343694
b43108d6ea9f7676f27b0e9f05e7fe086cb94ee5,humira,4,2,2,0.15874444357708048,0.2150789463925015,0.626176610030418
6c41989a94c48fc097f5412d81433017d6d58eed,gilenya,4,1,1,0.16316826323605954,0.6552799011201724,0.1815518356437682
326808ed5f6b660ea9a4de39010664ac8ccbcf1c,gilenya,4,2,1,0.1453906898735413,0.5254554569920957,0.32915385313436313
9af78e09d3646558f4827cb54568b1187a951a66,lucentis,2,2,2,0.2893828214643387,0.28674828589717277,0.4238688926384885
7da1487d72965dbbc3f7cdccca2e4622d8e35f94,ocrevus,3,2,2,0.13059443848219326,0.2330430341482832,0.6363625273695235
27b21bc21dd88dacf28adcdaaedd21be01b2b742,vedolizumab,2,1,2,0.19707612933307844,0.3865945029087004,0.4163293677582212
bd158d75fc4358c1689464f2fd08167ba07acb46,fingolimod,0,2,2,0.2161869133682648,0.18292757999379614,0.600885506637939
7cafe0a71be5ce964c4f1326068be7092b876cef,ocrevus,3,0,2,0.23824956370590208,0.1948912978055674,0.5668591384885304
af3146ca66f2af1ead3dc87099524f5d0c149fcb,atezolizumab,4,0,2,0.20478504953670482,0.121434803696536,0.6737801467667591
1b92824a8b91b0add73c481c538d8651dcfff3d8,gilenya,1,1,1,0.18802363946378303,0.5835144966956903,0.22846186384052666
1798110f69acea9a92714a5761a29fd0c3d277fe,fingolimod,1,2,0,0.4115534840211166,0.21968763357646376,0.3687588824024196
14480e8095b13d9a3fdd1e7d966bbd548bc563b3,gilenya,1,2,2,0.22229145013004242,0.20406324736295378,0.5736453025070037
e3a736aafaecd05c3e2d85cd3a1a6b5a2c69a68b,keytruda,3,2,2,0.07592161240168183,0.09993375560628982,0.8241446319920283
768682f05b8ef8e8a12a5f480e4b76d45868e4ee,ocrelizumab,2,2,2,0.4126634761401375,0.15235670836858345,0.43497981549127895
fcf8d156285091d1a947076e0217b714bf72e7bc,cladribine,0,2,2,0.37257280188398906,0.10455774585551461,0.5228694522604964
696d5a518430ba77695c4c2f699d6a809ca8e341,gilenya,2,0,2,0.35770723527416215,0.23799696410427737,0.40429580062156045
bf56801eb38f6bf56463defec998020f07abcf2e,durvalumab,2,2,2,0.20216899195578292,0.18408980291090715,0.61374120513331
7e1e61a4ffd2ec13ae025586c55b1f2f826c64a9,gilenya,4,2,2,0.14814946823287647,0.26905412054598915,0.5827964112211345
ecf72c4c1ce628e6b963486ea88d35bfe8b35794,gilenya,4,1,2,0.2010158253955825,0.35084679336396907,0.4481373812404484
f27a3c821300920cdaf3d3dcaa22bee68a885c1f,ocrevus,4,2,2,0.3988495168953313,0.1490582328506594,0.45209225025400923
21f91b7402fb22dfeb3dbf7108b8235b3051a959,tarceva,4,1,2,0.09501424684780833,0.37289743462962954,0.5320883185225622
80f9653259e24b4dd4bfc0500ebefe4d75ef4358,remicade,3,2,2,0.15844000081221718,0.2133462139732336,0.6282137852145492
b0d585025a479db64199c99e3a83f6864a3a6a86,alimta,2,2,0,0.4244424239894647,0.1669958814741101,0.40856169453642527
f00f8437a12d81b2efa47acce8bebb790be4f960,alimta,0,2,2,0.16899340179435415,0.2826666816756107,0.5483399165300351
b138d51ad09237886de33e3846b08e1584581922,ocrelizumab,0,2,2,0.3953151768825571,0.1153943565712077,0.48929046654623515
0e7d41d2ea4fc3b9a70d1f45f3f1c3844e6ad7b9,humira,1,2,2,0.08825088896823628,0.12194641175719932,0.7898026992745645
90af15e7f2b3391b4f4a661b4d7adcfc5e7c6c91,tagrisso,1,2,2,0.25757280862857385,0.12854678938136666,0.6138804019900594
6416b65b155fba1b4088c0a43925a24b84f90a0e,ocrelizumab,1,0,0,0.44999952647421404,0.1679213446174354,0.38207912890835055
db0bed6b8dd8a78fdbc94f5ecd6610f146e33090,eylea,1,2,2,0.13390480522842213,0.17965798238358338,0.6864372123879945
113b50c83ab000efd4a00609ae9fdcf15efdb73c,fingolimod,0,2,2,0.19650974425614412,0.17903274151319876,0.6244575142306571
3e2d36128d917c533d7b01a220c02ac20e71d3f2,gilenya,1,0,1,0.1049417628599583,0.5997926335647878,0.2952656035752539
152cff9f2f1f7ee96d240bd34866ee5c18bdd024,opdivo,3,2,2,0.14595390080616147,0.26440078190902483,0.5896453172848137
db008b3407248e85668c0501933868636ec0d08d,keytruda,2,1,1,0.2012701815262061,0.4077403203047101,0.39098949816908385
c4c9cf171bd93ccd2c623e1d2386cb1626518377,remicade,3,2,1,0.2617669906126467,0.3694510779054264,0.36878193148192695
07b34c4e3726970eb4016a1264ae89e5faace253,gilenya,4,2,2,0.20998504908783483,0.16883691040997603,0.621178040502189
9834e80c9668c2a07ec53253def0e71410fca300,ocrevus,0,2,2,0.127109546244253,0.22396278158647795,0.648927672169269
befdfeedcacf42b83326a14d071d8ffa6f237097,tagrisso,4,2,2,0.19954411814590522,0.22455606708814363,0.5758998147659511
7808a575c8988d2eac6304633ee02107324dcc93,stelara,2,2,2,0.12637165909929643,0.19613144491053605,0.6774968959901675
50f541bfa0a50b7c3fb16c035bb5d7a708a08d4b,tagrisso,3,2,2,0.08838820065850134,0.07130129920073221,0.8403105001407665
776eb7e0c49d4f5a42cab4f8cf7550d0c9c272f6,gilenya,0,2,2,0.2308802758363271,0.36238504010516775,0.40673468405850516
76dbc9bc2a170e441c8966f7f4174e8ef25d9998,nivolumab,1,2,2,0.0676467499755859,0.14551790622797947,0.7868353437964346
9975fbca57aecbf3e0d538071c5ffe4328fa8ab3,gilenya,2,2,2,0.21098120417591149,0.24055170677640259,0.5484670890476858
e911ab731e64d4fad3068926dea1b7d3d4142f4a,humira,2,2,2,0.12224544528702475,0.18377431318397452,0.6939802415290007
1bdd7422d62204b40ec24432676cf40de9a465c3,fingolimod,2,2,2,0.30124595780014585,0.30163600147928016,0.397118040720574
7594dab17d879edaf957e06d0b582e94f98610be,tagrisso,4,1,2,0.2220492051432293,0.22860620067665266,0.549344594180118
81474398b05d294bb9898678d9efaddc43a24cd8,tagrisso,2,2,2,0.10357659057969877,0.19210505235672895,0.7043183570635724
c326c9fe965dbffacd03cce5c4d67a5e6d73364e,tagrisso,3,2,0,0.4678910914400193,0.3092831361141505,0.22282577244583027
53c2e76ef5ee7e54fa83a6252391dd048012b77d,ocrevus,3,0,0,0.601885164908659,0.16207531822521543,0.23603951686612573
ee27034124aceadc9dd16577c8fae5da68b48013,ocrevus,4,0,1,0.32874466879791153,0.42230107001766665,0.2489542611844219
6c27d144950d9f0cdbe04fe7c496e3e7a28670c8,tagrisso,2,2,2,0.06455924448827828,0.29466653602811427,0.6407742194836075
daf8080d97fff0d3a93824b39f426fefbb176b71,gilenya,3,2,0,0.5338297761728086,0.15653523456399704,0.3096349892631944
4e96c3ca5f909a61b1c319568ff004dfa6cd06f0,alimta,4,0,1,0.22909545715129076,0.5130669326219103,0.25783761022679896
6fda88da5894c13cb1773e05e574d29961ef9d4c,keytruda,0,2,2,0.10765065191459111,0.07412271325837727,0.8182266348270316
198f78727eb17d4cd136b9f1deab1c84d2e8ff98,gilenya,0,2,1,0.19862813427764106,0.45040793465759915,0.35096393106475987
13019bbb1ff7d4e43093b678e5772d39173a0f04,ocrevus,0,0,0,0.5123586200346133,0.18286733535853977,0.304774044606847
f681bafeaaf0c12388c46b7553d2dddc3d1a1b5c,tarceva,3,1,2,0.18001698036834685,0.19205136359877947,0.6279316560328737
5a4b1eabfeb42d7b4f8db9db3565d790d6ad8133,crizotinib,2,2,2,0.05897833545784954,0.2719993753357441,0.6690222892064063
dc2c3b82e02a03ea6238142fcb8deae068ce36a6,opdivo,3,2,2,0.22055920975067772,0.13709058104841196,0.6423502092009102
f3e2460a1354c7d436495cbb8f3efcdef8c16c22,mavenclad,2,2,2,0.2347653182660217,0.1536986525949769,0.6115360291390014
38f27b243a130e1f8f6a82a4076926e0cedf1f47,ocrevus,2,2,2,0.29926395699446506,0.2977980345088622,0.4029380084966727
412d4a9415170c9b95d410b3066a1314a88e7e96,fingolimod,0,2,2,0.1606100821239882,0.3585529520527274,0.4808369658232845
972ef6b1f9e091fa3fcdc1406f8b1c4b94074a18,tarceva,0,0,0,0.388334032523971,0.22935302533734228,0.3823129421386867
c887fc98a3280a14063bd1fbc8bc5fe7352f55ae,tysabri,4,1,2,0.3782492585533591,0.23143395017922425,0.39031679126741664
f2e84c4040411c23a96968165e7a206938ca3b2f,avastin,1,2,2,0.20733540210151566,0.2809744215023624,0.5116901763961219
36a12789e0fce952806e921f39dae973ee758537,lucentis,0,2,1,0.09966762116885546,0.5991975794596732,0.30113479937147136
3919e75537d402ad81eccaf4fc69c78405bab1ea,ocrevus,0,2,2,0.2410101284176379,0.1763946238100044,0.5825952477723578
73050de3eeaab3bd1e8a27b17e7faff1df0cd1bf,ipilimumab,1,2,2,0.18883907872049094,0.09061493744974605,0.720545983829763
abe813591f821461e7e2b56a0ac7d08d83807dd5,cladribine,0,2,0,0.45767923979026454,0.1118020712946994,0.4305186889150361
340fc41e3cb7e531eb8527662649e9db258c3b46,ocrelizumab,4,2,2,0.23775564157063078,0.16071916510003045,0.6015251933293387
f27d05adffd12cdc3fe99ce55077125b08b1c730,golimumab,2,1,2,0.19413326343090032,0.19494677712549643,0.6109199594436032
14107b85a53a268e28cb703b8691699a9e97833b,gilenya,0,2,1,0.22258038351401674,0.3902999345377552,0.3871196819482281
dbd855a5c3252543ab914d0317c09bd542730720,tofacitinib,1,2,0,0.6020349640642779,0.08405158629035722,0.31391344964536483
a9eb64ffc585ff24a5d5db6ba76d88cb940475b4,eylea,1,2,1,0.22760671892833959,0.4408571493391293,0.33153613173253105
030496b68f426e91fbd62795a13c75fe5e805d03,tysabri,0,2,2,0.280194850139066,0.2517268794286853,0.4680782704322487
4480b32d3ffff30eb34abcf1be90f632451d4059,erlotinib,0,2,2,0.11633670042031274,0.1310520425500237,0.7526112570296636
eacc702d90b62d7d17a3c8b67f513957929b59c7,cladribine,0,0,2,0.21475739481939965,0.09991964178423221,0.6853229633963681
1e392990caeaacdcd925b06db5ca32492fc630f6,ocrelizumab,1,2,2,0.12401270057517512,0.13769951762446125,0.7382877818003637
969d12e993bcc84e3f0285d6353b007cb63c5108,remicade,3,2,2,0.1947803936695277,0.2601463329121294,0.5450732734183429
92d3e663d5e39f31deb9caaa943a62d32b4a2d02,entyvio,0,2,2,0.09376495421494584,0.1323479123609256,0.7738871334241286
fd958602933a9992409b75d384014617c8093761,entyvio,2,2,2,0.14846554460334685,0.18023242742359907,0.671302027973054
c4c66667c20ef553f6f7830a33cefae430e82ffe,ixifi,1,2,2,0.11049224367036167,0.10490433719264249,0.7846034191369957
e8ee3fa0068fccecb7f1b933c58052c364752edb,keytruda,4,0,2,0.23601235206357776,0.22964889560426202,0.5343387523321602
126e4f379352a38e43d766f76cfd66ad7d418629,tagrisso,2,2,2,0.23256050923023455,0.1468649468176936,0.6205745439520718
1fa5f8871de5e590106253778ba83d38a2ce8ecb,opdivo,4,0,0,0.48378878934504105,0.15509806342029864,0.3611131472346602
0ee7459df3170604b71d3339a1c1be5baaf9413c,cladribine,4,2,2,0.3394635847854549,0.059215544838476894,0.6013208703760682
9e48f0c3394120a7a280b1e33477c8b1033299d4,remicade,4,2,1,0.2546067160004311,0.3989197385706932,0.34647354542887565
c2cedc37e6ab011a48d797728f615ae1b4a0d073,gilenya,0,1,1,0.25386607052460275,0.48836328651600325,0.25777064295939395
2b930cc53226dbf51d893c5571ac6aa702bd6a5e,cladribine,3,2,2,0.16616246388055506,0.2744940716483018,0.5593434644711431
cfdd873b73c7a6405bd30dbd0d82ae22846dc65e,avastin,3,2,2,0.2377575562604518,0.21572023249605768,0.5465222112434905
97e855b9bc17faaa56f06df6a3a120fe8abbed4e,ocrevus,4,2,2,0.23319737931124254,0.2774937604190534,0.4893088602697041
3610a545ecba251359b57bf974c16ec73054d27b,ocrevus,1,2,2,0.14572544415571198,0.2864752609954243,0.5677992948488637
fb73ca4f046ada8989ee8606d2851a0a41469831,teriflunomide,0,2,2,0.16833716784792646,0.3149602136465791,0.5167026185054945
5528b749496f475c48a861f8e3259f563c27f17f,fingolimod,2,2,2,0.33435575852278665,0.17728821709909484,0.4883560243781184
9d7d43bc8c89039a802caa3aa623c9c668ca9b8d,tofacitinib,0,2,2,0.1673781063451869,0.17959086558072304,0.6530310280740901
d64e6d31fa166561163a308323a4292e8fae07b7,ranibizumab,3,2,2,0.28084458227841064,0.17814343566248678,0.5410119820591026
30ef15a1cdc6946cf3a65b5ef1afd166309d4bdf,entyvio,2,2,2,0.16671142492075477,0.3489432885849708,0.48434528649427444
c740dd122919725516d0e11fca9ced122471dcf6,opdivo,2,2,2,0.279767190468185,0.13096128752774175,0.5892715220040733
16f8e1a0dc6396e06eec5fc61626b633cdfd390e,stelara,2,2,2,0.23094869179053204,0.1887556456673221,0.5802956625421458
071dbbfb2fa52e4baffc6583b789a1ad18b95470,humira,2,2,2,0.08841782275387434,0.14716086005559703,0.7644213171905286
c912dbf2d1b2a3e3fd24e422612b78194063a193,keytruda,4,2,2,0.12004111885079406,0.1811364850657082,0.6988223960834978
48f4d340e93ec6fcdd3d8b2c80c1b5c14dddf320,lucentis,2,2,2,0.3274247547268138,0.19882680687856757,0.47374843839461855
80a14dc40acd6479caefe56df0fc5ab92a9ec2e5,tecentriq,2,2,2,0.19574152067773187,0.2818171037295932,0.5224413755926749
6924f2c2d4feb6f7852240b0f23269b0c697890f,remicade,4,2,2,0.09360881853218206,0.23479395529077152,0.6715972261770465
dcce2d137bcec435236715b646bc63d2ffdbe2f9,erlotinib,4,2,2,0.19219062628759714,0.21382967190256644,0.5939797018098364
4e2ad2e61f2e6793131a90205365438456ec37fd,opdivo,1,2,1,0.11903032756073796,0.48139080787636845,0.39957886456289365
255270447125784796e5cd87c7a2ff2421fde703,fingolimod,3,2,2,0.06668081395571017,0.12046583892011098,0.8128533471241789
14aa54579a5de10d8c8018e91e40940f637779be,ranibizumab,0,2,2,0.15357022184033725,0.1279041136342975,0.7185256645253653
1732bce1c6c6245f26cb509d749a3cf3164b882a,ocrevus,3,2,0,0.46673740026860483,0.16643546446852392,0.36682713526287125
672c505230c443ab1f87ca664487271ad91b0369,humira,2,2,2,0.1608096462724113,0.22372039132511473,0.6154699624024741
18922353ec82b421a6a424e5692945a7855f5b25,stelara,1,2,2,0.13941895191895973,0.10703043804123119,0.753550610039809
7ba1f19695ed132067f17dc485dc9dc301c542ff,ocrevus,4,1,1,0.14717582435332385,0.49773898560073043,0.35508519004594563
b3cab23d6a1bcc03d08e85c1b4c5e5b58768a9a9,gilenya,0,1,1,0.21113068437819388,0.5847846482082854,0.20408466741352077
c7757a81f98eebe436e982d7b1761c8ebcca3336,afatinib,3,1,2,0.16811567959892496,0.4035477703134449,0.42833655008763
f945299cf3df5fe90f38f53af3a5aff93a4a3975,keytruda,4,2,2,0.3021542209709293,0.24852588878740084,0.44931989024166974
73788095df260465558a4a0144001524a37797e0,remicade,1,1,1,0.256536218310018,0.4364324336986755,0.3070313479913066
c953f3e3a3e877204ce6be8cfed75adf580a4fd5,alimta,3,2,2,0.1709208156704461,0.27367948209376475,0.5553997022357892
ab940f696f71a95a55d86a351083ab434da85dd2,ocrevus,1,2,2,0.1866264814887904,0.21688305379732478,0.5964904647138848
babe5f49757e8968425bc67990f0432384488a12,upadacitinib,4,2,2,0.14457782955142945,0.07414844576596841,0.7812737246826023
c791db141a672c3b9e35865959032013105cbd90,tarceva,1,2,2,0.2674663919300185,0.30703534795974025,0.4254982601102412
d3d0ce417ba4d6b618d79f85289e1a814a61e1f7,gilenya,1,0,2,0.19372846957069734,0.18760258045988928,0.6186689499694134
0606396596d7fc00b0a25f812fe709e96850405e,zykadia,3,2,2,0.1735290180041205,0.3157364069326494,0.5107345750632302
dc7f2e5ad7ba4ad8457c0f6823d4933d1b8141cb,alectinib,1,1,2,0.23194458810261032,0.19372122521353471,0.5743341866838549
1ba8816f528fb37b8d8c46de637b876be836853c,opdivo,3,2,2,0.2224972544624687,0.25642079954517516,0.5210819459923561
eaf41443c3d4f9af5f7ec1436e1588eb348df568,gilenya,3,1,2,0.13423413620414662,0.2799581992899971,0.5858076645058563
8c5f2c437a370278c997c6f79d70cf5fbaf19679,humira,4,1,2,0.127726464913311,0.23998523282482276,0.6322883022618662
a4c97e482cbdf87e444ec6ba9e42e5e10b68e78d,ocrelizumab,2,2,0,0.6182282791244553,0.21372567441719528,0.16804604645834945
92ff5aadd921aef4a3c49f0cec9eb87ed5168f73,humira,1,2,2,0.16450176880635184,0.23382252203164322,0.601675709162005
5334b4fe91308cc7750aa49d034b878c03cbf249,alimta,3,2,2,0.2973625474761445,0.1903326626617531,0.5123047898621025
5e18da434eefd65a62f445628f52b755e158499a,nivolumab,4,2,2,0.22342448050337457,0.17334492206524965,0.6032305974313757
017c61c8fa25c2e960b39e61e900de813327918c,gilenya,3,1,1,0.11141545573092916,0.6335911898567561,0.2549933544123147
b2bcd421c7bdcc69a537184240575be9949724f3,ocrevus,3,2,2,0.2227463524406608,0.37384857270157384,0.4034050748577654
2713b5001e441d7a13756eb8dafae5f0ce78ffb8,entyvio,3,1,2,0.10027709189661213,0.27293155972896466,0.6267913483744232
eaba3e1fd048c28bfe5971cafc536a74086bbe3f,opdivo,2,2,2,0.17234298339528373,0.24438801390106618,0.58326900270365
e077873dc95f309b8765c3d1a303be50012c1eee,cladribine,1,0,2,0.21509408059039953,0.08761286528906422,0.6972930541205362
fabb7768640463af1c10740c526744b878a4f7a7,cladribine,1,2,2,0.3500634694641635,0.13446066862823597,0.5154758619076005
c2f4e6305d67d802a4dff26ef8d609a48e20e721,opdivo,1,2,2,0.19219887594270826,0.23212221778829123,0.5756789062690005
d82322870d363d9a552c7058a8dc4b36fdd9cac0,cladribine,0,2,2,0.1807869950016129,0.246544715694999,0.5726682893033881
8e01a1385377659a72554296c0223806dd2636cd,remicade,2,2,2,0.10028450848000674,0.16842961775242268,0.7312858737675706
c079ca9bffaef8eebb25184a46c7272c79fdff7c,ocrevus,4,1,2,0.2778903379174866,0.2712052565674647,0.4509044055150487
d05658f2d94fd0c9c2d435d810480ba514b43567,remicade,1,0,0,0.4913742602221291,0.2367340737311317,0.2718916660467391
410a94077ea4738d132cb88730bb321599404bc0,ocrevus,4,0,2,0.3529329655619893,0.28148004629489476,0.365586988143116
84ecf100ab586d0c2fd8ddf93588cf85190785c5,ocrelizumab,0,2,2,0.2518706945878335,0.10266144570776543,0.6454678597044011
87b6880305e891b07f38d1020e634ea692e0033c,ustekinumab,0,2,2,0.1373431544253468,0.11120198559292678,0.7514548599817265
8b8a684c7128086ce69017f1ea0c1a67a610b636,avastin,3,1,2,0.18521037801073564,0.4063496992215821,0.4084399227676823
fa1a02a1f3cd826b813846d96e6a7b207e6477fe,keytruda,4,2,2,0.3856326827480931,0.1331159304176376,0.4812513868342694
b14d9dcb23c1198f2b4dc7ca344262facb071fff,stelara,2,2,2,0.15723709007199585,0.11554878359096399,0.7272141263370401
8cebc867de55073e2e00da908665ba7b19d777af,tarceva,3,0,2,0.22698496711010638,0.31478389377838367,0.45823113911151
4e1d232d0efe86195cfd9ad44fbce6b5e24d640e,tarceva,3,2,2,0.27529273103709945,0.2580565596019538,0.46665070936094677
d4adff12931a80754d0033c8d09567aa6a1f6c88,tarceva,0,1,2,0.18825421715349952,0.23444974472389737,0.5772960381226031
0d7f32ed1303ce1e8e437f53425075d76881ef87,alimta,0,1,1,0.23361685098570115,0.5555919670540509,0.2107911819602479
74b91914ca3763800ab40b1ceb3d04ca0fbc5d06,osimertinib,2,2,2,0.26326482917738836,0.11692098240129567,0.619814188421316
c9e0ab146dbd63b57533660c49af66c36d7fda24,gilenya,2,2,2,0.24692775573412482,0.24386496624806303,0.5092072780178122
cd961fd8609c4b15f4bdcd71699ef5248953c23f,ocrelizumab,2,2,2,0.25768672721454805,0.27933678934639994,0.46297648343905207
5397ee3cb6754d4dad53867d4832b20626094b30,xalkori,2,2,2,0.33273858291935254,0.20341239028498528,0.4638490267956622
41afb2d7c9f6066256d0a046a9d574e8e8651f9a,tarceva,3,2,2,0.1916921079771519,0.24986370868340346,0.5584441833394447
bcde36ae8d62aa7184d4227c300cbc776db57ff5,gilenya,0,1,1,0.23745176252784753,0.48901740526571974,0.2735308322064327
09f87cf5015c4cc5eaa1339d8798ecbe1365a7ad,cladribine,3,2,2,0.2449065321676174,0.2647336859441057,0.49035978188827695
fffdb80f7a644eb083d37c8314e893b069970957,ocrelizumab,0,2,2,0.35082019884943483,0.21444800840647085,0.4347317927440943
965ecdbf6adef73852e4a50a94cb485f92d6622c,entyvio,1,2,2,0.10481049076563155,0.1982884786911385,0.6969010305432299
d3e09130e0b392f9cc153931fc28c0117c17ec96,gilenya,1,1,1,0.34010333855308517,0.41031480483203475,0.2495818566148801
834e8a9d18558322b8a85fa12d6a4474d7133faf,pembrolizumab,3,2,2,0.2661459495476913,0.17447498174896678,0.559379068703342
e54c9a6be419d073ac93fa9cb13a8c0dbf4c0691,opdivo,1,2,2,0.253951758513287,0.27851678572937927,0.4675314557573337
7e13c660cd3fe4fa47e4fc88b473e759c9d158d6,eylea,3,2,2,0.2208030574816026,0.21809744509015405,0.5610994974282434
566ab21e1723fdd4f5c2ebfe4cbe03f369fca411,gilenya,4,2,2,0.2054509089398367,0.3276445976552645,0.46690449340489887
0a650af0a45d50652ed9ee905c090d504268baa3,remicade,1,2,2,0.09503048694919222,0.09415848388191773,0.81081102916889
fe8d35beaa8e4db10173bdf6c477a11a333b7fa4,cimzia,0,2,2,0.07577315998240354,0.05046902736858997,0.8737578126490065
dd4203715ab13416f6d05beeb63644a1f6126fb4,lemtrada,1,1,2,0.23314188482082498,0.3531554644692902,0.4137026507098848
eccd5c07671d18ecf6f8078d3890d265479e76ec,tysabri,4,2,1,0.21103564220917612,0.427315731923275,0.3616486258675488
18c7fa7c4d43d65bffa096bdab45e1cc24943d0a,fingolimod,4,2,2,0.05643950793093472,0.061298302923810076,0.8822621891452552
541110eed28c7a981d26bd5315cb3be55d6e1287,ocrevus,0,1,2,0.214858942435785,0.20067334718656296,0.584467710377652
d48907991862696be428738e454b9f866b852d4a,tagrisso,2,2,2,0.16798567223419378,0.244870289862561,0.5871440379032452
fbcc6d9cfd11810a0b3e2e24e61970c5797a49e8,gilenya,0,2,2,0.2984066604344482,0.2429841469392195,0.45860919262633243
a9c015430158360a0c7d3975f9947b40ace4c545,ocrelizumab,0,0,2,0.3651656565214375,0.23784995342312018,0.3969843900554422
0dc645467d4c89fa51d71a9c5973c021ca20f509,gilenya,2,2,1,0.23018234666854342,0.4176139200527323,0.35220373327872423
d819e101c12ed494a341423764440aa0b5f7a381,cladribine,2,2,2,0.194550892590797,0.249261154984985,0.556187952424218
93b243fa4d0d1ba0151548ea26b24c366d60c17b,cimzia,2,2,2,0.22324897124547663,0.18446631928556406,0.5922847094689594
5a54a3a6b6da94ee863b07574f61039979e533d0,ocrevus,3,2,2,0.24983901510287188,0.17478750358256637,0.5753734813145618
8976f6887cb091d57273594ef7b73b7655264ccd,tagrisso,0,0,2,0.28597996016278,0.1454017852299276,0.5686182546072923
6c4e5681371e1a4d93ea8664cd227f227702ed64,stelara,1,2,2,0.3067725692152767,0.28799136865896835,0.405236062125755
e440023791bff7878e6a602a6d4cbcbeaf1429ee,tarceva,4,1,1,0.08751048969498265,0.663933529294716,0.2485559810103013
fa192ecbdbeacef81f8a5fe173388d3779041db5,avastin,4,2,2,0.1972827062439715,0.33035862414837325,0.4723586696076552
0b20ecc4cf4404ac98991a520c5cb3fedf53ce43,gilenya,0,2,1,0.2431462010382188,0.5182062786118976,0.23864752034988354
5eecb396c704a7ce1f4084c9741ef67e90e15129,humira,0,2,2,0.17574901473322474,0.13319208295604743,0.691058902310728
53239457fa2e8fd70b07ad2c0d5c19cc4b61432a,ocrelizumab,0,2,2,0.287757949213124,0.15635137283438044,0.5558906779524956
22032ae5f8f3d8ebf27cef1ccb246c61d3c5021d,siponimod,0,2,2,0.20529787076081818,0.3250938830074341,0.46960824623174785
b75bce30ff9195feef4007d199bc66c14e6a2b8c,opdivo,3,1,0,0.3952555035329086,0.23286527796806022,0.3718792184990312
70bb56bcae36a01ed3d9a610ea10ba6afc6cc968,tagrisso,1,2,2,0.28020636666527216,0.1360863445223609,0.583707288812367
eaacee83a2552402a3c3631ba9a145d157d86e49,gilenya,3,2,1,0.2463073449528928,0.593327115256365,0.16036553979074222
6aaa08c281b3ba6f6b83894048138a60a5b19cf1,vedolizumab,3,2,2,0.08236774614597915,0.21983613543274413,0.6977961184212768
329d35b80b9506f9438b5dfe7d8bcf83223da32a,remicade,4,2,2,0.23159740519118172,0.30841052219691606,0.4599920726119023
f8016ad2441df0e35a72982dbcce31781788e62c,osimertinib,0,2,2,0.18589925354738523,0.13141582252776923,0.6826849239248455
ba1623d71a61e906cf489b86c482df5befd0b4c9,ocrevus,4,2,2,0.09332696039693412,0.17544885080764697,0.7312241887954188
5d9ce55e58ffc9a4a8aab227458d350c60f66ce7,simponi,2,2,2,0.09170250132966072,0.19222729807259986,0.7160702005977394
90d58c046e5b7e9095f6b8d919bba22a2b58b480,humira,4,2,2,0.25883367388447553,0.194532605182447,0.5466337209330775
7ed98265f2f6e7d7eac5bb58ee708b3bafd15fc1,gilenya,4,1,2,0.12137466543495837,0.15300374915843432,0.7256215854066074
fb4276d8bad2e57d96f5e7b84be5aa4597535946,tarceva,4,2,2,0.24076037311822523,0.30814187627964007,0.4510977506021347
cf3ef023f30502820242d5b1c8c0d5cd2d5815ba,ocrevus,3,1,1,0.17471133087134624,0.43270113916962444,0.39258752995902924
a8876064cde1baa6cca0fee777cfcc9ffe4df389,ocrevus,1,2,2,0.1439856372819093,0.14400876783719752,0.7120055948808932
e2428b2a88a7f7c96d2589b86c478fe86b5ea0b0,gilenya,2,2,2,0.0618769935617735,0.38876891431431543,0.5493540921239112
98f33eec3a5d08a2722a2c3e011e7ab2e1096efe,gilenya,3,1,1,0.37796129671339923,0.44216139765836254,0.1798773056282383
b437836d3dd17e0e8c0c35ce2b482cef8bd7776e,ocrelizumab,1,0,2,0.31700374535066794,0.17118762245871988,0.5118086321906121
9c3c72e165c760055a4ecb16b793b73e5b437600,tarceva,2,2,2,0.125811055183468,0.10772456347662128,0.7664643813399108
3ec068684896020b28309b98abf9d86518404190,gilenya,1,1,1,0.15099260534521908,0.6270398461192335,0.22196754853554737
1a3dffd963a7f0aa954f5b56b1f83c35a6a3a032,tecentriq,1,0,2,0.320844214988571,0.1540899120125376,0.5250658729988914
7be85483bc9e48e3fc2673dffdf0b2b67f7ec2ce,gilenya,0,2,1,0.1577279616922798,0.5543541401855249,0.2879178981221953
b99f30b5a448c9063469f2c8b1fa0221ab570532,gilenya,3,2,2,0.17404121440270123,0.219200531439734,0.6067582541575647
b40efc9469cf810cd5c2758bc31cf52f9db51402,cladribine,1,2,2,0.30150356610243384,0.34082456320311094,0.3576718706944553
88a5df7db420ed3503080c9eda9f63241920b6eb,remicade,4,2,2,0.10227594075356956,0.2747703984538567,0.6229536607925739
cab4ec0e17d5a43274a0d28b9deb8aab92519e0b,gilenya,2,2,2,0.15148402488870052,0.17721039545489398,0.6713055796564056
7e257fa0af9149af4beff94fe5045ac3160efc42,tagrisso,2,2,2,0.14281459337607907,0.1480487341464686,0.7091366724774523
01bdfb48de0f59ec24ec6b51825d22eb851d45a9,eylea,0,0,0,0.4667261771855539,0.15262700294120335,0.3806468198732428
9514e21bcb9ddfce7c8c0742fe8813c31dbf9e96,inflectra,0,2,2,0.062292243142895644,0.08068097462391718,0.8570267822331872
6102104257e7e1c32fa4c7a85630142c7463688b,tarceva,4,2,2,0.09566037014237687,0.19828610219094753,0.7060535276666755
eedc32bc111fe3c2e9a7977a47b92f0e6374697b,remicade,2,2,2,0.34885204723242436,0.24713900389021518,0.4040089488773604
f13b9f2088799b075bbc83c226529a845b790246,tagrisso,1,2,2,0.1856664571387666,0.2516245250925354,0.5627090177686981
a4cfb34455829595765b342adfe6087d066bc912,ocrelizumab,2,0,2,0.28332720132680667,0.1647543264991718,0.5519184721740216
fd56d10651f441926deadbfe01b39653f9dc38d2,tarceva,0,1,1,0.10054938217087134,0.6364865302547595,0.2629640875743692
b857b23cfeebc06467b7bdb0bea9c81095158649,gilenya,3,1,1,0.12938716554497875,0.6036639501933213,0.2669488842616999
c39858a812c565182bd7e0cf08648de9dbe1f4cd,entrectinib,4,0,2,0.3380816692604967,0.12624618087803915,0.5356721498614642
113feb8047385de04ad171046132982649f393c9,remicade,3,2,2,0.21558817471429698,0.2117014203788013,0.5727104049069017
0a9b01c3fb9a6a98fb5b77459390f33b3e8ebca5,gilenya,4,1,2,0.30073223083460504,0.33844978433224,0.36081798483315486
bf7926f93d634b54b56e0fd326922657712add97,keytruda,2,1,0,0.3771983100733821,0.31200036225283323,0.3108013276737846
6869959ac853d9ce7db11ec1b2378d682ab0d6b7,ocrevus,2,2,1,0.26791497594910824,0.3735273246900412,0.3585576993608506
8e42d4ac157623ba591874f4c0e0e96ab5389898,yervoy,0,2,2,0.10216442803889027,0.09365255095688768,0.8041830210042221
ab6b19679b1cfa99b6ae9c1df218cf84925d15ce,vedolizumab,0,2,1,0.20318470180704998,0.6125904568875745,0.1842248413053756
d4f6371cfb4953e4c56fba8ea210aa1525e7d3d4,fingolimod,4,2,2,0.10249188206308785,0.13025136011312302,0.7672567578237892
c462ca466331b526657009da8dacf07624ed80f1,ocrevus,0,2,2,0.1606112676954455,0.35934698129088044,0.48004175101367413
06f01806a778e88308c260c7bc34e9e39d1472f9,ocrelizumab,3,2,2,0.25512176099623657,0.2591467497860828,0.4857314892176806
21ab5741b237cf2644ec6067f38fa6464b416134,remicade,4,2,2,0.28222924822697526,0.23804537242799184,0.4797253793450329
1139a68b32a751b5028e738f6b78573a76939617,ocrevus,3,0,0,0.6381209351689594,0.17004697628619395,0.19183208854484668
9920ae2785e4ad0ae2378cd620d2b7bff908bd5c,alimta,2,2,2,0.07293121379015814,0.17766724980301785,0.7494015364068242
15e2d9fa6ded35f73333bd10ba4c62f2c0c44986,ocrevus,0,2,2,0.23142404246991116,0.224769519606391,0.5438064379236979
d8e2fdc5e9b4742845f575de35c43c7c6280eb27,ocrevus,4,1,1,0.24323683218734649,0.42881319720927097,0.3279499706033825
1f50ecdd4c67348e80989fe13e944116f1f748c5,ocrelizumab,0,2,2,0.24414284013823467,0.16843540903582702,0.5874217508259384
956b2c743d34d6f9b46cacd7b5063e58f73463e6,fingolimod,4,2,2,0.34658301860758284,0.24112435285132572,0.4122926285410914
b89bd6b1b46b860897d78990229f0d43a58477b6,remicade,1,0,1,0.201222416416117,0.5623105871082239,0.236466996475659
8e2599e3a55945656be316503fb4b44d0d80fd07,gilenya,0,2,2,0.263787527839444,0.18646736569267944,0.5497451064678766
2342b69360e488cb5b00fd844c836635dd4150a8,fingolimod,2,0,2,0.2520039144172652,0.28634864215264677,0.461647443430088
5daf7d083694b1169f2fb58798556783dd4bca38,ocrelizumab,0,2,2,0.19831099809213595,0.1557441589794195,0.6459448429284446
05f7c59f779f173c4bbae6bc2ad61da759a55276,gilenya,4,2,2,0.10928560220511721,0.18596456371206213,0.7047498340828207
287334040fc3d12e370ce681132a80867d1e142c,ocrelizumab,3,0,2,0.33420303015980196,0.15911245884388925,0.5066845109963088
7ac3abf00beea087a5f44f634c2e707996b78b4e,fingolimod,2,2,2,0.17088191557038668,0.16377864624379598,0.6653394381858173
f429ee0e159ec170d4af7857551ed393065fe503,humira,2,2,2,0.27808979417671326,0.14619810640505543,0.5757120994182313
15451606885b249ddc587e2050db11979475ded2,ocrelizumab,1,2,0,0.54945751485857,0.19300774201537785,0.2575347431260521
60f49869a8902096e269f5bbde796a6703a95016,ocrevus,3,1,1,0.19276171450095617,0.5425574306365285,0.2646808548625154
69e44112f335bc9f06508255f2f66e2a42f60dca,ocrelizumab,4,0,0,0.5015593352969951,0.2112959963143507,0.2871446683886542
e2558d71bc5bc969ee3ffe986d39b011ef1e2536,vitrectomy,3,2,2,0.1352232157208472,0.25527328228907176,0.6095035019900811
6e358fbaa70385b574c12f32a8f88bcdfad69cef,ocrevus,2,0,2,0.17617413289929298,0.2364083938961358,0.5874174732045713
a8944c1dda45c6389c8e338e9ad2a261ca5a3656,entyvio,4,2,2,0.07890781287189684,0.21559579812510443,0.7054963890029987
39cc0725e94074780fa009652890151a4494722c,osimertinib,4,0,2,0.3736404663710584,0.16496192584696628,0.46139760778197525
6f66340a68a92007758c609fc08559e68e5c1598,tagrisso,3,2,2,0.0787234156231582,0.10755353047155101,0.8137230539052909
ab6bd2cb114805bdd8a133e42d6ef1095c5da47f,gilenya,2,2,1,0.2769214983274378,0.5269570249474169,0.19612147672514535
d1852d586adde9a31b2bb104e171204209656159,keytruda,0,2,2,0.3231911066098215,0.15090104569904292,0.5259078476911355
de4ac1936a9d2104ce88bcecc4f670ac14dea9b1,remicade,2,0,0,0.4412465792930988,0.2547788322547969,0.30397458845210434
ce6a8ef37dbd81eeb8d5d770015384afd45fea0d,tecentriq,1,2,2,0.3026779523683683,0.09899680747651549,0.5983252401551162
6cd77940a491cd76b8a8d5d9909faa3fc70eaf5d,bevacizumab,3,2,2,0.11085637051517055,0.07939439969471353,0.809749229790116
2726ef75be689f3f346577b8399e039bce453be1,gefitinib,2,1,1,0.2744929941133423,0.4491452527280542,0.2763617531586035
833030bf6a633fe1350798c436c692407c9d2daa,tarceva,3,0,2,0.2454428832611118,0.2530864034563058,0.5014707132825824
07c6c9ef05f33d5fc489aed446fc807ecda53e75,entyvio,3,2,2,0.33100777452678726,0.1298514103175891,0.5391408151556236
453da5cf542fab623b332fe683a6c740086e3666,ocrelizumab,0,2,2,0.33336769383109555,0.2841376540971324,0.3824946520717722
8faafb3007c55a520e9dc4550526096252751a38,ocrelizumab,2,2,2,0.3051562430253327,0.13746395298186823,0.5573798039927991
2af833e8918c60f3a7b43be9f0b56a34240180f3,tofacitinib,2,0,0,0.5260095288752715,0.1579874636299632,0.31600300749476523
96881ece9d63898f3048dc3c4296c9731bb3fcab,nivolumab,2,2,2,0.1862066542618415,0.2228170594147405,0.5909762863234179
a968821ff849f6df41384d41b0d82609633d4230,entyvio,1,2,2,0.1622518686249602,0.2529049906315627,0.5848431407434772
98cd021cdc5e88d4a0a779dbd51bd470bcad0373,gilenya,1,2,1,0.1717052540944674,0.5870502091584573,0.24124453674707536
f90971357019d421589d7e4b77eefa42bc94f664,ocrevus,1,0,2,0.27796861628781033,0.31247820843585067,0.4095531752763389
efb5dcbb78a7bed64385364e7f1c407c665278bd,fingolimod,1,2,2,0.19829481793857842,0.15137108417357448,0.650334097887847
404fa2f16d42dc5affdfe1ccc490e5aa7d7b28d7,entyvio,4,2,1,0.14699026482585065,0.4531670112181033,0.399842723956046
c26c87938a611997102a755dbd78e4b6d93a4f0c,alimta,0,2,2,0.18195735481928058,0.3420197684320567,0.4760228767486628
287089b951ca2176e8bf94e5d2a81a673c32771a,ocrelizumab,3,2,2,0.22635149456328427,0.21733802934383872,0.556310476092877
00ff5d5610bb9abd14c14fd2c6adf4cc1208d5bf,gilenya,1,2,1,0.13972185278098653,0.6338800443925563,0.2263981028264571
58369dba0688506c6359d0720f182ede697d7d44,opdivo,1,1,2,0.2210848330513164,0.3885947628202109,0.3903204041284726
3bac2e82bfdc16ab0d7752e204c5768de2b281b5,opdivo,0,1,1,0.19366595484472776,0.4208648639394745,0.38546918121579776
b6e60ef36974f35a089e5fc394176fadb7c17a4d,gilenya,1,2,2,0.3448508862550016,0.29228922270749663,0.3628598910375019
d40b4bc71ce80b315b52377a5b815c646219aa8c,tysabri,0,1,1,0.1508858253166368,0.5779162468225466,0.27119792786081665
5cda0e8a6d0027e6e9c3ede23fcaa47e46f19890,eylea,2,1,1,0.10663329650193427,0.5728866378550824,0.32048006564298337
069c35d4f97e9589b6779155dcba7bc7bd0b955b,ranibizumab,1,2,2,0.27085126990802577,0.139789711927164,0.5893590181648102
372c5c05529c3b634908dfdb59bc66e10e13e7ec,opdivo,2,0,0,0.5185067489167268,0.16805563840629587,0.3134376126769774
558eab0859c854e88236f77d90b2d425396d6fdc,entyvio,1,1,2,0.08955909060433906,0.1877563491090182,0.7226845602866427
b2f7a795c9c10b87bb837a6af278fd1ed01bc66e,xalkori,4,2,0,0.6243771447086147,0.15163802300481266,0.22398483228657265
9d7214509a76ab66ff36d5cce7e40358c328eeb7,ocrelizumab,1,2,0,0.41744956821118306,0.16645896931999546,0.4160914624688215
d9b4a88b51eccd0d6a53c94e3e21d960e82eaeff,cladribine,1,2,2,0.20893920331116342,0.31065365704352116,0.48040713964531534
ecc29ef8cce786d883959c5d8d95650e78edd1f1,gilenya,3,2,2,0.16625040098171714,0.2503606117683733,0.5833889872499096
1a1be15830cd465f0c29429381dce8ce519ffba2,gilenya,1,2,2,0.24387208399003144,0.36928749959166113,0.3868404164183075
bd71ef23f8d24310f6cec84e6ca0f7375f179e8e,ocrelizumab,0,2,2,0.3692051222168233,0.18046611130758655,0.4503287664755903
354d0c4f50f0afbf282d70e1e69fe4e5396aec3e,tarceva,1,2,2,0.047939496797443006,0.0895191604780354,0.8625413427245217
a1f210447937b94e1c8f46b53377caccaf982e0d,fingolimod,0,2,2,0.1656371920152148,0.3192249487254802,0.5151378592593051
688685924a657ee0613e5efe8956fea452dae83d,remicade,0,2,2,0.12996028451807415,0.4067771692822551,0.4632625461996706
25ea133d882088115c65fffc21170c9e38afce7e,ustekinumab,1,2,0,0.5671203522197105,0.11976628442509829,0.31311336335519135
7059cf2b9d85de996741686c7f7fa70a174e8fe2,stelara,0,2,2,0.13880796880302315,0.11995315470801057,0.7412388764889664
56c058c0f9ba2726e5476ee6fe283d4e9f1d8e33,amjevita,0,2,2,0.19651889949825205,0.21669926489953759,0.5867818356022103
751a5a4f8598ded94460a0a2ee853c6a8b07d236,ocrelizumab,1,2,0,0.48872151278664433,0.16574900743407478,0.34552947977928083
7d440fdcc6c47575cdbc7998d8229736c464d72e,ocrevus,0,2,2,0.3664843120000745,0.10414233795871718,0.5293733500412083
6287ac0cb080862157f9b11c8ba525da29c0f68a,ocrelizumab,4,0,0,0.4285603364697667,0.27061412220735115,0.3008255413228822
e3eff263a9e8624a2f9385f06f1e939e0bf8348e,fingolimod,3,1,2,0.09522056342884559,0.25638769679121737,0.648391739779937
b9d4124da9b74e23f91cf8ea0194e7dd57ebd9a4,gilenya,4,2,2,0.14667184035012523,0.3288069445909842,0.5245212150588906
211d4d964ae588244c7d061a93c0936e93142079,vedolizumab,0,2,2,0.24552510129277386,0.15898601996778647,0.5954888787394396
5c052ea7542fb29490eef65b005ff1af1f28b321,remicade,4,0,0,0.4188974280470394,0.3980335377314563,0.18306903422150436
1bbc7c6ec4b29d9e247acde3edeb69c4396a3763,ocrevus,3,2,2,0.14194349176204918,0.28053155766213406,0.5775249505758168
d24450065bf0e3fb6c6b903ea59669179b4588b6,tysabri,2,2,1,0.18022628970206955,0.47690276634698536,0.3428709439509451
ef3277c0a33e8a9217bf850eed221edad8dad524,ocrevus,2,2,2,0.12042609908694014,0.07568677465080365,0.8038871262622563
bd533fbe9a1719dc5dd58c0fab385db88e6332e3,ocrevus,3,2,0,0.46830201913216635,0.21449223526942113,0.3172057455984126
a58f2cc7d1854b0436660a3f58950988598e99c8,lorlatinib,1,2,1,0.33608375549858643,0.42871340415605036,0.23520284034536315
6eddc6aceedc704e6d84671fb0792a02b7f2bcd4,osimertinib,2,2,2,0.16799572079656802,0.12591855804057406,0.706085721162858
e7ee61c2ad370b3792f393f537b4a82b4a42660e,entyvio,0,2,2,0.22432384972844988,0.09579620286863084,0.6798799474029193
87f466b90429573e91508ec7f78da6b1f60ca807,cladribine,0,2,1,0.27073094625277927,0.3699841798098582,0.3592848739373624
163797cd18f49444a7633ee8a5e39a84e407c93f,entyvio,2,2,2,0.13089481307650425,0.37342925567422075,0.4956759312492749
a8aa46d2738e045ac367354c280876674aa0e9ec,avastin,1,2,2,0.17418413118715856,0.2846990564170803,0.5411168123957611
4aa5b7789afcc1a92a7ff14fcf9e9469e9db1022,vedolizumab,1,2,2,0.14549086203599718,0.10924702126509285,0.74526211669891
a2e14c2dcdc05abba6f0df99cd86c283c9056995,ocrevus,0,1,2,0.23749733333466216,0.273376036656366,0.4891266300089718
5a125f407fb91b05cbcd4afcbd0ddb98a23fa372,ocrelizumab,2,2,2,0.128970455786105,0.1421355814789435,0.7288939627349514
291d7efd5e51ad211dcfccace2883237bfc2cb4e,pemrolizumab,3,2,2,0.20417506587412335,0.2905872002984284,0.5052377338274483
8e45524fcb252ab50111725cdba3a7b8358d1cdf,tarceva,4,2,2,0.16888537062970976,0.29364555996444847,0.5374690694058418
47747c1f95b87910757c8a30fc47172348371485,remicade,3,2,2,0.09361474886276355,0.11375041834911048,0.792634832788126
439071a804e5a35d1f5c10a1364d7294c331305f,opdivo,1,2,2,0.2494215433425189,0.3680210855318828,0.3825573711255983
2f40e789f3ebf9c3179ec3805df2568e6f1cebe9,tafinlar,0,2,2,0.14446709827644097,0.17812864195707726,0.6774042597664818
d76d6445a7ca27f472970b0645449b1a7e02ae08,cimzia,2,2,2,0.09864922282816413,0.09698443803637274,0.8043663391354631
49339a8cf97d4e13a8329fd51ba47f306304f8e4,gilenya,1,1,1,0.16777474361312245,0.6543639904866401,0.1778612659002375
e508477a6400e08eafcfb9616df2ee11de289415,ocrelizumab,2,2,2,0.3158612175497439,0.18016829680650834,0.5039704856437478
32bd938e25cf56c6c9eada5f3f9e7d3e115f385d,gilenya,0,2,2,0.31395819996434077,0.301227499108415,0.3848143009272443
b406b5678700d86f8b5d35595cf87afc6867c3d8,opdivo,4,2,2,0.32701162444071347,0.24455717838347396,0.42843119717581263
c8b9f0a1009830f3f68f7e484bf63236ee0118a0,tagrisso,4,0,2,0.23127728652589352,0.2131737347951242,0.5555489786789822
87a508fca7acbcbbed956106ab54d2a83d09fc67,infliximab-dyyb,3,1,1,0.12551341758668288,0.6211541365302734,0.25333244588304366
33062675eddfb16dde80f16f8b575230cbbcca86,keytruda,1,2,2,0.09665469609037664,0.11951114789340843,0.783834156016215
1ad116350812d402e61f1a90a6c6f27268003fc8,bevacizumab,4,2,2,0.3481379247854922,0.1662214694055596,0.48564060580894824
1927a4dcf155c03481e797ad5f18ae6720c34ef6,stelara,3,2,0,0.489907295379822,0.16541134334686095,0.34468136127331706
a321e238249466bc9bdb87e72c156e71a95f6cf2,stelara,2,2,2,0.21574558815259537,0.24098437220304383,0.5432700396443607
6f16295271258cdedcd53b35622f91f8632fc1a4,gilenya,4,1,1,0.20053017071668577,0.593527202272892,0.20594262701042215
5883343e78e3d6385e3c0278d54cda9972b9aaeb,opdivo,0,0,2,0.2984710853204573,0.2632620463080554,0.4382668683714874
ac601ec324047c9ff460c8ec29aafdc1fe9c4d2a,opdivo,1,2,2,0.1605689765733308,0.11454850555048117,0.724882517876188
0488f5fd386db84069caefa085be3e649e0efdb9,keytruda,3,2,2,0.1585057877650033,0.3608058917351751,0.48068832049982163
d2052e2febe4b7e3d6519e2a6fb0beee8ade5de6,opdivo,3,0,0,0.39856805118570665,0.3114366123369618,0.28999533647733156
36a1aef57b39ab0daf8f94fd14bbb0090b830552,fingolimod,1,0,2,0.1001804003628484,0.3124020758300391,0.5874175238071125
2fe43e36197bcc7559c5b5e1fd1ddd31b8bc34a6,opdivo,0,2,2,0.14526992427648294,0.15213124638698725,0.7025988293365298
6047759781e1509fe9fa652bb9977ae3b970a9d7,cladribine,3,2,2,0.34920367807067776,0.14344464282774505,0.5073516791015772
8813433d0a95e57b21342fa14fb0be6c14da5d75,remicade,0,0,0,0.34976496005225793,0.3122397554398525,0.33799528450788957
6e920a5e4af27a364679c7aafce97d8c30c385d6,alectinib,3,2,2,0.2887912853491475,0.16808399815056443,0.543124716500288
c6d6a33f528cf8d40ae29f61f0a15a724f4a7de9,entyvio,3,2,2,0.2097347541830337,0.25429424713130105,0.5359709986856652
d74ae499513c224fc4fae9deff7dd68dc5e46d05,eylea,3,2,2,0.14886083654990687,0.32664867034327716,0.524490493106816
fca8e7b26c72d7093f596cab0fdba15b88ff3c5a,humira,0,2,2,0.2647342037061621,0.20092896565135343,0.5343368306424845
7f51404ab557584f0ecc7b9c47963464464f74b2,ocrevus,2,0,0,0.6874409884899637,0.0953471346666555,0.21721187684338092
a37e6605221ebafaf35ac922ee85834779b3bca6,ocrelizumab,1,2,2,0.20049173154376726,0.19507127752818915,0.6044369909280436
b0843bffaa9dc766b3916c9c469147c73bafc00a,gilenya,2,1,1,0.23395639504207644,0.3906546124072924,0.37538899255063113
9d9defb3e01c4924796cca4bcc06998953d0a1f4,ocrevus,1,1,1,0.26969133744449125,0.535412985281761,0.19489567727374785
9302bf537eff97c9ebc79ba42af814c815a96ed5,pemetrexed,4,2,2,0.11906189589517654,0.04975362312489303,0.8311844809799304
f800829a8e7747a471488e87e0a113cb05955f6b,opdivo,1,0,2,0.1713515130075042,0.3031484961065658,0.52549999088593
14613c40389fcc8bba7c2051f09874d7b11e8dba,ozurdex,0,2,2,0.18784788279469244,0.2922423261810301,0.5199097910242775
1e90e7a482b8ee37ccb21e7e0b02fba71b500d64,gilotrif,1,2,2,0.19017610862242085,0.1823439778486786,0.6274799135289005
6c9f7771c4dc494f70fd5d5ae67be988129c1c3a,gilenya,1,2,1,0.3312919492838101,0.3424768936729795,0.3262311570432104
88dc30a1765546f59c2e0a3d80522370b95d10ff,cladribine,4,2,2,0.34909221421995895,0.12449752271869062,0.5264102630613504
9a6cb3ecbb8650861b8f21b54c8f477753e04146,eylea,4,2,2,0.38452907521366403,0.16974800117213906,0.4457229236141969
22290a7703eb2dd2b2e698417e0811b7a8324d5e,durvalumab,2,2,2,0.16820829591594438,0.11181709130427714,0.7199746127797785
20cab387ff476855d0584ec8747a648f80796e44,humira,1,2,2,0.10776823769077475,0.21773971144391138,0.6744920508653139
2858b60eed9463249def51b29305ce1845fd72d2,opdivo,0,2,2,0.2924601255004632,0.23744416776383281,0.47009570673570394
d10c028816fa64019c4119d2da8a61155bb85abf,alectinib,1,0,0,0.5052395577660637,0.10781354579111396,0.38694689644282243
ef4051c85c18ed2aa2e8963eca0814a82fb2fd87,gilenya,0,2,2,0.22776665467334276,0.230257619810985,0.5419757255156722
b9c51866c6af8a43a6d7475fd0a74e1c8e9d611f,keytruda,1,2,2,0.20525050876050388,0.21479147605823162,0.5799580151812646
8001c8d2bb38652d7ac27b969688bfa7364aa269,remicade,0,1,2,0.17553680846878622,0.2553689097893229,0.5690942817418908
eb4cf6fcab6a6afcfbeda51925bcc8cbdbeba388,ocrelizumab,0,2,2,0.11684915649740345,0.0861401033915747,0.7970107401110218
195e4b24b05fbf361a804d5b44f3333c323b0ab7,opdivo,3,2,2,0.21907741041739698,0.3197993147767171,0.46112327480588605
e654cc4b9cf1c0da5bd851dea8c5340a69a2522d,tecentriq,0,2,2,0.35232797543328404,0.1786446769691615,0.4690273475975544
8cdc7a800a4f93eff6fe92df652ec1a54d08cca8,ocrelizumab,0,2,2,0.15954602442468488,0.1250777634464418,0.7153762121288734
b1ed1d2893dab4c2e6b6c72c220300b53f5eb83c,gilenya,0,2,2,0.32592287652415,0.23069094093628584,0.4433861825395642
865255f215ea33d9c1bc5a4517207b8a9a14bbc1,tagrisso,2,2,2,0.2098434537472694,0.25533161405900884,0.5348249321937217
3097e8d96490564b8828c0c78d8bc68ddde92c95,entyvio,2,2,2,0.14776030875133692,0.18285736043321582,0.6693823308154473
b623f1363ec20ef89b2e78bc4b9ccbba84d275cd,entyvio,2,0,2,0.19214628407499598,0.2939449393478013,0.5139087765772027
a10b9bfe0227807a55508faa7f3c164f07f54671,tarceva,0,2,2,0.1603511479540943,0.23401000885875636,0.6056388431871493
6434504433fe1ad5c53f3b5b3b70dd3604d3e4e6,tarceva,3,2,2,0.346172597699152,0.2201780061888075,0.4336493961120405
bab7d06d87ea17988a10be5397fe330a9bff8329,gilenya,0,1,2,0.15063535659923574,0.37887051648289505,0.4704941269178691
f8cef902c94837c825a60c50fcefda4fda54aca9,bevacizumab,1,0,2,0.17017659380206426,0.19079478133068484,0.639028624867251
409cdee34419a0044cd39273ab90766324152a12,gilenya,1,2,2,0.19676913010458394,0.2778356957662333,0.5253951741291828
10efa2683ee3aa7160b73ca15ccec4f9bd300e54,humira,0,2,2,0.06800186004098782,0.16671289905100417,0.7652852409080081
2c30b84b1801da4c20ba9cf3e995c71cb56a3404,ocrevus,2,2,0,0.5237398020907604,0.09814142280786714,0.37811877510137243
9038ac8b522af6659f3625565d44aa062bbd3ce8,tarceva,0,1,1,0.10401414127534696,0.6560526263621969,0.23993323236245617
630da6f356b8dbde516aa87308851b14ba324813,ipilimumab,1,2,2,0.094959226220486,0.08105287457467751,0.8239878992048364
099092ce4dbf27189903f2676872b9d5275b5266,ocrelizumab,4,2,0,0.36197333846587626,0.31988204525488567,0.31814461627923807
598279e0c207803e0152597dd0cf26d5d7b9de7b,alimta,4,0,2,0.13468073050631174,0.11619941453699528,0.7491198549566929
3b9de1e9c5ea2d227b8a943e42dbbf8c446ce256,humira,2,2,2,0.11195529685180178,0.24986133561304014,0.6381833675351581
8d887d9d2fd8294f6400bfb18db4d8a4a1e44b8f,lucentis,2,2,2,0.14129115883003096,0.2861370227268091,0.57257181844316
c450448fbe78858cf6d6b6b90452a65203747b78,remicade,2,1,2,0.16078868091397838,0.2275296309997218,0.6116816880862999
089581617ad59674a703f0e6abf220360cbd9287,cladribine,1,2,2,0.08134794737922019,0.07808165251868751,0.8405704001020923
d49a6755b5724f92e550d268cb5e8a1f84ecc2dc,remicade,0,2,2,0.29852040902281807,0.27175290275610786,0.4297266882210741
47f49f3c84e2c53edbaa690bea7976b671dc80ff,ocrevus,0,2,1,0.19299798869599866,0.5493359116060368,0.25766609969796456
55ce12c2f5fa7d9cf1d16d845d0fa9b862f94f40,ocrelizumab,4,2,2,0.279929175200008,0.2075563645112426,0.5125144602887494
c6344d8c08e8649b6d41809c0f326bb1a8d7dd32,gilenya,3,1,1,0.15875053416274226,0.7379261660836848,0.1033232997535729
107ce722a76aae503fbfa995a953f9efa3c022d0,keytruda,4,2,2,0.20243227836984853,0.10388824518476453,0.693679476445387
04b10a26f827d3808f5dc5139c5f76b9287956e5,lucentis,0,1,2,0.2131082214521512,0.34767016660591776,0.43922161194193104
dc8373323f924becbf188f032f485db40f6da5e8,tagrisso,0,2,2,0.2364605439546935,0.1700613708328826,0.5934780852124238
aef3427defed2dafd383203d34c00f48f9477df3,gilenya,1,1,1,0.22395524881236314,0.44293337508857794,0.333111376099059
080c3b9f551ef821c11bf4f88df5c61087d6827e,ocrevus,2,2,0,0.41765768061860997,0.2056840425841852,0.3766582767972048
e6ed6a20fd8c32e0d3c34501f3da8d6e1eb9b8d1,keytruda,1,2,2,0.23293842200059653,0.377826650244719,0.3892349277546845
d9757936c72356f866ec14288198a53742c11db3,alectinib,1,0,2,0.3214495339715573,0.13144079463550465,0.5471096713929381
2e97cfd8e25c65a13d7b610918ca432cf3a39689,ocrevus,3,1,2,0.16238101710871003,0.2366870045555812,0.6009319783357088
7759bcdcfc31b5f66bb6e41ad06a87291d9bfcf8,ranibizumab,4,2,2,0.11218777977067902,0.13513884841637208,0.7526733718129489
69aa9ede0c06d40ee618edd1e1c67699352e8a36,gilenya,3,1,1,0.09823699893518618,0.665575637130007,0.2361873639348069
31257fe0de8ef15eb11d10e47f8419068a6acfd8,humira,1,2,2,0.12755870574229744,0.30153137929584883,0.5709099149618537
3c197505a473218960e42dd7392fd93594368a6b,simponi,4,2,2,0.08011875425518045,0.1472949153890242,0.7725863303557954
5b60c9f1b024f444ea9613d7df9756fa56f0604b,entrectinib,3,2,2,0.12144590541970625,0.10313373301976374,0.77542036156053
111b079c7c39790ab8a3841dc90f707f5b6b2dfc,gilenya,0,1,2,0.20601156909621243,0.30773948421970193,0.48624894668408564
8fb4c2669576f6dc5c691872419ff1a7586e9396,dexamethasone,0,2,2,0.2762220593708274,0.21487582500098432,0.5089021156281883
e6bbd21c19d456ffb5271131ced1ec80c961f6a9,tagrisso,2,2,1,0.25073843835091375,0.43692436982056704,0.31233719182851927
57ff7be0e095d95cf78d79e0098bc201d3587e1a,keytruda,2,2,2,0.21957436822895338,0.37863068370040276,0.4017949480706439
b9b6b733cc90e8435fbeceeca4f0dfe74e37c7ab,avastin,1,2,2,0.17862283158134595,0.20314702426049963,0.6182301441581545
a975a53feb1be329e3f5261a69f8b9d75e3b72b0,ocrevus,4,2,2,0.2948845558778521,0.28742106577382665,0.4176943783483212
516facbe0ff9317dbe9630dae1ce02c7a51bc37e,opdivo,4,2,2,0.24344619580281102,0.32348396672164603,0.433069837475543
c40e3d8dcb2b23177b5b9d286f83a3e1682d6f7f,tarceva,3,1,1,0.14243936590176656,0.5032701926148825,0.354290441483351
e42c170beb82b1f8126a005296f330791fe742d2,gilenya,2,0,1,0.22996415208295826,0.4945888363643,0.27544701155274165
1fc27ea87cf1a65c09c688e1f5b909cef1a4bf36,ocrelizumab,1,0,2,0.3622538653471576,0.16778933314064565,0.4699568015121967
313ba9aa620645d1c1c4c69d510203d0725c6d52,ocrelizumab,2,2,2,0.16858746239154676,0.3574749962113331,0.47393754139712
46fb8f3b09616e566ca7f1671d66054bfcbeeb52,ocrevus,1,0,0,0.5695727787543428,0.10025764830676692,0.33016957293889027
16db4c3b6a63272e508bbf74d444dc10ac0fa7ca,alectinib,2,0,0,0.41357799037509674,0.24491706710316088,0.34150494252174246
63f724309ead4595ca04d8373bb087fff1ef5ea6,tecentriq,3,1,2,0.2611169706216162,0.32993686825560076,0.40894616112278304
7c50bd254b44df4cd10ebc7e752ea96db09002db,remicade,1,2,1,0.1739810238875493,0.7132197639992386,0.11279921211321199
53b2fff451cbe92b96bf7d63ba06591080b20f7c,ocrevus,3,2,2,0.24813887955342367,0.16249678348204424,0.589364336964532
5b6155f9ff5255f818229696351e7fec48753f3d,ocrevus,3,2,1,0.14910145670243938,0.4936041920325154,0.35729435126504533
a16b393d50b22be4be22e6a1af68d6bdef668f4f,tarceva,3,2,2,0.10247448580112585,0.19616069936020838,0.7013648148386656
04da10addb6063879fff92faa05d71cf928fe15d,fingolimod,4,2,2,0.15185741972332326,0.2033842192842492,0.6447583609924276
67a405445e3e2141895ca34318da9a02e9c2dde7,ocrelizumab,2,1,2,0.21673632108918772,0.3350013637137618,0.44826231519705034
953aaa6f29a3d371fe663431f850c5c28766286c,tagrisso,0,2,2,0.251758663436359,0.1898060141976842,0.5584353223659568
a9c9d041a8e62ea52dcb21d6d6eb81f7275fba5e,ocrelizumab,2,2,2,0.2443899963399874,0.10519561678617459,0.6504143868738379
ecdb6e849d42c4123a828c344adedb9237a5e8ea,imfinzi,1,2,2,0.3404621933012273,0.17745431466587377,0.48208349203289896
21573deae388680b811119f069070ad7cf7d9051,fingolimod,1,2,2,0.24281246682597177,0.16536632108575094,0.5918212120882773
5b323874fd55367f28b2b39ea8dd65ea64e0f73d,cladribine,4,2,0,0.4415768481261245,0.2245305031330289,0.33389264874084656
4b19067158f7a7affce207c3718ea704af629c63,stelara,3,2,2,0.2520276244863342,0.19970142979336938,0.5482709457202964
9015d08e1cae3d01c87814cec4a040f805d5442d,gilenya,0,2,1,0.11031086466722095,0.6221682052293104,0.2675209301034688
d890e2033d09d2f1582714696dcc7b724de0b816,ocrelizumab,3,2,2,0.3567686748208332,0.18963040656528013,0.4536009186138867
a8c7cfbf2122d8dc956b4c5144f0928819b3ff8f,keytruda,2,2,2,0.2942311963097716,0.3111205403368959,0.3946482633533324
20f5f4d4de32f52030c060b1b8a21c38b179bdcc,fingolimod,1,2,2,0.1870554526937056,0.2878531101587922,0.5250914371475022
ac9177bfb2bc50594e4db01e8b7adb765f681bdb,entyvio,0,1,1,0.12508505957732638,0.46996415396534097,0.40495078645733273
c04019b186df70df6d5d2c7884044158a89af8f7,tarceva,3,2,2,0.1903456015795226,0.18517069005426215,0.6244837083662153
df429aef7e66f4bf7396d7b924a9dff6730805a0,gilenya,0,2,2,0.27689703312144154,0.1817988310942314,0.541304135784327
7db116a96ca9fec9921883ad4638e5cb09461ce3,crizotinib,4,1,2,0.11630812555221595,0.3130678433807551,0.5706240310670289
82eae8af7e25fd4ff8abe4b397af50f48694fbd3,ocrelizumab,4,1,0,0.4553475176625911,0.2913240617236987,0.2533284206137102
04ff110a7333b51617841148626d33402ca5d347,ocrevus,2,2,2,0.18769447263222752,0.1298459006452869,0.6824596267224856
cc31b543d3873692013c3599df87e21dc1825d93,ocrevus,0,0,0,0.3779773747886308,0.2819960879844184,0.3400265372269509
fc1bd5b4c71b36515b2d1b2c7ed9e218f48a9e39,alimta,4,2,2,0.17407463151000718,0.24300807908808103,0.5829172894019117
441c2691e050e2eab764252ce2c2c19c8b2e1fe5,opdivo,4,2,2,0.2113845486551256,0.2212547159663056,0.5673607353785688
abdc4058c2e80f0624553083c3bee96a76c034ed,eylea,1,2,1,0.13776368093679178,0.6284896689177775,0.23374665014543086
943bc20803f6662d6358d6d8ec2941cc378a8885,tarceva,1,2,2,0.15915218710695342,0.15574232354323236,0.6851054893498142
9c1dfc15cfdad17435135acb01db1fae323711e0,entyvio,3,2,2,0.1288913099661134,0.24990032393518277,0.6212083660987039
9a186f652fe3b1c4a95a3e6bb122c0ac7db05adb,ocrevus,3,0,2,0.2246611824786378,0.1841371960172196,0.5912016215041426
3fff5669c7aeb5e83bd82c164d29f1496dca4b36,ocrevus,4,2,2,0.22634719115808674,0.17731547925924177,0.5963373295826716
7c132fa0a2b139a6cca377873ef36b1e9d3d5cb2,keytruda,2,2,2,0.2448015924322363,0.19303067040981273,0.562167737157951
338ce77da9fda3f888534ff1bcca42776ae85681,tagrisso,4,1,2,0.13187331134069433,0.34198511889136085,0.5261415697679448
f1eb57f71dcd238e964044634aca9f6e556334c3,remicade,2,2,2,0.16621025553436153,0.32238013705056723,0.5114096074150714
eb6c3898a6b7f9e1a18ceb20da1d49e1089d56af,opdivo,3,1,2,0.09750052720421092,0.23787864519619142,0.6646208275995976
7fec839b9a69a1fd74786574bc7f4a426f62e992,ocrevus,2,2,2,0.37004615986600825,0.17148715757885075,0.45846668255514106
9b154464ecfd15437877ef4006d7edf2faebc6cf,afatinib,3,2,2,0.27785529983830165,0.12692167336747492,0.5952230267942235
fc8e22404fdb870724032d7e875bfc906c892cb6,ocrelizumab,1,2,2,0.38279526976114875,0.1396100739429837,0.4775946562958675
3feee63cf054391fc3cd82a05c7f39c46e7fd2fe,lucentis,4,0,2,0.3505251152095713,0.22870634680201418,0.4207685379884144
b580cf609406f4fcfc0a476ee8f9f091da603059,iressa,2,2,2,0.20190981751083426,0.1461110212513993,0.6519791612377664
e9126e12babf1161e21cba65ec0da35e0516e08d,tecentriq,4,0,2,0.3848956666680071,0.16920830517703545,0.4458960281549575
50e5604b83ce05a628cc6af1a6c9c50817a68957,gilenya,3,2,2,0.11815871680077869,0.23415411807628925,0.647687165122932
78c22ec583c54ffc5dd7f0b7dec54f06cad69978,gilenya,0,1,1,0.15494614973472381,0.5017318458904959,0.34332200437478033
3d691f0146582ef4be7a4022805c5a86143f7c4f,gilenya,0,2,2,0.22622472251909878,0.2821216344223177,0.4916536430585835
58219d89b393d2271094dbdb67f54452b9c976cd,ocrevus,0,2,2,0.2177018478040323,0.13445098620299953,0.6478471659929682
26c7915d382e5aba379e9b5d3c881d71bfc0e10d,ocrevus,4,1,0,0.38577750088444723,0.3560537766476604,0.2581687224678923
ce8da94d2e71665fc642293bcdd10e70c4aa63d7,simponi,4,2,2,0.11454323017749761,0.18783310307482787,0.6976236667476746
63af44701cab0087f3052d1bff1bf07d345093dc,mavenclad,0,2,1,0.20856441088957492,0.5040917918168222,0.2873437972936028
a57cafbad217213c0355c99316a3aebfb9a39863,entyvio,4,2,2,0.13779406513428694,0.17827397818653481,0.6839319566791783
f7e17408c69c3308144432ba5412ab513f53460e,avastin,2,2,2,0.13044889640426696,0.20895471467492177,0.6605963889208113
14f1d135a78c5b88e1097b639937af366583768d,eylea,4,2,2,0.25200649248221746,0.14245617678854877,0.6055373307292338
a53e23ab9f257f59bfa1878b89b1b1caa28e1f6d,cladribine,4,2,2,0.13341322624765456,0.1793440436755969,0.6872427300767485
5d2020d73ff01d574228aadc0acd538ff1261687,remicade,0,1,2,0.14306413119729566,0.3783350985196368,0.4786007702830676
e2a45e96162496ec79648764a2153696cf0358a8,stelara,2,2,2,0.08471912762916911,0.09803035303332402,0.8172505193375069
a0c194496c3a51e379e468a7fa71484bc09644f8,alimta,4,2,2,0.1480029840929595,0.10311764480261339,0.748879371104427
df9534c5c8910dc56472acdd2c68e74676a0c513,gilenya,4,2,0,0.40704065043804644,0.3239122045361241,0.2690471450258295
1dacb9b4bc0fb1f5daf233db9061657a9aa6bcd1,cladribine,4,2,2,0.10200678370544967,0.19660964582289595,0.7013835704716544
005ec13f7fb1dd185d2f273a4e661cbd9c6c94c2,avastin,1,2,2,0.1470229503230313,0.2165348430306177,0.6364422066463509
c842be59258572ee6c0264835a1d21424583dc45,cladribine,3,2,2,0.17179447984319407,0.05438550964648965,0.7738200105103162
8ef7b6928677451df5568a76599de525b163defa,ocrevus,3,2,2,0.13270442668857338,0.19309080840020437,0.6742047649112223
edfcd521f1e28234a656285d13708edacde6ec09,ozurdex,2,2,2,0.2480537056544601,0.07169051117227274,0.6802557831732671
1da76b3836fb0f1b5353e6e4dfc41dbfd82a8b73,ocrevus,2,2,2,0.249772598956806,0.3400254494301551,0.41020195161303896
ada040089046a41bd7f00dcb3d52b717c6418caa,entyvio,0,2,2,0.12354280108559516,0.24831048393559868,0.6281467149788061
5410124761dd9877b895cfc111b05fecb572422a,alimta,4,1,1,0.16011915156077586,0.46202093813899253,0.37785991030023164
f94c4f8fb46f2e178cb28c25e45002a681ca4e44,gilenya,4,2,0,0.40114431793481065,0.3725895301745692,0.22626615189062008
4618323469e16b8d2ccdf530e6c1b475dcfe9299,tecentriq,2,0,2,0.2737147251115281,0.11226856742905615,0.6140167074594156
1027e028e7325d9c39bc80d751c1c5445d280d89,ocrevus,0,0,0,0.482071755654808,0.16625191699479996,0.35167632735039206
af911502a87547e72cb250bc781beeef1b10eb75,crizotinib,3,2,2,0.1897920822248135,0.10415135787833471,0.7060565598968518
8cf605f65627c25705dd9fab8d3ef48a74a7d2a7,remicade,0,1,2,0.16887618255603984,0.38348355896679404,0.44764025847716604
4e30802a339f465298f65efb9e5d570993d8d48e,gilenya,2,2,1,0.15250551293870399,0.525175440906884,0.3223190461544121
e317399c733ab82402cfcf29ae38d19f0ce2879f,humira,1,2,2,0.2614586348034243,0.27949000438556587,0.45905136081100983
e2c4c5c54456e581df42747632fc941071b31ced,opdivo,1,1,2,0.2166219265134417,0.24896229552903412,0.5344157779575242
547991511a84449d30b85f8c928c67c6d4cfcb87,keytruda,0,2,0,0.36135886418378593,0.292327814818124,0.3463133209980901
dd4c5ae032f33610ddb853075a281e910da70a4f,ocrevus,3,2,2,0.10283318688327305,0.2450222153456401,0.6521445977710869
d457852a5803f09715d9a98352fd65cb6e914d66,humira,4,2,2,0.0870069133326053,0.3000616542709823,0.6129314323964123
82d6879f7a5373b88951d7033aa92d78b3861ce0,ocrevus,1,2,2,0.14403289006916406,0.10848672870106427,0.7474803812297717
638d119649447320312c7a02d836847549d8376f,gilenya,2,2,2,0.32697466283158017,0.3311969084407339,0.34182842872768593
2d4f4f33585dceac07af3e7cf8b147723e891ef0,gilenya,1,2,0,0.445890293499854,0.32252092985318703,0.23158877664695893
c1ace1744b12dd8abca25feb779abccce02247f5,simponi,0,2,2,0.09389964691000778,0.3007257320150177,0.6053746210749745
6a332eccd65d17dc51de3923fd587d83b9be8a01,ocrelizumab,3,2,2,0.2852400227467158,0.22281579873441507,0.491944178518869
7eacb68ba4a11d1752cc3fb02b50163f98dec338,humira,0,2,2,0.15370852451118994,0.1058923010260006,0.7403991744628095
7ecd1e6cd9a60544c5db94f48ecb1db612c298f6,cladribine,3,2,2,0.22744126244228693,0.17955044340815257,0.5930082941495606
bd515e65aea6504a97f0c50a4af53c2ad6e51962,erlotinib,3,2,2,0.26865817968115063,0.16829185007757028,0.5630499702412791
43dc3b5bb0e2d3e586fab8ea1a95b1df389f04ef,opdivo,0,2,2,0.3294526766365309,0.13145099748716035,0.5390963258763087
8615b5d57f76c88a1718e4f0d533f86203877c18,eylea,3,2,2,0.21714836406925017,0.2614239097486055,0.5214277261821444
6eff0255fefff0e49bcdbe8dd6d5451aaaa638e0,opdivo,0,2,2,0.08985184788849841,0.19766058224040065,0.712487569871101
dea756ba331c5bbea3f5abfb4f68f2aced42a3f6,humira,3,2,2,0.10625656821490843,0.10659223375864504,0.7871511980264465
803b355769b40f45fefe198dd867e438a0f6996d,avastin,0,1,1,0.34650068177829857,0.37188639242446986,0.28161292579723163
2b5c60efb6db02af8185b24700167c0429c30ed9,gilenya,0,1,1,0.07867244344762701,0.6003577647254861,0.32096979182688695
45e05ef7adcb8a9262bba74bfe0006a286da1eb4,yervoy,2,2,2,0.11047574215388038,0.13956723564384033,0.7499570222022794
564a3d2805796a6e9ecbe981f892fefecc284e99,opdivo,2,2,2,0.17485081472700256,0.2167616780799683,0.6083875071930291
0165388168dba1bb51ba322f4c9e2027f38a9a70,fingolimod,1,2,2,0.11628218889355027,0.42388350328535906,0.45983430782109064
d4aafaea6b563eff0c88e5988105bc6457d6db42,entyvio,4,2,2,0.1436131310668853,0.23514553185776582,0.6212413370753489
d5fa7ebad2d0e0123f0ad65c6d2aca3828162b7b,entyvio,0,2,2,0.15990775555718803,0.13165353001682842,0.7084387144259836
2c028dd75481704a9127537ec3f6f70444a7c0cb,humira,4,2,2,0.22020834448981955,0.12821127760911077,0.6515803779010697
9c15f9f2b36d4451442522136cf51b7e3fba8cfb,entyvio,1,2,2,0.08541755480613293,0.1014859345507429,0.813096510643124
b2cdd4c3fb86b6b985252ffafb16398273d6689d,gilenya,1,1,1,0.22464135902673424,0.5591340021647198,0.21622463880854598
331a28826db99ba0281958fcecdf3d6a620c52a1,opdivo,4,2,2,0.2139876522351755,0.12139470005571242,0.664617647709112
486a96747374befa54e6949387ab8e1d5cef98ba,ocrevus,3,2,1,0.18823097753358717,0.5103063999840193,0.3014626224823935
a1d47bd5c31f7dff8eb02912c84e10cc843291af,remicade,2,2,2,0.2622827449040396,0.2658839663957085,0.4718332887002519
79184915732c9fcc27fbe9cdda6dd7bc39ce086e,ocrevus,3,0,0,0.3837639887141216,0.255031629280149,0.3612043820057294
205b5b98c1efee3bcccb7ef78abbe36273825a90,tagrisso,2,0,0,0.4039253248568806,0.23372394709231054,0.36235072805080876
109453df29784b8ea0d967961ce78bc036548010,remicade,3,2,1,0.3654445951228634,0.4000180640236502,0.2345373408534864
910f7a130ad4e26a57b067b03b872623841572c9,cladribine,3,2,2,0.23315870054156118,0.13405959873426146,0.6327817007241773
b0225f6725e15f69f9bf954450441412ded7c79e,entyvio,4,2,2,0.11879011064135034,0.09302756989033996,0.7881823194683097
8f2116380ce6c314893777621f5d7b9214f41354,lemtrada,0,2,0,0.41544689181591676,0.33384799807228205,0.25070511011180113
af318b1b0dd183137a96e129dd0b6d2974134942,humira,0,2,2,0.2516044335270233,0.3163930478868766,0.43200251858610017
a99e96ee191ed5c931cd3a80449d5fe274fa4a21,ocrevus,3,0,0,0.40281452507896076,0.2199978625142845,0.3771876124067548
c885e9c761e2f62f3c7681c45df7f18ee157f4a2,gilenya,1,0,0,0.44661986512714374,0.3259734857509675,0.22740664912188874
ac67c8c27d3e7d5b5bb7771a290042cd6192552d,gilenya,2,2,1,0.2459081682657921,0.4005216988345234,0.3535701328996845
1603cb1b663bd20acaa74b09cc0a476e7438b110,gilenya,0,2,1,0.22572484355051609,0.475515252924242,0.29875990352524195
093a47f32051f0680630566ce35f65832315644b,tagrisso,3,0,0,0.457995815326557,0.16736629206048106,0.37463789261296204
b2f258dc4f1bcafc9e77d8a5571aecd2ac55f98a,fingolimod,1,0,1,0.19511473565152881,0.46499604518022997,0.3398892191682412
8c64e1fda4936325e679257bcc84cbef9c935f82,gilenya,1,0,2,0.27651133634759806,0.3302741922163855,0.3932144714360164
3577a06c9e5a36f26418c3d0c5aa02c28b73258f,humira,0,2,1,0.19555688900599563,0.5135750656683259,0.2908680453256785
4684f2cfc7bd655c846b72ae78185c68f8364856,tarceva,3,1,1,0.08025969416427814,0.5127101116680447,0.4070301941676771
8338607d3012b720b265004bad1ef033ffb2a711,gilenya,1,2,2,0.19595189520971945,0.226272276736684,0.5777758280535965
dae19cba80d7517f707ed8deac005c7df434fa44,opdivo,1,2,2,0.1696225515564943,0.18642562432293514,0.6439518241205706
698a7b267e7e79510be6e6edf365cf5079825028,gilenya,2,2,2,0.15615298072331527,0.38091610499187445,0.4629309142848104
c121a25433a3f8b8dbcffddec6d5d79b547e5db0,gilenya,2,2,1,0.10260778801997145,0.5826557493266927,0.31473646265333594
5396b1ac0b03029b5ba794d7f21198209cc28e91,tagrisso,1,1,2,0.1818055996922264,0.40132440543792974,0.41686999486984394
1c1619c1a502d54e714e9b25265a9e03ea5ee67d,ranibizumab,2,2,2,0.08909600432719422,0.12034995375698235,0.7905540419158235
163ae193f6a91fb148663815e6bc7d29d9b29d94,gilenya,1,2,2,0.20845390356466453,0.2673074741990704,0.5242386222362652
21bdac6d62fb869e165ea8c5615dd71e958ecfe4,tofacitinib,3,0,2,0.3235453397819292,0.10867490267290882,0.567779757545162
a1fcdea74f40c5fea67e4c5186d7bfc97bf3d567,entyvio,3,2,2,0.12786993225113447,0.3372601354408693,0.5348699323079963
db3793efc5c7ef2967505ac3bd5bf2e0a74aca88,laser photocoagulation,2,2,2,0.22523265236382467,0.1794849766912438,0.5952823709449315
4f94d817b4cea5c156f3a52d05630e19334037c6,ocrelizumab,0,0,1,0.2202351999477333,0.456898311012814,0.32286648903945264
20407000225d385bf415b9c6e238c4fcdae735e0,tofacitinib,3,0,2,0.31049727463835347,0.11395029975488663,0.5755524256067599
7bc990f0347653282fda103d31ba51bdc755f733,gilenya,0,2,2,0.26343285284532625,0.34312205905185295,0.3934450881028209
8a5f834c7a50699cec95d69cfd8344c5ced2be76,cladribine,4,2,2,0.14150842380459525,0.11734306309077495,0.7411485131046298
a7f28d2b657086626200221296547629c86d52ac,keytruda,2,2,2,0.23265390221934332,0.3765040409270273,0.39084205685362944
433c8ef43f08f934b308a67aa515f1849d903bea,ocrevus,4,1,2,0.2224559424216984,0.28298117804653633,0.49456287953176525
b3f812776649e12dad77fe3a8621330ca420fd25,stelara,2,2,2,0.12841249697903032,0.057313290978439006,0.8142742120425306
ccab3fc366c8cab897def629ea1cdfb9290a7e2d,alectinib,2,0,0,0.5246214527178693,0.19560792115431822,0.2797706261278125
1e7eee32c55d7eab31b3a619c656981e37a68d0d,renflexis,1,2,2,0.12937864776885638,0.10052302275733961,0.7700983294738041
d906a641ee0cf755c17f1ec0ffb56db4ac9430e5,simponi,4,2,2,0.12626834361601735,0.23979176321761916,0.6339398931663635
0d450fb8e6039ca4374e5ba3dc284259662104fc,remicade,1,1,1,0.16760256029967402,0.43689020734565975,0.3955072323546662
0c4e62e1fd8074d97c3df2b0d81f0390a8970c46,gilenya,0,2,2,0.35027524103941626,0.22955647103828855,0.4201682879222952
76766d28bf145118ee26c14cf9a4f76852afe3ea,entyvio,0,2,2,0.25760980845541814,0.11630040395618874,0.6260897875883932
b00e29f36fb674d33c259f60708f61c8189fcff2,ocrevus,0,2,2,0.2948626449980219,0.10758894835458188,0.5975484066473962
8636702743c5842087a4e49fe357f0b422f8d6d1,opdivo,0,0,0,0.6859899699652084,0.11294579451474114,0.20106423552005043
8b0504b1909985fcffcfc20abe31047d233801fe,ocrevus,3,1,0,0.5370276628488129,0.19517481303871853,0.26779752411246854
026b8f717d0bf770bc27fefe3e7f0234428cfb79,humira,2,2,2,0.10185642125667907,0.10490170131775883,0.7932418774255621
58bfc18844880089ca5eec8bca84629b2d6f10af,nivolumab,4,1,0,0.3730902789185214,0.2839179340997043,0.3429917869817743
93a1347b686bb6c5802f9f62e43d88a045f2ff1e,remicade,1,1,2,0.30212312504312255,0.23076079475671307,0.4671160802001643
f72dfda4b315550402c35cf4154ffe490ff7a324,cladribine,3,2,2,0.2951097501338545,0.2120079323607238,0.4928823175054219
9e94c38585be70d0ea2ed9d86d6fdff976edc4b6,entyvio,1,2,2,0.06384943539338846,0.09100326824878151,0.8451472963578299
354de63058bfbc19d2709b607d1fda82acda1ad3,gilenya,3,1,1,0.08219653959436443,0.859211847915637,0.05859161248999869
394c072374d5ac0ec13f77a76b854608edff19f5,cladribine,0,2,2,0.18731444971505645,0.10110135337264455,0.711584196912299
9a4c40f40ad36012b5d9d093fb2afc568999e891,ocrevus,1,2,0,0.5704393247292588,0.15657577191015032,0.27298490336059095
430dc2cb8ef33c040a390363bbfe20518473910f,stelara,1,0,0,0.6303919695787503,0.12680368136264972,0.24280434905859988
d6d279ffe2bfcf489f4ad7c5afaa621b0660333b,gilenya,1,0,1,0.2682347696257045,0.4747083469444729,0.2570568834298226
bc55603c74a117f174458fd9c60066c27c9ace66,alectinib,2,2,2,0.3027729013977588,0.07814868586751768,0.6190784127347236
d9187758f398ab81779001625660236c13b3cc59,tarceva,4,2,2,0.07412857282954452,0.07183854383163903,0.8540328833388164
4aaa77fdbd46d2e196115b7751cfe144dcc13d0b,gilenya,4,2,0,0.4014292134033089,0.29409028591780095,0.30448050067889004
5227f82ddc10bb18c80bd80094ad86b74e67fc24,tarceva,1,2,2,0.2217956209479126,0.1660496735761774,0.61215470547591
3df53d473db201f013ab330158957106c2c9ece9,tarceva,3,2,2,0.1281866941827155,0.16615634261844897,0.7056569631988355
cb9e61d1af6920b8f583d85ce0686ef7622daf85,fingolimod,0,1,2,0.23864622152992762,0.27402441995475607,0.4873293585153163
0d497fb4c9f3185f83b24edbc455f74131b2548f,ocrelizumab,2,2,2,0.3304058632319639,0.19017600591773237,0.4794181308503037
4d5836182ae370aa00f57647c3a59b385c620a15,upadacitinib,1,2,2,0.16702400453418081,0.26332726911162546,0.5696487263541937
7a5dbdac997210ed8558a7eeb6a7de09711a84a7,gilenya,4,2,2,0.1599505394585317,0.2265305780446797,0.6135188824967885
024f0f470a6d4328cc702a7670fefdd0bdd4d012,eylea,1,2,2,0.19670715350089887,0.20084305327884358,0.6024497932202576
c24128fb16140db1e2424957073a7174c43c7c77,remicade,1,1,0,0.5446540555526939,0.24261892527356038,0.2127270191737457
df8aa52d7a6a0c2b8cc292bd2637a241843dd919,cladribine,4,2,2,0.19320820543134057,0.07839750481505799,0.7283942897536014
ad9fa9f8a10dfa7fb4418332e69a0abd209cab7d,entyvio,2,2,2,0.06561624200937669,0.06889679011172667,0.8654869678788967
ae6be95025c1f7821773301dfaea5c1dfb172987,gilenya,2,1,1,0.25591493590687514,0.49651824977661285,0.247566814316512
89b82bc4a58fd1a4275b70d0486cf36db0284f13,remicade,3,2,2,0.13957734210931128,0.13918629144555086,0.7212363664451378
00f4952f147a9e78125d85b65d46f9114af46958,fingolimod,0,0,1,0.12750716551533534,0.593022567382745,0.2794702671019197
76917212249b3c9b940c3e5e9cc14d6cca74cc53,stelara,1,2,2,0.13526811887080498,0.14259091796472154,0.7221409631644735
7696cedfeeaec56ebe0a1ef4189c8550652bb63e,avastin,0,1,2,0.1419137396773066,0.4179035302829473,0.440182730039746
19b6a9298bd0ddb5ace47be0817cad321159bf0e,gilenya,0,2,2,0.32385230238244556,0.2978147556773662,0.3783329419401882
59a9288f52c99bfd3b192e6fe993e1d03865eaa4,humira,4,2,2,0.19757531000851514,0.16882688002925955,0.6335978099622254
230f720036c10040e5cf681253fc626225712fa3,gilenya,1,1,1,0.11863155426527872,0.7428679770313272,0.13850046870339408
fe2b255d20306bb305a84c7a7f20c64e846e833a,opdivo,4,0,0,0.5316650942395299,0.13427542487783414,0.334059480882636
7eaf705887867f86000f53d45d2a65c8173b80ea,ocrevus,2,0,0,0.5049992929962218,0.12760842804385686,0.3673922789599213
ab3e1c2a4023938e4ffb1ab238765b9bc83c1490,tarceva,4,2,2,0.13957633539316544,0.17342538637489113,0.6869982782319434
0c07a267f02e14ddd2a5dd1430b40dce074cca07,ocrevus,4,2,2,0.3258898259317317,0.27384414931359785,0.4002660247546705
2f6dd9d9ed36beb511892036f5388b7a4dd9a5b7,gilenya,0,0,0,0.46985612461777343,0.28434080067977835,0.24580307470244817
0ed4a15680c76506ce376d15b69a7b961cf6fdda,gilenya,0,1,1,0.28363194562524446,0.603629758838048,0.11273829553670757
865262c1c013510c8f302b360d76325552cd9c40,remicade,3,2,2,0.16699197618814005,0.10872524684785842,0.7242827769640016
5c4603a35562d1faac80a23198d719d8f52f678a,fingolimod,0,2,2,0.18014775200512909,0.4094651829467054,0.41038706504816547
90b11eddbdb3fd8dd67362f5be422b261c8049d6,gilenya,1,2,2,0.24021669739903473,0.1435775722685465,0.6162057303324188
00413dc2368cd227fd6b7bee578bc5fafded4508,gilenya,3,1,1,0.09894713308986068,0.7393232264322084,0.16172964047793095
73802d8a5178997a69d8fa9535eb7d4d88afbcf8,ocrevus,2,2,1,0.25559055546583276,0.4896514218444557,0.25475802268971176
a5e12a44b14c0263f871ad8892a4d28a0b7a955e,ocrelizumab,3,2,2,0.16648219008271717,0.19983805141422706,0.6336797585030558
0a12ba29d7480ed33a4101fa3ccc7fcd69f6f4a2,alimta,1,2,2,0.18062916698177195,0.26253460377962495,0.5568362292386031
5b8f037728c0ccd6d77f7dd010a436a6eb6f0a20,humira,1,2,2,0.20014633802822773,0.18580546605613046,0.6140481959156417
86cfbe6f31594a0cd8223b7899c29e8254674e76,ocrelizumab,0,2,2,0.17713472303088593,0.3150509411556681,0.5078143358134459
ad13b10b9eb6aab4f8db8d820e77f155b4795db5,laser photocoagulation,1,1,2,0.21818453063422885,0.17725086149485872,0.6045646078709125
165837ebaedeca5097490de35f571bea4adaef2e,avastin,0,2,2,0.16507972839449805,0.2661451732031124,0.5687750984023896
05a169b5bef4f50506b9533205592b2832a9ccfb,entyvio,3,2,2,0.12890340256572536,0.28660269793946536,0.5844938994948092
8c5704cc65ee8f6f20fc6aa5b99b946a3ebcc4af,alimta,4,0,2,0.3492684729571757,0.1005797259184608,0.5501518011243635
0eedc7aeba726b1ce65c7f623282cd8c15a4f28e,remicade,1,1,1,0.14778118116224087,0.5080930848473472,0.3441257339904118
e1867bfb738c26695c4a093a83186d62c4ef4982,crizotinib,4,2,2,0.14550320032866823,0.12536433810934516,0.7291324615619865
47834d7998cd9ecc7c2b43ab0ac64e0da79e148d,inflectra,0,2,2,0.10280451964931385,0.06237096410771158,0.8348245162429746
dd5787784670d71dcaffd4f7fe89cb8c0e974fc7,tagrisso,0,2,2,0.08908957317215001,0.24396044489786828,0.6669499819299817
6141e896f354ce2ca074cb9cd0e4aa33e09ab5c2,ocrelizumab,2,2,0,0.4450968545799872,0.16916378149021974,0.38573936392979297
512a32bce822dfb5392c246d90c47585f2e30872,gilenya,4,1,2,0.25150253859627614,0.2936867302327986,0.45481073117092513
094be3a47883a4cc856d75fee698527c1ef20fa7,mavenclad,1,2,2,0.20598962785233937,0.33260881162245265,0.46140156052520803
bfd58f8359a05206d37ca7d25807aa867016da04,entyvio,4,2,2,0.22294789645616528,0.09707055419798362,0.6799815493458511
41d77625d971e58d7fe3729345f3b30d3a36520c,gilenya,0,2,1,0.19549431350268529,0.4405468031228273,0.36395888337448745
241ddb82572f028ed2a02694c9540703c4225588,eylea,2,0,2,0.27611523181055325,0.22485887820983327,0.49902588997961345
ad353dc0e21fdda3d35b176ae12a7fe5e8cfd135,entyvio,1,2,2,0.10590485860586459,0.34016438203704347,0.5539307593570919
27be3a8fcf6c933beeaabf40c35d9b40d424aaad,fingolimod,2,2,2,0.09310058314899353,0.23424062936622503,0.6726587874847814
682bb297c2fc7ac128fb9a86078a99c508254604,tarceva,2,0,2,0.24489879149309002,0.22003288056497758,0.5350683279419324
002e636d68f650e50ba7c4e8c6a5a559dc94b197,opdivo,3,0,2,0.29499136339071536,0.17069694411709113,0.5343116924921936
ed5c121b8b855d6aac6935474440bb7e133c8603,ocrevus,2,2,2,0.26149479189837316,0.3184882117648947,0.42001699633673206
b8f42c5eeb610ab35f824b96ff5356aa2c0a91cb,gilenya,0,1,2,0.14624621558770312,0.4112553933516907,0.4424983910606061
ac2e15940065f5c90eaa31ed97bc284e10115daf,remicade,4,2,2,0.1371927747948433,0.12446568924386751,0.7383415359612892
080362029dd655ce712110c713b9e28d43e214da,erlotinib,2,0,2,0.33055363819967315,0.16298635015271312,0.5064600116476138
e3e5687055a543a8424c4cfefc170f4508b51701,fingolimod,0,1,1,0.22694641855412997,0.3954082517208925,0.37764532972497755
f3268294877bba678bad5278b3cd2099b559f761,ocrelizumab,4,2,2,0.3649364512813521,0.19192804409595374,0.4431355046226942
74ebece966837de85c95a6ca8dcf6de6232d5210,gilenya,3,1,1,0.2277963271309761,0.39205732789159486,0.38014634497742894
f945f8a27882e488e12faeb0b6eeac4e2fec77cb,gilenya,2,0,0,0.5813616589277327,0.19614859007058205,0.2224897510016852
e2adda06f72849b716236922a0529c489c6e431c,simponi,1,2,2,0.07907354066915571,0.1539038794887517,0.7670225798420927
a8002478b2072933eb4777991dace9dae229dec8,gilenya,1,2,1,0.08754205544748563,0.739878918287715,0.17257902626479932
3729f0853a922e757df576e8b24ec3bae374bc50,stelara,0,2,2,0.07618230510943655,0.4252839431611997,0.49853375172936376
63f34f71f3a0af5f85f17b797687b6dd5832a331,ocrevus,3,2,0,0.40882031930446033,0.18279565970292885,0.4083840209926108
56a96044c2e4c1c52e71ed64baeccb0baa63dd65,humira,4,2,2,0.14079425328718928,0.30713045460123195,0.5520752921115787
752801317eaf3b6cb6fa93de80e8aabb5b4b6947,entyvio,3,2,2,0.05411988062155237,0.07684836634893023,0.8690317530295175
aa0063ade8508853354c234815361ae3cb6125ff,keytruda,3,2,2,0.26924776575640497,0.20534553455530868,0.5254066996882863
2e99abbd7bf48c23744b78445430c392a36e784b,stelara,3,0,0,0.5827115978240461,0.16419980915903507,0.25308859301691866
7b718842b9b0fffff24ac990a6de233408b30fab,osimertinib,3,2,2,0.15006166529510578,0.18665152768961277,0.6632868070152814
0e9c8fd3c16881b99471a71e93540ab555a1a332,mekinist,0,2,2,0.11965017167287179,0.1680917256916906,0.7122581026354375
bd1e4461568d96377c912526c0282056f4b36d45,tecentriq,3,2,0,0.594503248468547,0.16777226318255783,0.23772448834889512
925066a2946ca72ea341cd44b0f458219ddf598d,remicade,4,2,2,0.12768394560810192,0.20108567186809378,0.6712303825238043
686aced98190a75525e67d365e9087ef57ed6920,opdivo,3,2,2,0.1856352168145385,0.2514117034467188,0.5629530797387426
9aaca35357ce1c44a0a531b22fa774a179ae64af,cladribine,1,0,0,0.47011971894921484,0.14019198963852203,0.3896882914122632
57683e9895d05e9b59754946b8d9efb9e108f882,cladribine,2,2,2,0.31110595972805805,0.1069780932821957,0.5819159469897462
ef25e6514b91a8139df2f80fa433d40d3f268321,ocrevus,1,1,1,0.37734658290526274,0.4586785467903002,0.16397487030443705
f35fee50c329e52a470095b01b10fe56ad09d486,alimta,0,2,2,0.14061232203034416,0.1737329820159711,0.6856546959536848
5c074f9138fea12b22b770936a6a96e92d4de282,ocrevus,2,2,2,0.20587996023159624,0.20612989628056524,0.5879901434878386
d6890c8066c9c9698535f96c69171352c683864e,tarceva,3,2,2,0.10675558636279943,0.21497385971334054,0.67827055392386
e42408103dab5e3928151b29cfd5ed181346dba0,humira,3,2,2,0.09715329434842027,0.08809496814724177,0.8147517375043378
aa770c92e301bea2339c6285583f8e6f4d4e7dcb,gilenya,0,2,1,0.16903747327239446,0.48836652811142783,0.34259599861617773
adb03c26e1b9afecfb68fc66fb21498b20281561,lucentis,1,2,0,0.38929881694117663,0.2644994630642478,0.3462017199945755
59ddf0c02640832a0ab71f6897aabb5b4c88313a,fingolimod,0,2,2,0.18235297508468126,0.2243881723065184,0.5932588526088004
17732c8a1c565a264513bc1a334d0df3f98c167c,ocrevus,4,1,1,0.15039360237152596,0.5864236629845395,0.2631827346439345
8bbd4cf9f49e9f2c59030eaa4de5ceca0c1327b1,ranibizumab,1,2,2,0.2058871888480458,0.10104411910897003,0.6930686920429842
66d48fac4085ee7a780fbc5b3ad76c9c321d4aa5,renflexis,3,2,2,0.11208197807935512,0.09142967110712949,0.7964883508135154
ba0c41f581364ce7eb4d687ffec90b798723b3da,cladribine,0,0,2,0.1691978705826198,0.2118978301042488,0.6189042993131313
11c87bb820879d5e3e2189d7c3ae08f0dbb08d94,humira,2,2,2,0.10150344820774693,0.23100846230203667,0.6674880894902163
35649e01ae6643066a2b03d9f774861dc7c94faa,remicade,3,2,1,0.20755640635012818,0.45076010619890666,0.3416834874509652
5b06bc1c0bfaa5fb65faa8b80de419e869d566b3,gilenya,2,2,2,0.10398685804670497,0.26030189846978286,0.6357112434835123
39579d4c2ed97c995686fd0635c016845b93e397,gilenya,2,1,1,0.1990752520071607,0.609335687202639,0.19158906079020036
1c4b8eb249b2b8dd9a18474492f4f5b0c7b281ad,ocrelizumab,0,2,2,0.22281568813809255,0.28864212134984835,0.4885421905120591
ada9485ebf10d946c3bb5d65ae87e93e5c910d9f,ocrevus,4,2,1,0.3028343663037794,0.42639724006778096,0.2707683936284396
01f98f5efc08e89c59ef7daaaeec7520150d6a6f,alecensa,3,2,2,0.10882011780206467,0.1678542875821388,0.7233255946157965
f039020676195cb7556525d8d54c5f520be028ae,entyvio,0,2,2,0.04211782411587828,0.08976354597303046,0.8681186299110913
664a1146851437f853cd37950628e0ec16671199,alectinib,0,2,0,0.49809082777045055,0.1839814831680778,0.31792768906147156
c2b1c90c6aa0baad6d675f0c359b8662ec2bf4d9,cladribine,2,0,2,0.29563191740511474,0.2540310076492143,0.4503370749456709
256c467699887c2e6baaa58d6503ca865513ea18,gilenya,1,2,2,0.21277289794827356,0.2889798856897529,0.4982472163619735
39eb21bb84c7606aa6d7e0ef9f1d534547c4e545,gilenya,1,2,1,0.34319936050296423,0.51015819282993,0.14664244666710574
5934e646536aaf190017c0df1749974e23da3d1d,alimta,1,2,2,0.18114863065226894,0.28449294277019893,0.5343584265775321
b185e9d7939c022a7b1f8e6eca760f1cd2e9c483,cladribine,4,2,2,0.3301581715241089,0.18406157298527584,0.4857802554906152
2e66bce2689d7e244e30d1b06f0ce564b46336bf,alimta,4,1,2,0.09427831557923447,0.27155378541458736,0.6341678990061782
e9705f5686b227c54a31143f30c85a275bebf96e,ocrevus,3,1,2,0.09320939691868695,0.36730805711915326,0.5394825459621598
7b61173ae43eca919412ac92c78610a4b9150c56,tagrisso,0,2,2,0.20349153341031023,0.19411722928763017,0.6023912373020596
732538eedb801451cd5f593c57a562d401e6aa7d,humira,3,2,2,0.09617241677531972,0.43150234716057173,0.4723252360641086
945ff1600e1174608e6d0c4695989c1635350578,remicade,0,2,1,0.16881667627933233,0.5050087261987463,0.32617459752192135
4d4e20506d1a0b895d80719df5f4ecb2ff22041a,avastin,4,2,2,0.17068311176258766,0.38549928619566,0.44381760204175236
cba2c03390f331cbc6ba9fd2dbd2d804f6d1a4bd,fingolimod,4,2,2,0.0911094712752534,0.10300510732788265,0.805885421396864
5cdc69bff56f3a4fe78a86058d0526c0ba32673d,entyvio,4,2,2,0.11204095290302238,0.26643014750959093,0.6215288995873867
d5f4c904d5a0a2f8e0e1f013ba9244f820a97497,ocrelizumab,3,2,2,0.3154569217193135,0.19775349135564135,0.48678958692504526
0371258aa535dfdc9343751665c22f1eec40acc4,cladribine,2,1,1,0.26721034970564167,0.3784561427188833,0.35433350757547505
cf8fddccb2caccee0e9cc224b4b50e7b222d0a9d,nivolumab,1,2,2,0.17837115203204745,0.2369769318249001,0.5846519161430525
6e2c1f9bee376cdd4919e04dac07066c64327385,fingolimod,3,1,1,0.2543711299715473,0.37538003288493776,0.37024883714351486
a921a5df92eb3c5e5e580a1b0c3e3110fcc639b1,ocrevus,1,2,2,0.19457280092120965,0.08002978340592408,0.7253974156728663
970cb64a9e5984d86076dd46e7c19d516733191d,gilenya,1,2,2,0.20328408798497047,0.3723909830382083,0.4243249289768213
aa494a74966984dea4eed3e78639c4aaf2f9e9d7,keytruda,1,2,2,0.208005749281523,0.19932259732266233,0.5926716533958147
25dc48775539998b380b6e66ae62be93fe81feec,dexamethasone implant,2,2,2,0.3004532407079587,0.1474356535157551,0.5521111057762862
fe519667b24ad2cb5bec75e7765ad039b6a831cb,pemetrexed,1,2,2,0.12254689473754372,0.15738159576463878,0.7200715094978175
3d02b03b13ea69d16d9813d466b22115904e1b40,keytruda,0,2,2,0.11682738454779952,0.13159082606718475,0.7515817893850157
a3f86881762526cfddeb37c4f83b61a86b0e920e,humira,2,2,2,0.21940131862366763,0.19960504395312118,0.5809936374232112
4be3146236c65c92997d9b8a24bd587a9c4907e1,alectinib,2,2,2,0.1950396240653254,0.1497889509989438,0.6551714249357307
efd2f05d7439f0aa94402ffec83cff0691d4ef24,humira,2,2,2,0.1431793136730494,0.19762170489335393,0.6591989814335967
0eceed5fc31bf3ab6a6aded72688363680242f45,cladribine,3,2,2,0.253457658482505,0.15195696291473,0.594585378602765
a58d0b13ed50354e9e0e2bdfbe8b91f3be23496a,entyvio,1,2,2,0.21016842805862915,0.23317795822328224,0.5566536137180885
8c6de3dbdcf9f5f01545c05899097b55d079b3e1,ocrevus,2,0,1,0.32144011704842823,0.3819294905596238,0.29663039239194794
4bd0448ff79685350a732b40a012969ec56be614,eylea,0,2,2,0.29109920822593777,0.2864925689239892,0.422408222850073
8b07cab5a381690180a180f74d7008778011a0f0,remicade,4,1,1,0.15061122922031184,0.47214542717625246,0.3772433436034357
c9d1cda4f2b092bc62ae62d81ef813da61b6ea43,ocrelizumab,0,0,0,0.4060605532627523,0.2493770138109075,0.3445624329263402
fb963dacd558056ce7bfcbbc065749c79266ba50,ocrevus,3,2,2,0.08668124719014883,0.10669168412973373,0.8066270686801174
017cb983b2f8310dc63b3967d7e529af326e1702,gilenya,0,0,0,0.3946780406308225,0.24913209021498361,0.3561898691541939
b12567c59498895a79d61608ff8bd02b454876dc,keytruda,2,2,2,0.1993056065439079,0.20484264634512714,0.5958517471109649
dafcdbf0e431df8a592f65758ec61e65257f3096,entyvio,2,2,2,0.09572194422929403,0.07252309311079667,0.8317549626599092
0eeb9faa7938f6cc9e93bfb626701d35fd7efb37,humira,4,2,2,0.19889342757066522,0.16256188432404567,0.6385446881052891
9c00f04060aa8c6ca9c9317f58ba061976f7b71b,tarceva,2,2,2,0.12922191424635188,0.16188955128057486,0.7088885344730733
ac35b595849edb51864b84ebf0cdbd475c91cdf4,opdivo,1,0,0,0.3568395861285307,0.33121609322566437,0.3119443206458049
df44225cc3f5d2875a3ab25c98fc44f115c47d84,gilenya,2,1,1,0.08801578150103241,0.5868025008316512,0.32518171766731646
553c389bb5aef025739fc6bae3af499d2cfb2bb7,humira,2,1,1,0.20646089459675557,0.48248900549186524,0.3110500999113793
8d767b6f500f29943c5f05774ab04ca4cde0dde7,tafinlar,1,2,2,0.05987413438008558,0.3075755069427386,0.6325503586771758
5b14c4b918f99dcf56975f7fc8ca5cbe72f28ac4,keytruda,4,2,2,0.15124338507103705,0.19308348917159296,0.65567312575737
994b71802dc6575d261c38f7e42d32978bf298be,humira,1,2,1,0.24527642574294534,0.4047065557104596,0.3500170185465951
016d1c040731a01ceaa1f766568559f600a7637a,ocrevus,4,2,2,0.251616411496445,0.33215465689130885,0.4162289316122461
0fca7de18dd03867fd183816ae48059d83b8f3a1,pemrolizumab,3,2,2,0.17006508948737864,0.2053139340554106,0.6246209764572107
d0f4eddaa7084418bc040660337b057b117f5ba4,dexamethasone,4,2,2,0.3790922528390142,0.20058793561826116,0.4203198115427246
d88929a09d0a543da6a01cc11c92776943bd0638,stelara,1,1,2,0.09419047159145452,0.31844492291060705,0.5873646054979383
2fcc74dd0b102142c7710078ff5e5fbd2fa1911c,tofacitinib,3,0,2,0.22519175801458383,0.21727341185738627,0.55753483012803
b5c90057d16cecefb107eaada629a3a1e970997c,ocrelizumab,2,1,2,0.2398473971071128,0.3132215324318393,0.44693107046104785
be16c1c2c966b83f567937bbeb44e82b4131509e,humira,2,2,2,0.11035679305784271,0.11070737816950849,0.7789358287726487
a3bc2c720aa41d954a5284e5ae4af18764308c8f,tarceva,4,1,1,0.07940547141692611,0.6321289804957275,0.28846554808734637
61d1217e531b6b657832e83bd6fa14e3c02d6802,ocrevus,2,2,2,0.2739835917848349,0.2415373476368121,0.48447906057835305
2c2891b32c2da3c5924631cbd140745d68a34367,tarceva,0,2,1,0.26359720650195595,0.413630387592341,0.32277240590570316
1a3286c643e5177574d7d36a52341f9a735c2d2d,ocrelizumab,2,2,2,0.3066378373778579,0.14990758191413778,0.5434545807080043
f29e42559d02880678655b34baf47523c5bfd1c6,tarceva,4,2,2,0.10514670151280794,0.10648814622561287,0.7883651522615791
aada7e3d4ba6d9ba79d41134b31d35f27d8e05cf,humira,1,2,2,0.2259175005380617,0.21163917629209883,0.5624433231698395
8dd0ef3c48656b37af8b22cd420ab3b0db1775a7,humira,0,2,2,0.12667190564384798,0.30409203346811614,0.5692360608880359
acc629176cc6bd465da71c0e03b7d96d4f1e7ec6,ocrevus,2,2,2,0.3235953306714038,0.21424960106701893,0.4621550682615772
9b7f7f760d27f10ba219b538c285d3a1c4e9f5e8,vitrectomy,3,2,2,0.2990148126264742,0.2769887181038747,0.4239964692696512
5546fddc22c73bbf8e265ec84e7a532b03160109,ocrevus,4,0,2,0.23923430677772456,0.1654565862123124,0.5953091070099631
2f059fec306c94c58ca630ef97169310687fb7fb,gilenya,2,2,1,0.11211604493874436,0.49541276788489547,0.39247118717636015
c035c64f7042ef96f584ac7a578099a86eac05d3,ocrevus,0,1,1,0.30684140495033174,0.41048560379727383,0.28267299125239437
cf7b4a382952b8b37374904cdcb69cbafee36885,ocrevus,0,2,2,0.33025208010348395,0.1833189490566452,0.48642897083987074
ef9ba9882117c1788fd3b0bbda627dc3143410ef,pemetrexed,2,2,2,0.11793186803663863,0.10540714699144249,0.7766609849719189
bd4e13a4f03f06c9a374370a67fc15a6c22759a2,ocrevus,2,0,2,0.27887055687556445,0.2206020410688514,0.5005274020555841
82bf5b43075df454b43a7240f417951d0141f8bf,tarceva,1,2,2,0.18451523230863467,0.1608113056220913,0.6546734620692741
ac17364c621e24178d431793d3d4850cc06575a3,tysabri,1,1,1,0.18871908776847365,0.47003557990512074,0.34124533232640564
a369cd909ad83809ee2edde1991780907397e50a,ocrevus,2,2,2,0.14621289668207488,0.2718783357693961,0.581908767548529
37c1d0d55669b939de2ac06e153a8f661ef3ba4d,ocrevus,2,2,2,0.22209387470385536,0.13786831289615317,0.6400378123999915
2da629b538fa66fd667abce810d0c8dffa07e416,avastin,0,2,2,0.06490876052618341,0.14022500920218753,0.7948662302716291
c8f6092cb005f565e20cda0da05d5ff53316f615,vitrectomy,0,2,2,0.1787210205343348,0.2172680549238698,0.6040109245417954
84e15d059c742f54b2b4ab8044dc9170a6b4d909,opdivo,2,2,2,0.3816300895094354,0.13579742564093897,0.4825724848496255
d333444bb8b8c3d813f9e18a82ab6c2c10ee0584,ocrevus,2,2,0,0.8775064130258851,0.05961844871713184,0.06287513825698313
a1815ed7775d3b9f3df02185c822f10186e15016,gilenya,3,0,0,0.4082009483444558,0.291398543902323,0.3004005077532213
91f80ed1b175087a72ddfa2f6aa328bb3594c6da,stelara,2,2,2,0.1386404958624513,0.1849120831082285,0.6764474210293203
af775dc5958d06fb6d5f494de0c8da3175137233,remicade,0,2,2,0.16797949449372235,0.3131439748951439,0.5188765306111338
16d1c867e5222f44886da00ad736078e2a3074ed,vedolizumab,2,2,2,0.22463052295926128,0.1724962578181245,0.6028732192226142
8a159cea52e585ce91598bbadbed2cb17e6a61f7,ocrevus,1,2,2,0.2188890358508984,0.25497233735780395,0.5261386267912976
281f8d35fc50f009bd50832de94082ddd80c6ed9,ocrevus,4,2,2,0.2527393653562829,0.32372352721356046,0.4235371074301566
3ffe19d9ea6f26cff755605efdcd4286578ce444,gilenya,4,1,1,0.15430320173597045,0.6746626615710686,0.17103413669296094
850cc044835291ba7f8effc557b97ed69e5cb076,ocrevus,4,2,2,0.12010056934665718,0.1120112580342728,0.76788817261907
1c929816590199763112ee2bef73c7819a492ea5,tecentriq,1,2,2,0.2693974488046369,0.20391184359062672,0.5266907076047364
64c45e1ab36d412e2946ef595ebc4fe49ad531ae,stelara,3,2,2,0.12962109450536122,0.18080040936975414,0.6895784961248846
59af2f10ef02f785b7320e91f543e39193b4e416,opdivo,2,2,2,0.11506377959579114,0.2008539341632964,0.6840822862409125
0e157626cfaa54395370dbd7f21b8591edabfaac,humira,3,2,2,0.09974339947126883,0.18576734985107135,0.7144892506776599
a8267323d936efff64d8f7d60bcdfcf117031ef7,opdivo,3,2,2,0.10483174894040038,0.14235264103024386,0.7528156100293558
7d0b5d13c3d87f829242458fcf1f728ceab553c7,eylea,2,2,2,0.29712067628245303,0.14310355506120806,0.5597757686563388
6c8bbb4aa37a5ad98565c4b95dda50498a57193c,gilenya,4,1,2,0.19457613409598717,0.32839459678907174,0.4770292691149411
c41374d7aa912de6712d249a264b447d8568e69a,gilenya,0,2,1,0.25428360307517234,0.4700883587222992,0.2756280382025284
72947aea1ab00f821934c17362658af6a429bed0,tarceva,1,1,2,0.22074794081940638,0.3882086818635393,0.39104337731705435
de7eaa68dd3f1b148e82fd20dccd7e5927f34839,entyvio,3,2,2,0.18133866666543424,0.15093785445153593,0.6677234788830299
f28afae957dae781b968cd1b3c4c5c4110d78340,ocrelizumab,0,2,2,0.17481636737850487,0.07891322716433795,0.7462704054571572
91f823e347f2187afcc0be3c05e5c5343ddd82d3,cladribine,1,2,2,0.41650748223944783,0.13506742360684904,0.4484250941537032
ef5c62d8d2e9975e7bc0729c5fc40b56c541824b,ustekinumab,2,2,2,0.36160102561343715,0.17654559787798318,0.46185337650857966
879597a5d28a6037c9391d0a8a199a6a69049e80,ocrevus,4,2,2,0.3828012362477946,0.20312608795827214,0.41407267579393325
3ede4467e6301053e63e17c4882738ac27f94905,tecentriq,0,2,2,0.3940671719936484,0.11544127328163421,0.4904915547247173
84617512b0ab961ecfdf0fefa959586f71ad79ac,humira,4,2,2,0.14747792932848536,0.2734724896918138,0.5790495809797008
2f8668526578535ea9cdda00f8855b9306230653,tarceva,1,2,2,0.10382332528999454,0.16004463432275334,0.7361320403872521
c4596e26b09905ff5542cdebab5769f4d4eb4600,vitrectomy,3,2,2,0.25717855100376025,0.12631146988951128,0.6165099791067284
f2dd1fd17fae16350d1023b7e3afb721dfdc9e6f,cladribine,3,2,2,0.10801283353999672,0.09415825384294081,0.7978289126170625
da857a07bd058980ee075813bfb8df2c0f4b62fc,erlotinib,0,2,2,0.34610055322969646,0.11952576805130602,0.5343736787189974
2e060ab8512a696dedc1193223d9c9afb6d8c043,ocrelizumab,2,2,2,0.0902831343673967,0.25924650008809524,0.650470365544508
c33587dbe304e0550c189a1ac053d10e7e291848,ocrelizumab,3,2,2,0.21499439091658432,0.1297544909958275,0.6552511180875882
2298850f17da68dcf5dbf48493085bf37eff121b,cimzia,4,2,2,0.039021988514331064,0.076798707959421,0.884179303526248
733fb805a5be05cdfc229546b3eb1d7b14379d82,humira,2,1,2,0.3114293517168747,0.33262312368306224,0.35594752460006307
1ae66cdee0bb52bc104755cb6685f577858bd2a8,ocrevus,3,2,2,0.23908816424995233,0.16136181076885714,0.5995500249811906
5e7e0198d631d392418b2e6fc9259f4470f2ff1f,ocrevus,1,0,0,0.5554166133544668,0.128769718889354,0.3158136677561793
8ffcc961358a15bfa1d5e7a2c3bd817415a31126,gilenya,3,2,2,0.15733075522181977,0.16566001159743562,0.6770092331807446
8e8cc5247b60b1c646d3757ddbbed8a1ca30c8f1,inflectra,3,2,2,0.3342853710505067,0.24622850886357067,0.41948612008592256
881cf4fb83f2793bf3121d946bdb8c5efb91d15d,tarceva,2,2,2,0.14081417890588466,0.11483751902777832,0.7443483020663371
f7e8c3cc3f51445db39a0a03e81f6505fae4c995,ocrelizumab,3,2,0,0.693893269045661,0.12414765330079275,0.1819590776535461
2bae4cb09f34c9ce9a63bea88cabd32eb2df377e,keytruda,4,2,2,0.12007219482205576,0.1348711863212816,0.7450566188566626
cf751b74b5688ef50f6da4e8a4da274e9effbe27,cladribine,3,2,2,0.19778257103008945,0.2819927935329523,0.5202246354369582
713a10272059d34c4f69155e6f6d1570d0e5af64,ocrevus,4,2,2,0.17904241640198315,0.15940041810433378,0.6615571654936832
39a1690ab2bbcc0d42df69cfc060bd3794d99614,opdivo,4,1,2,0.259417196329379,0.244017110950144,0.4965656927204772
4c2424b2e2b30283dc22152173e45f1cda05cb8e,entyvio,1,2,2,0.06284484281271666,0.09350018007111452,0.8436549771161689
0c43905444173ba80ae0ff690e650c8b801c1b1a,tarceva,2,2,2,0.23966137466829232,0.25463922300916586,0.5056994023225417
4d3fc38499e180733adb17e5f6bdcd4f73cd9524,avastin,1,2,2,0.2261433906352452,0.1919089825542702,0.5819476268104846
39062869837cc516a7f6369c448679ce4867fc47,humira,4,2,2,0.20316378366366206,0.3087097867750064,0.4881264295613316
55ea7f21b011d82e5c925a08cd7768afca8e7e00,tagrisso,3,2,2,0.07424086021724616,0.2888215574848468,0.6369375822979071
0eed551699928997317bba286505ac107180034f,ocrelizumab,1,0,2,0.3717497404006357,0.1566757368302373,0.471574522769127
d3565a3d8e719651a7e581d87066440df49bcd6e,stelara,2,0,1,0.3241035640532875,0.33879993143538467,0.3370965045113278
e6bff0ae0bf70d7965cfb061cfbea9514edac821,ocrevus,3,2,2,0.11204162498602091,0.21505583800998565,0.6729025370039934
00a6a0317b948c6271609c3f02f05e8db8a7895d,avastin,2,2,0,0.37908470121176435,0.2511268342665064,0.3697884645217293
71bb4603b6a8424749c0fafea9832ac16cfc028e,ozurdex,0,0,2,0.25426645407934917,0.22969150588117057,0.5160420400394803
bb93afe92fe131ac78d2a27c6a136d0b084dc90d,renflexis,1,2,2,0.260621138243652,0.11025121990883757,0.6291276418475105
12accbf7356a92358d000225558450bffa9992bb,entyvio,3,2,2,0.18871500780816028,0.20666905962755178,0.6046159325642879
93e1063dc824af6113da09726f4d1f6f251cf633,tarceva,4,2,2,0.09959669247904675,0.241157355004817,0.6592459525161363
0ead31082631a812171c061661a8597061ce22b4,erlotinib,0,2,2,0.16013148546345535,0.09632446721897035,0.7435440473175743
b113b2cb46975b5825a66e3469023d1436590b7b,entyvio,2,2,2,0.09715191709921896,0.188342533753678,0.7145055491471032
c57ac66b789b5bdb53053eb120da0a6479df8832,ocrevus,2,1,1,0.10968604427090733,0.6111661254653534,0.2791478302637392
2b02eca4f56e212ff514fa14e78fa485e0c1a4e7,stelara,1,2,2,0.35082656003939805,0.24465658305403595,0.4045168569065661
1479c5bf5133c929798664ecfda963b5b1beeeb7,imfinzi,2,1,2,0.1593550995827854,0.3572877993096168,0.48335710110759783
765210b5e27dee42ed6aa788da1a30e3d3d9d12e,ocrelizumab,1,2,2,0.2671708621228112,0.31655758864046674,0.41627154923672216
8052c3ae183b05c926d87670cc64681f8a16609c,alimta,1,2,2,0.1668859676809988,0.30736784932460587,0.5257461829943954
d3bb92b26af05bf92df8d29827696006f5432187,lucentis,1,2,2,0.3759924506047225,0.1297356501931184,0.49427189920215914
a478fd574c9e8d5b44db47dda14a25a8309a4079,ocrevus,4,1,1,0.17621783955870474,0.5189221993332495,0.30485996110804586
8cd6ea5d8288e19e2f12392482b0498dce264b13,alimta,2,2,2,0.21033555433325668,0.16149729142577418,0.6281671542409691
7dcdf3795605a6dd0059421fc3608e9b4bc82f38,entyvio,2,2,2,0.186962013609649,0.3463243619309454,0.46671362445940556
f589caa23b858fb16f0a8ddc2f3f33939bedbbe5,gilenya,2,1,2,0.13324650833397914,0.4277730220904883,0.43898046957553266
2b0aee4dbf4d3be591cb8a6ce352bd2d502ce245,tagrisso,1,2,2,0.14406099560441674,0.30156756512467137,0.5543714392709119
37aa119c9fddd5be544f6dbf705eb4ef8ce8261c,humira,0,2,2,0.17507186367112207,0.29771667044752403,0.5272114658813539
4b7de6de60d4eb3f4067a4834af4d275ffa31fc6,ocrelizumab,1,2,0,0.4616795017996915,0.16852127841197,0.3697992197883386
ded30a2bea1b22de564a32a402a94fca23055f5b,ocrelizumab,3,0,2,0.3085006932664157,0.13696942770596346,0.5545298790276209
5541202a3fb0298a850b16e8eb251526114c3da4,ocrevus,1,0,2,0.33722683038166484,0.16888914299878602,0.49388402661954917
cea9f5ac8860d66757582d42375411e4e9f09686,keytruda,2,2,2,0.17977546753751295,0.22648098106137216,0.5937435514011149
fac8e3516dfed33c7265c2e57c838328ae23d001,stelara,0,2,2,0.24143568307932622,0.2192364345768776,0.5393278823437961
78b65792a54077eac6e2e4adaba513afb028dedd,osimertinib,4,2,2,0.27212515461533976,0.15599645593476885,0.5718783894498914
fb801bfb6a756b42c3dc0bffc48260416d1beca8,remicade,3,2,2,0.12787088282200232,0.3736076326577285,0.4985214845202691
f2799a8d9246c4f65abaf0dc83f19eab2e884852,pemetrexed,2,2,2,0.062485271915210326,0.4200857301694001,0.5174289979153895
e44364797de0736a5805be860a6c4e37e2fa2a63,pf-00547659,0,2,2,0.18397445464538612,0.05865472946930146,0.7573708158853124
664c8f1a66857cd796c8da7852aac0f13c755ae3,fingolimod,2,2,2,0.10738870954637854,0.16308689924451614,0.7295243912091053
a9780311090a8bef62447b5669b1acc6993f32e0,yervoy,4,2,2,0.20142032400085835,0.056647598910872156,0.7419320770882696
6cbd8105e335befc9b1d866a244558d557f41ae5,humira,4,2,2,0.09263282151290403,0.4448446759947842,0.46252250249231186
7ef10ebd3fb2e9397437aeb2a5e33efc1c26f17f,ocrevus,1,1,0,0.5534705445803768,0.25843891314734446,0.1880905422722787
e9cef7741be5975266445da026a46c2d7d95cb0c,entyvio,1,2,2,0.10208369334782212,0.22463542641785586,0.673280880234322
9b4b500f738bb3f4a25b2be106efcc7fda11aeae,opdivo,2,2,2,0.1878479389038732,0.2201118036909833,0.5920402574051434
be192e5457be7598883a802a3a4f5b20d6a4375a,ocrevus,4,2,1,0.33730068870919644,0.4024491508610959,0.2602501604297078
9371e100f8a4468384a90f7020295972176d09f6,gilenya,2,2,1,0.1391154491964148,0.536380403489094,0.3245041473144911
6c03bfd6c597958ec2fe594545c7403c14876c4d,pemetrexed,0,2,2,0.17140831168731585,0.09841053438126196,0.7301811539314222
bf683710da089a95daf87ae20258ae10423b0302,entyvio,2,2,2,0.10051910544899748,0.19202369162518698,0.7074572029258156
57b92137422baa0aeb3b536a5c3ad77f4b05cba0,crizotinib,1,2,2,0.09724867523053851,0.1317478064644845,0.771003518304977
411202a44b1fd89f41254510c0f3a3ec0bdce4bc,humira,1,2,2,0.12770837436928514,0.15170549579988238,0.7205861298308325
ae2a2957a0ebca00c6bec4517028dfc67995c502,ocrelizumab,3,2,2,0.1357340139413982,0.2079053898578961,0.6563605962007057
fbdf98df32a5b62ac5daffc00c79c00cdab38d47,ocrelizumab,3,0,0,0.5642400708309607,0.23633110890039952,0.1994288202686398
30907140358da86351be9e4d2a64e6279aaddcd1,alimta,0,2,2,0.12109344283934861,0.39875577699510023,0.4801507801655511
a9eaa62b582c2baf5706dda1a8416faf1810fde1,gilenya,0,2,2,0.36206370786533887,0.14832432243943242,0.48961196969522874
cb70db1bbbd230dd1607d22044a418ac5d6272a6,ocrevus,2,0,2,0.3029195611693,0.16693229719486521,0.5301481416358348
8f72f8c268301ecdf5c1d09d945f097ec1e25db8,entyvio,3,2,2,0.09878192763826592,0.21246439462195096,0.6887536777397831
df7896a440582944b849ba413915e11a5313f1e9,gilenya,3,2,1,0.1852809600192401,0.5321909988021903,0.28252804117856956
5261dd6ea6b16be98d44ac5a51dc13fb299be3e8,tarceva,4,2,2,0.259788276225238,0.19753330553760437,0.5426784182371577
1e40df490f79e7d9a4e96730a66b0eec38c68738,tarceva,0,2,2,0.2926429837737263,0.12489629719845682,0.5824607190278169
4d650b09e29319556055f7eacbba4c2433612da6,fingolimod,0,2,2,0.38594207335637026,0.21902505372932554,0.3950328729143043
c5aa107abd44232347610c3e298c97b2d379fcdc,humira,3,2,2,0.04684378687847136,0.0499112364626504,0.9032449766588783
2507d62650cece6ca76a9efcccc74d34aaf646b6,gilenya,1,2,2,0.0568900540409634,0.14352409292797377,0.7995858530310629
a6f959c80e42da8477f7996a510fb99ac27a6ca7,ocrelizumab,1,2,2,0.15500377853939679,0.30433728417954675,0.5406589372810565
c336de1367a20e143d7c853b3ea67155bf1b1bae,gilenya,3,1,1,0.1973115099844505,0.42205601628944056,0.3806324737261088
bf331656ac2e1ba6d3bffd51fe6e63e2377d6d6c,stelara,0,2,2,0.18632665434291623,0.09488779594896918,0.7187855497081146
9906768da7f8f3fff9416c10ad96b3568b32438d,stelara,0,0,0,0.4019282646693213,0.20774052502945203,0.39033121030122675
5a5834eb8e2a37527605d6f33a7048646c718278,cladribine,2,2,2,0.15119048135002755,0.18644284600696692,0.6623666726430056
bebd3510fd2a55f669d8e332719aba3eb1e95ef4,tarceva,2,1,2,0.29461987838657455,0.24789115166848727,0.4574889699449382
af5d83458818fc5877fffbc0279a7adedde70558,fingolimod,3,2,2,0.09216904260304616,0.2570741931538544,0.6507567642430995
665f6fd1453a4e72ceb6cce043c9419ce6d64534,entyvio,0,2,2,0.06898172440355564,0.073534110038383,0.8574841655580614
151bb249a477dbe424df85c3745f7960dedf416d,ocrelizumab,2,0,2,0.27667941127443096,0.16292457266729116,0.5603960160582778
9d42bc2db2072fe90b30a25b64969582238166bb,durvalumab,2,2,2,0.1849602232949643,0.14215998398386645,0.6728797927211693
af79365bc5bca51a567d9bae5acde8c95ba92811,gilenya,2,0,1,0.15514440784077654,0.512926162359328,0.3319294297998954
dfe0537939e087db1844e48787f89406292ce8d5,humira,3,1,1,0.28085184786049566,0.4338431545661265,0.28530499757337785
75b572d8ae6ba1676c494a1fdc9b174e32d7c066,remicade,0,1,1,0.25599332725390256,0.4338090325997568,0.3101976401463407
807b086752135b325ea3440465b3868e07d5677e,ocrelizumab,4,2,2,0.3564404255685307,0.16078609365701182,0.4827734807744574
37d24771965b33224c1a1282268c7ba5fc7415c0,ocrevus,1,0,0,0.46496331842068245,0.24435767982183637,0.29067900175748107
21908f10088fb8ab16c95c252c8b61d7cf33dc75,gilenya,2,2,2,0.3371285314391633,0.18546233088455713,0.4774091376762795
083a26352099d02fc693d85efda67de8a6f98500,humira,1,2,2,0.19436141404898344,0.36449441987425424,0.4411441660767623
28a53f366e713195388821705a19ee38db8eb364,fingolimod,0,2,1,0.19341139914957306,0.6055765018285936,0.20101209902183337
17ec358b08164494ddce93f9d4364784f7b14039,tarceva,2,2,2,0.10865426697273979,0.0959987503678823,0.795346982659378
c060509dac7f573130c6f3af878d9f3b03964319,alectinib,3,2,2,0.14246270510133235,0.11755309554973385,0.7399841993489338
49b899e635a3ce8379a6d1ad73101ed571aee44d,humira,2,0,2,0.3233098501376832,0.19104822565819563,0.4856419242041211
5ca389aa56cbf72dd579e77ed3d48ba1c2bc8a29,entyvio,3,2,2,0.062442684702319874,0.12437673384424072,0.8131805814534395
7d49c4f7abef3d5ad556a0670df7f0623807abbc,stelara,4,2,2,0.3426757998294812,0.1992825039463354,0.4580416962241835
144b4e766c99d473028f512c77e2e74183c60a40,ocrelizumab,0,0,0,0.4449820264152759,0.2867871527739278,0.26823082081079636
8c7a711bcdbdb2ec0e15efd6c36619672ccddab0,cladribine,0,2,2,0.10430746533268011,0.10757670198854263,0.7881158326787773
f940383582023955776f9c49a2b3c41f836dfa3f,avastin,3,2,2,0.11786801670191452,0.17677957351394855,0.7053524097841369
364a2195a69f2062a80dc0fb0e8f3f2bfbbb3a52,ocrevus,4,2,0,0.3774472230178453,0.31914746757414075,0.30340530940801397
295663976d3d824b02124f8d869308ab643bf608,ocrevus,2,2,1,0.2336256611513581,0.5191171178619131,0.24725722098672878
632d76906a2d2242b3cd04fbb7a32fc954a2dce1,ocrevus,3,2,2,0.08175019089236707,0.0758003169390793,0.8424494921685537
11c24debc3c15fec8373fdd5b4ffc7251b1ab695,ocrevus,1,2,2,0.40785523801497287,0.1730278006492312,0.419116961335796
61855389fee7ca169ab3a6aa3e8c2ade7e64d4db,ocrevus,2,2,2,0.35306428684716473,0.20964705564693709,0.43728865750589824
ff162d5eeb44d33d89e95a53caf3d1db4c1dd1dc,lucentis,2,2,2,0.1208655359403054,0.3835250316170955,0.4956094324425991
f139f38cb6e27b8ace0621fe924a0717203f297d,tagrisso,0,1,2,0.10349758782812746,0.19517041667507565,0.7013319954967969
f8ae0a90629c41001791651e31bb54b554413858,opdivo,4,2,1,0.15107480936235773,0.46803354264528746,0.3808916479923547
fdc340c2744486dbc2c7a754ba5600e87c3521e0,entyvio,1,2,2,0.26832690732578596,0.16020395915073637,0.5714691335234777
03a335f17484aba4f795bbe099bffc9a6f45f374,ocrelizumab,3,1,2,0.24838784375676795,0.2926722527279987,0.4589399035152333
5b77d3d56b65af25d659f72e419697a804b1079d,ocrelizumab,1,2,2,0.27113909421685645,0.23179342717273818,0.4970674786104053
90723bf1f843c7cb78739cd07cecd314642bba7a,humira,4,2,2,0.11659400775738504,0.21964611384899219,0.6637598783936228
f06609d4591962f33aa6aa5bfb4bde9ac636c468,remicade,3,2,2,0.2546534638715583,0.24493500222405035,0.5004115339043914
f57dc229a211bf35792e6423972fc774e4954834,tagrisso,0,2,2,0.3025967968219193,0.26986147252639336,0.4275417306516873
b5426ea9992ca2aa2ac6046ddb6eb4e120cc2b81,humira,3,1,2,0.12960313222491698,0.17652165396440664,0.6938752138106764
8c12b2de25a388d4ed20f01c61ae8a9ab858dc48,entyvio,0,2,2,0.1433020497373257,0.39127092959718446,0.46542702066548985
aa81bd3c5128d2e4d49d2093743395c96985cc1b,alimta,3,2,2,0.24727042273564276,0.2868655924375547,0.4658639848268025
9dc8d3c0e59564748764c8f6e5d47924a51067e9,tysabri,2,2,2,0.2604775129465866,0.24281794311750984,0.4967045439359035
b3e6c3a0a8824ac9d8f0eac9c2186eda6784cb5a,opdivo,1,0,0,0.7301602149754689,0.12925415666849036,0.14058562835604074
91f30300189ae6e29cefe177dc7e70b4528c4260,opdivo,4,1,1,0.22169132947988582,0.5290788013285473,0.24922986919156692
70fde48a77939024ef9ad861a059826925390fae,remicade,2,2,2,0.1737747155385463,0.20327103181226078,0.6229542526491929
0dcce3d2343f35e72fabbbe530638d39f7464fc4,tagrisso,0,2,2,0.13572579227756382,0.10724626789426492,0.7570279398281712
ada42fb3197a9ac0c2255296c87c4be6ae40cc4e,alectinib,1,2,2,0.06255379379046024,0.03688604352609309,0.9005601626834467
caed5c6316d91c6551eacfb1e1dc3a90437000c3,gilenya,4,2,2,0.17924966298389686,0.32581410528721144,0.4949362317288918
0d163ac6e1c250ee85cfac1bfe3074504bea4b80,pembrolizumab,1,2,2,0.2313232909881614,0.1416031806160412,0.6270735283957974
25b37135ab9bf3892a07095ad9b810c80daf4ef7,eylea,4,2,2,0.19214221709277302,0.16581506889360195,0.642042714013625
6b20690d466414f7974d5c3d6c06eb4552e48698,alimta,1,0,2,0.3357622311884871,0.19311383998496798,0.47112392882654486
216ee7eb1d7330364710927f6587fcde3ad7b4e4,humira,3,0,2,0.13788181479119702,0.12650764735613887,0.7356105378526641
de35939f1120b8ede74c05deac0eec40af458fb9,ocrevus,2,1,2,0.23358758352837347,0.23192894866045793,0.5344834678111686
57a6d8f54927978c5c332c12ad8f69a137646120,ocrevus,3,1,1,0.24855949813016445,0.3860400826153832,0.3654004192544523
035f3bb89942aa258f3de0ee5f64a9c95b4695e4,opdivo,4,2,2,0.4465782263092775,0.08183502903571037,0.4715867446550121
4e0612be8774cc91a7233f7e17e0193249b542c0,fingolimod,2,2,2,0.1247857175601412,0.2076354244891967,0.6675788579506622
d178348975d5440d3defaca179e1d31a3e335228,ocrelizumab,0,2,2,0.14390337846976714,0.29733298608454106,0.5587636354456919
eca0b7115d45f852c612305e1c0a1fb7a16e83b8,ocrevus,4,2,2,0.35590895991184324,0.28409511227332135,0.3599959278148354
301e80670182885d56acf39d251063611f259122,gilenya,1,0,0,0.5597288487385438,0.26711865974684695,0.17315249151460924
4100d5d480b34e0534425d1aefac00f486853bc1,tagrisso,3,2,2,0.20786510955632775,0.29183860681702445,0.5002962836266478
b772c22059caf3832a0813922bfb559d8d8fc987,nivolumab,3,2,2,0.36893178501918106,0.17784172460913714,0.45322649037168167
d417197a107d38da141cdaf2a8b8232aaf8430ef,fingolimod,1,1,2,0.2731320094627739,0.2588130786527296,0.4680549118844965
520e895883f46fed9f15ced2994132920f63255b,laser photocoagulation,1,2,2,0.14642750231175483,0.21274269083055167,0.6408298068576934
f6b9ae07301145b70184cd60b9c64548a61decc2,ocrelizumab,2,1,0,0.6448186893613023,0.16773162893640373,0.18744968170229404
d775356b9468b15c0fd26566aba20ed1bb8c676a,ocrevus,3,2,2,0.18918550380677418,0.3106256467197074,0.5001888494735184
1fe3471e60946d21ef26ef702cbf1f11b6594c03,keytruda,1,2,2,0.149742615401139,0.24826827148506408,0.6019891131137969
6dc5e2df099cd6eb9047bf2b7b7ecb8b9426e81e,gilenya,4,2,1,0.1969933016876561,0.5609506661376955,0.24205603217464836
46557cb3911aa689f4250d4dfb29e51e74197b23,gilenya,0,2,2,0.14202127775064152,0.15803210279343374,0.6999466194559247
61074fcb4e1d9d8d24a37d0f486d4368c0b5adce,avastin,0,2,2,0.14780220262582497,0.1478566935106049,0.7043411038635702
dbff7fc187d7c9ae0524d20001bd00d1e5c469f5,afatinib,1,2,2,0.30759224617057623,0.24567669359462882,0.44673106023479503
5f5e9d7b06a1c235669b77d46a68202f12735942,alimta,2,2,2,0.16426726077467607,0.25162029296600896,0.5841124462593149
731cfaf4f5a70f5363f8902ca4200482e6212f15,gilenya,1,1,1,0.10931500700610433,0.48688786891567376,0.403797124078222
6de2892b5cde3080869288b2c6144f4d6e224db5,tarceva,3,2,2,0.16291032345203918,0.1584863378662932,0.6786033386816676
9cdce0924fa8717d25d03c48f8c856d344c00f7c,simponi,1,2,2,0.13790090037565628,0.1125264280387424,0.7495726715856014
0a86eb6938ba1d5a8a32ed53d5056310201e24a7,fingolimod,1,2,2,0.15176723361117597,0.3480220686892294,0.5002106976995947
dca227f07b50c2e747161c8c417a69d9fdd54102,remicade,2,2,2,0.3445021132589534,0.18959306425107114,0.46590482248997556
df2599d635a93d58d0b3129d7029eb7a7198e295,ocrevus,4,2,2,0.3293523699636055,0.18948148974205373,0.48116614029434074
df5ea84c6facff5edcc8e83996e65b28c4892c96,tecentriq,3,2,2,0.25761349702078784,0.2686988002143685,0.47368770276484373
2889880e017fe26630858f915f9f889ed3507dc6,ocrelizumab,3,0,0,0.37520746556480156,0.27289091016102907,0.35190162427416943
e06f0ba58493e3a639aa6b7fa7cb2e4c2b2e57c6,ocrelizumab,1,2,2,0.14060727169529577,0.2738379671959661,0.585554761108738
66973e422f43b8a9f9a42bec413e1a5053d3947c,entyvio,2,1,1,0.1444002689967974,0.42922391199153764,0.42637581901166494
e805dfcfccf3a291854a4fbd5fd001771afae8ed,fingolimod,0,2,2,0.2136567705379862,0.26008747538818755,0.5262557540738262
b50675209230b739850923efad7c0d88bf9669f7,ocrevus,1,1,2,0.38162133774043544,0.22386561342592287,0.39451304883364174
09c07d79b421cfeb2b3401934bbbf30a26db9099,keytruda,2,1,1,0.28475210692223846,0.5039936966069067,0.21125419647085483
e741103b3f8d7369cd092d94f41a9b1c09b1fe86,humira,4,2,2,0.12838765007883002,0.1694131135497373,0.7021992363714327
a98e276cd5017f0c35d8641790b7c9e46c041baf,ocrelizumab,0,2,0,0.4452724660387113,0.30925742865022404,0.24547010531106467
7d6b0155777e904db83d9cfe41582e2eef2496ad,alimta,1,2,2,0.16703141634775692,0.3998902585882928,0.43307832506395016
5a2ab13e1bde642a4c3d1b0c9ffcdd0f1abbf82f,ocrevus,4,2,1,0.11935792112100688,0.6414717852974433,0.2391702935815498
70a6f02fb737f3f81e76595ff39617483f5bb72f,entyvio,4,2,2,0.1685045370989092,0.21076273935317116,0.6207327235479198
dab6d0876e49954d6a6e56c6c0585c59d11db9ef,atezolizumab,2,2,2,0.15233536441995013,0.23445151180386217,0.6132131237761876
0c320eea3c3c3cf1155027a1f8ae6ae8ff8a7689,entyvio,3,2,2,0.07268257945352606,0.15786615786147012,0.7694512626850039
aafe3acdee495edf0f2f499f84964651d6181f43,fingolimod,0,1,2,0.1749942924824456,0.2765415775842692,0.5484641299332852
ceef8dfee2d9c100bce31ccccc6661c660b88720,opdivo,3,2,2,0.11161578231154635,0.08568976032777374,0.8026944573606799
b8f5b68dc9f247ab2653f7de658cbb8c62ee279e,remicade,2,2,2,0.16225622895258368,0.08835621764153667,0.7493875534058797
3e1813aeefb5a650a99088862a3fb0d87335a95f,erlotinib,0,2,2,0.11775487786387567,0.21800631322288472,0.6642388089132397
250b417561875468e9e4b8df56b4efd2153dc987,alimta,3,2,2,0.24205321209269107,0.258506990318927,0.49943979758838203
4a4420993dd13f16784b3a4150f4af3e1360f813,gilenya,1,2,2,0.24177185613048185,0.24403760427009222,0.5141905395994258
7ccb81ae3051abcc82dad1b14cca7ed2b9fabda9,tagrisso,1,2,2,0.26494955671742915,0.11673479784081009,0.6183156454417608
3212b64ea94cba81212e6b5469d5c7e3b8e178c9,gilenya,3,2,1,0.14899075039123605,0.6436720196862968,0.20733722992246698
97339017fbdbe186c670e3e2e8ac9fc37fe83b7e,alectinib,3,2,0,0.40106688356652787,0.20292893514302268,0.3960041812904494
14d01ec31ccd668d324c7f5e40c721aee811dd1a,eylea,0,2,2,0.37598050786226594,0.18814255324106505,0.435876938896669
d73b8c0481e8712d9930f747cb43329ca3a7cf1e,ocrevus,4,0,0,0.4889207612769361,0.2035910951612486,0.3074881435618153
5fdadb69de7e6ce23d1cf082125acd8dcd5d6e76,opdivo,1,0,2,0.2571209792005623,0.1343338938097173,0.6085451269897204
3f00fd619fa6a05772408c849fab93aac4e7a805,xalkori,3,2,2,0.3189303153498545,0.17112046273477435,0.5099492219153711
6acab1ddff012149e6fe7bc03b3ddd925fd2ee0b,gilenya,1,0,1,0.31764573185909195,0.3668811345143709,0.3154731336265373
4a74d3fc7b7328e20f307abeef76ffd3595b06a9,keytruda,1,0,2,0.3747163046661862,0.16075358667170694,0.4645301086621069
3368f8d988b6c92cb9a726a843521af13941dbc3,keytruda,0,0,0,0.45778332876406863,0.17936815372164003,0.3628485175142915
a22fc0f4501b504e1a123f699bc1847d2b3e8900,alectinib,1,2,2,0.24463359569759588,0.2827844488203169,0.4725819554820871
ca7584b40d2bcfb5d6ac53366d2ac8dbea4e95f5,tagrisso,3,2,2,0.11005851448902493,0.14631438422779663,0.7436271012831783
0c0c9f15e65a067dfe84d204699048166bc7f74e,stelara,4,0,2,0.3556300595865549,0.25869093872986776,0.3856790016835772
5a75bc7e668a0e858534d5d14924f1eb229c90c1,ocrevus,1,2,2,0.39572557137790143,0.13578978597517122,0.4684846426469274
623ce3f6b116ff34123f08a10be2028064fb7fcf,entyvio,3,2,2,0.061368528913323166,0.11158248622710014,0.8270489848595768
c1e6ed55347830af68eec710e912cbf7fef64883,lorlatinib,0,0,0,0.38208226113263044,0.24536633786499482,0.37255140100237466
8e724050db58eccb7a517dcd7eeb0d8df6f62ca2,ocrelizumab,3,2,0,0.41198383519054793,0.1795956386493635,0.4084205261600886
8a062566f18ac6a094c7e6e98acb6ae6350a057a,remicade,1,2,2,0.08850952176795912,0.10516582651235512,0.8063246517196858
0784b119a649d637f7a07b519b452b2438065b94,ocrevus,4,2,2,0.2592898053576598,0.315043365698459,0.4256668289438813
32fcfdcad23d6cbb11a8dd4cb8b3caaca970973a,tagrisso,0,2,2,0.18276755476005627,0.16250876000161796,0.6547236852383258
1c3d2379cb2cc27d0042060f444c224897dcb66a,ocrelizumab,1,2,0,0.582737698454749,0.17028480172006624,0.24697749982518477
43d44cde7261d5879269830d64fdff875bbe4c08,siponimod,0,0,0,0.5625109592075156,0.08736980634182702,0.3501192344506573
161feefebf811e27133ebe3f71c8280ea1520744,ocrelizumab,2,2,2,0.1612705622533529,0.19227812294305,0.6464513148035971
2cd5df5381297da45f3c5e7bbde0b12b8caec91d,erlotinib,3,2,2,0.16728363185333123,0.1464549359234065,0.6862614322232623
0e073aeaeca5b002652801e1d74c41326cbb1550,stelara,1,2,2,0.15207495556277686,0.17254562245070837,0.6753794219865148
80faefb547d44f46d0a7e7256fdc9a5951e396ce,fingolimod,2,1,1,0.21531300432535364,0.5434256144906795,0.24126138118396676
a4ef63192313e310721338f9dfc58c1464276ecd,afatinib,0,1,2,0.2686592944912465,0.16147594909528404,0.5698647564134695
25198616c247c1c48fcbb37a86177aaad066a921,humira,0,0,2,0.33271564382264207,0.24712501401688428,0.42015934216047374
358944a2408a3ec60055c79a02f565b340318843,ocrevus,0,2,2,0.23960406820557267,0.2815151624581296,0.4788807693362977
13b7ab00a276df367ee07b617429afe3678b6cbc,avastin,4,2,2,0.07921203639681003,0.13872441056438353,0.7820635530388065
8b46330dbea4e241b8d61c7186fb15a4b7b6a21c,entyvio,0,2,2,0.135987775913212,0.16470231425930912,0.6993099098274789
5b7e2591b785a877dd63eb0899a1cfa9abbfc1aa,erlotinib,2,2,2,0.07556424113937234,0.12313718634880791,0.8012985725118197
1f6b025cc1cdb356c8071df97c22bb9ce07bee6a,gilenya,0,2,2,0.18926237321922787,0.20126654086543655,0.6094710859153356
016825fbae6389cadb4f725d2891169d8aa8c609,alimta,2,2,2,0.20032604824546474,0.20239687701165687,0.5972770747428784
dab81fe87405af2ded73e36e0d790e27771932bc,cladribine,0,2,2,0.06450796544360134,0.04506318005837465,0.890428854498024
670135c49a5d425b936c137bae3b1478727198f2,durvalumab,2,2,2,0.2637413865353537,0.0990714829548634,0.6371871305097828
397254d04cb46bd469ec82e6ea450c2fe9c2b5ef,fingolimod,2,2,2,0.18693952946093112,0.14365769428306008,0.6694027762560089
32f698f9274795555fe0f3efa71bebe6f56323e5,ocrevus,0,2,2,0.3633047778619534,0.18726504469171049,0.4494301774463362
a9d0bfb6c5145c3657794f1d83748e1861f82a76,entyvio,1,2,2,0.29058102229206906,0.31247876348700815,0.3969402142209228
0f9ee6cb8a346a3eb1ca532ef32d32355c322b16,ocrevus,1,1,1,0.2649609311501122,0.3691683496418354,0.3658707192080523
d80ed8cdebae739245b286058b051a7f9025bb9a,humira,1,2,2,0.15299863950047388,0.29817352626901894,0.5488278342305072
262298a654bcc6a4d88ab199900cc8d71422d913,opdivo,0,2,2,0.1957396806378139,0.20405685644398125,0.6002034629182048
8ad6b4bbbd33c9450e7f0dfa3595c8f1bb0da0d7,upadacitinib,1,2,2,0.09830381016140945,0.14504388061671075,0.7566523092218799
4c124d3a6a62919f2d5cbb3ae24d7b5bbf9abbe1,gilenya,4,1,1,0.15587038336630657,0.430058392190772,0.41407122444292144
f8ec8c407c661b9019cec2197378b2316500f10f,tarceva,1,2,2,0.11138876486865544,0.1015629230558079,0.7870483120755367
c0461ceeeeca52e0ef19a8b4b0b5902756f7926a,gefitinib,3,2,2,0.3263573786207274,0.18961842810396715,0.4840241932753056
03688c45324fc9fe207eac67a718d99a21708608,fingolimod,2,1,1,0.05984700899356904,0.529149090534715,0.41100390047171603
3ce7d44eeb2bded260b47e9661f2bf43d63b9dda,fingolimod,3,1,1,0.23632511064972583,0.5158324647235756,0.2478424246266985
791b7cb201dbf0e1ce469d17c678abe96061a860,fingolimod,2,2,2,0.14845638210506842,0.17819635242239074,0.6733472654725409
7a0e28db6f36929c52537c3da1122ef4b07c0f8f,alectinib,2,2,2,0.24310809079468482,0.17945489911499835,0.5774370100903168
fa6c0e226e8cd9537e7f3b56ce0b965ea5f70432,tysabri,1,0,1,0.34440796018547565,0.4767218228429693,0.17887021697155492
e5eab4f426f9347bbf846312ed5d2d6ebf643a8e,alimta,2,2,2,0.12545969976032983,0.20060738295251584,0.6739329172871543
987a1fbf77ead11c01a651b9ce85045a4777fd40,lemtrada,1,2,2,0.2812989929476848,0.29865214318850536,0.42004886386380974
fc22e9ea5cfdef4b2066edfcaa7cabc38305f887,keytruda,4,1,1,0.16390223868431192,0.4929395243433605,0.3431582369723274
52b7436d2d4812744c14de73d472bc240a67f087,dexamethasone,2,2,2,0.33317134413841815,0.2048915072095295,0.4619371486520524
147053a39fbfd263f9d0e12b82f3803fcf16b232,remicade,0,2,1,0.1707676421466023,0.4473054686736576,0.3819268891797401
b2a87f1f86a5dff036eaed4df1047735c0182629,ocrevus,3,2,2,0.092937847015651,0.3064906371312436,0.6005715158531055
71a76dc37eeec70eb635748e9dd246dbd43204ce,humira,4,2,2,0.2002000013508816,0.31826096638718926,0.4815390322619293
abe45f8e947454fda8c8c2acaf68ae3c32e0559b,ocrelizumab,3,1,2,0.162743719491944,0.2654351227168281,0.5718211577912279
b0cf5fcd2633e0569e89fa3d01df320595120c8b,ocrevus,3,2,2,0.2917039450724341,0.16028242463578563,0.5480136302917803
dc3017bfdff20ed52672fe5b22cc0c0396058a56,humira,1,2,2,0.14567910901608488,0.24948398745814954,0.6048369035257656
fa444a38f65c60803789bca2d91c0b3dd218aaa3,ocrevus,3,0,2,0.3257518340909214,0.29686486087502323,0.3773833050340553
1927f28e7716896f756d7f085ba8fff06a395984,cladribine,2,2,2,0.154902306758577,0.282933755722775,0.562163937518648
3b5199be5237c76c7ef1f27061eac7331e1047ac,xalkori,4,2,2,0.3419601458817408,0.16703208888225385,0.4910077652360054
89b8180a68ce769177b9e203100c8baa02b314b0,ocrevus,2,1,2,0.3398902302277689,0.2922614222383215,0.3678483475339096
241b503ea7dfa4159eca8578794f5f1768b91b49,alimta,2,2,2,0.12176000411712021,0.1843464133625413,0.6938935825203384
fb1ba41d66820d68d8c07710e53b00c84fafed61,opdivo,1,2,2,0.25940627008898814,0.17579561463926457,0.5647981152717473
8335a45396aa5dd7fdb65a073a7bec2bbe73ce23,remicade,2,2,2,0.11741481450581097,0.1656852492288187,0.7168999362653703
bbff918fe431e752b2e3953c1e0b54af98d330ba,cladribine,4,2,2,0.3972281932516851,0.07620150931274175,0.5265702974355732
34d658946de833bc5d4d5e6ae57be406ba0de9ba,gilenya,0,2,1,0.16078881622052474,0.6620043138769939,0.17720686990248138
114065bb3a67058f2c73c80bdafcea9480dc49ea,ocrelizumab,2,2,2,0.24721701907493748,0.17300715467666924,0.5797758262483933
1ac40d18e398383d5273a0becb23cbd214d0f656,tagrisso,4,2,2,0.14914478722086547,0.10627646003167264,0.7445787527474619
401a55b285a908b83141a81ec7508e50c7516fad,keytruda,4,2,2,0.16896567154529454,0.2735534621293672,0.5574808663253382
29c433eafca9ccc5b8e88a67aa4f0cff37fd846e,fingolimod,1,2,2,0.05077663336378389,0.18582195988921088,0.7634014067470053
f04603f371c352d1a928d051dae6622623f2d11d,fingolimod,0,2,1,0.1391242391269852,0.6549040148573932,0.20597174601562146
40ef054752a5482de6f676ce4c5228142d23203a,yervoy,0,2,2,0.08521712743839431,0.1256377600754851,0.7891451124861206
b74c0cd8131d960521d742a2e1f1b82e643ad6d9,stelara,4,2,2,0.08042177573425255,0.05785586629772493,0.8617223579680225
da0ba59a5a5eec5c42d2517f8d1444088b4a43d9,ocrelizumab,0,2,2,0.3307397592070096,0.17688732916391448,0.4923729116290758
6cdf22ab45218f40fc23d8db48bcbd923b476ec7,inflectra,0,2,2,0.15236750041556185,0.17624921771516305,0.6713832818692751
3012a9b955404c66b2b6e369aa30161e8457a2d2,alectinib,3,1,0,0.3724130372207825,0.3233879414352494,0.3041990213439681
bd530f6fb333b4790563cf78a0873a95eba59d20,lemtrada,0,2,1,0.2037396692019504,0.48229827935056413,0.3139620514474854
59aaf36aae3af836a6fa25fb691407ae1a837951,xalkori,1,0,0,0.678742337396497,0.0863442837273968,0.23491337887610622
dde9525202afd3803687a37ecfaa67f1f048174b,ocrelizumab,4,2,2,0.14453782178535393,0.12147577790023771,0.7339864003144083
4d3ebf7c898ab84e352d3cb7a7721146753287ff,tagrisso,0,2,0,0.3923158723405071,0.2536599048729035,0.35402422278658935
2ca76195af12ab1d9f43a45b15f991f6fefa9dbc,opdivo,3,2,2,0.2304655831844157,0.21321643305077467,0.5563179837648097
0c69959a7b43c47ad8b5f77944bd672453df8075,keytruda,2,2,2,0.14236575723967296,0.33789299385698757,0.5197412489033394
fec8f5b0317c5679b510ee0160cbc856fc77a73f,fingolimod,2,2,2,0.07043585042176623,0.14889210116219787,0.7806720484160359
fe43c3e6c8a07135f34e99900861cf0683bce708,cimzia,2,2,2,0.10729948686089556,0.1400014242474195,0.7526990888916849
7186a8f53ebb0999ca25dc8cf892ca56eb95f464,humira,0,0,0,0.51999952819863,0.2794978516902324,0.2005026201111376
8ed51d763fad0c419c704998584a7272841c57c1,cyltezo,2,2,2,0.19744020272566581,0.106282656460033,0.6962771408143013
00baac26b88f2ae130a986580f164cde1db96c76,humira,2,2,2,0.12414743860551296,0.36740152663937764,0.5084510347551093
5a334d4db895de147e07e2e777644f8e9ed5d9b3,durvalumab,0,2,2,0.12263744069633868,0.12766831370415105,0.7496942455995103
01438fed8d5a9cf526a44d788f906bc9e1e8cd52,humira,3,2,2,0.16526571886252767,0.14068838248257165,0.6940458986549006
8fa7679d240b2cc5606074459282b0f19467f60e,cimzia,1,2,2,0.05763376970630766,0.06269111446646176,0.8796751158272306
e210bd3010db496b59fa8d4a3978c5ded5878ebe,tarceva,2,2,2,0.13427083110781635,0.28165350403295186,0.5840756648592318
cce75b617308e6a19d2b4aad77c9a06c21f939d0,gilenya,1,2,2,0.12742356572685337,0.23687018217562078,0.6357062520975258
b76d1268ddff3cacbac53dfb29d6553d4e355d45,renflexis,0,2,2,0.20393544961298035,0.08380024740632927,0.7122643029806904
6cbf1df6e135a19631572fa31eb808c5cc5f4bb9,cladribine,4,2,2,0.19992507674364213,0.19558827747453736,0.6044866457818204
f05105cc9035463a069df6e4dd63c35402642c29,remicade,0,1,1,0.28202682232546844,0.3770145786748273,0.3409585989997042
493808023327ea924c657802bb64f615637266c1,fingolimod,3,2,2,0.13420878767742936,0.22803422014023264,0.6377569921823381
7fac3b266f6679c8210ae2d9f15472645e21be03,opdivo,3,2,2,0.19341277368726806,0.1154445932203815,0.6911426330923505
5a3ed5dd015152d8dc42b7a2d96a8c37c12a107b,yervoy,0,2,2,0.1104462961724805,0.12266680119242705,0.7668869026350925
cc07d39426fedebc18e1ba9f979b30651af6c475,ocrevus,4,0,1,0.2824533519738458,0.5197836626951492,0.19776298533100498
20c4e2d36b3af3cfaa16b0dae73c730564248aa5,ocrevus,1,2,2,0.22276956709879517,0.20976006154828283,0.567470371352922
c7014a8da0c6916493647d63315fe015578628dc,cimzia,0,2,2,0.21962957349226342,0.08131882848126733,0.6990515980264692
982967d82dce9501d9cbd88bd257500929b657bd,keytruda,1,0,2,0.18087495466331474,0.3383760189749339,0.48074902636175143
0e26c09a6f1b1c2c8176fa4f04c877b8b3e6af1d,remicade,0,2,1,0.10629043279564664,0.6831975095047577,0.2105120576995958
12df8e326684b6f41d3e05a96c047dd28e60ca4b,mavenclad,3,2,2,0.09411698308234828,0.09012715071283749,0.8157558662048142
300dc2a0f0196ea9dcdc7220a609fa666d9295ae,entyvio,0,2,2,0.26918307922621143,0.1865933416676357,0.5442235791061528
f7c6d106552d023f5f38b9cab0e62bfb8b1efebb,humira,3,2,2,0.15647911366687323,0.20287170507696606,0.6406491812561607
0c3120bd9b6e60b40afdd4d68653f320ec1f3e69,fingolimod,0,2,2,0.2026066652670241,0.14250458678199254,0.6548887479509834
52e4e9f6a522dba11510e4693c38801f30ae1491,humira,1,2,2,0.13797342327252066,0.13229268254211232,0.7297338941853669
10be21e780d151012628bd80260747c137bda835,tecentriq,1,2,0,0.40675092786501293,0.2609737296011375,0.33227534253384966
048403678a26156d73f83b71cfb9e8f47924aeaf,cladribine,1,2,2,0.20011225948915462,0.2238974833642094,0.575990257146636
61809513d6b278e57d844ca3ad06adf826a03eb2,humira,4,2,2,0.13531081335198256,0.24570592267510316,0.6189832639729143
8a187bc313872da0d7b6bb961c68f0979b2f471b,ocrelizumab,2,1,2,0.2625936201497205,0.31802466960415293,0.41938171024612664
08fec3ad7128523bd94aaef631760ac2c6146935,humira,3,2,2,0.16013628632980517,0.2841355906841573,0.5557281229860376
79044db9729258f9e6f8510a8c8b205eccac4a3d,remicade,0,2,2,0.1279743328521518,0.1306565186399409,0.7413691485079074
9488a729680548d09e072aa49da59e54a2ea2683,gilenya,2,1,1,0.15661960769457872,0.45697359579118635,0.38640679651423476
1d912b5b5b0732165fbb294eff40c8a71d7b57ca,vitrectomy,3,2,2,0.23605301589277283,0.25787232998501985,0.5060746541222074
b6616bcdb1a375fd104162a87ec43a8aee103022,keytruda,1,2,2,0.05124825902011936,0.14438607913084128,0.8043656618490393
fe0a0aa8423fbb05e73f8e1bf2f1d9ebf95fb9fe,gilenya,2,2,2,0.2038676268353385,0.27591528376097246,0.5202170894036889
9845eb288f3c624e4b39986856e86c2e898cb8ac,gilenya,0,2,2,0.1018413049625631,0.2968518973553094,0.6013067976821275
b0ddc0c0374c835dac89134a0bc22febe3dd7221,ocrelizumab,1,0,0,0.37154755441599885,0.3482634981650394,0.2801889474189618
3dc315340a86cedc2f92b2d706614819d2491c47,fingolimod,2,2,1,0.2993880162927426,0.5060666511924813,0.19454533251477624
06ddc6c2ce7fc75f3dda62c9676d8a49eaff7544,ocrevus,0,2,2,0.2409528928539818,0.07603519804965918,0.683011909096359
08d9dfcbcccf608952f775a707fc5d4369c05b38,crizotinib,2,2,2,0.08808695820972887,0.141299050277231,0.7706139915130401
d587b387f2fd28decf630a297d7cf5ad031dbd5a,ocrelizumab,2,2,2,0.3403027572632935,0.14289378923380522,0.5168034535029012
a72c9dfc4b4787785ad75497eb5254c1d62046c0,ocrevus,2,2,1,0.34711651849896347,0.41726314122142827,0.23562034027960832
f3f6fc9bab6cf74e33accbb6772a01c06e990ae2,opdivo,4,2,2,0.19385768046197682,0.13935021974513673,0.6667920997928865
d385e4bacdce0fdd36e29d434e0007162f0fcaa3,remicade,0,2,2,0.1447879102552401,0.18147929420927916,0.6737327955354807
1f3ff3511c36bdf6039d448572ad9a80e05e3fd6,gilenya,2,1,1,0.1362356779503138,0.6626342452083855,0.2011300768413007
4da83a57f494f7d05a2a8cf894ecf2d535daca4a,humira,3,2,2,0.18314133235840238,0.34745118807999414,0.4694074795616035
8048dbb1579a154df289a3d4296c9e32f75f5230,tagrisso,2,0,2,0.15460376828781974,0.17139204097636795,0.6740041907358123
8d889181dc5aba220c4a9b97eae0bcb7dbecef05,stelara,0,2,2,0.20511763509216205,0.35090780072653205,0.44397456418130593
5449487f5f98a693d67e456a4c9ad5e5193f0c3b,tarceva,4,2,2,0.19781308459202665,0.24779802708065096,0.5543888883273224
c1f0726bbc070585112e431a02f9d318fd3fe2e0,ocrevus,0,2,2,0.35664541871618577,0.25810514876580204,0.38524943251801225
db068b29e0f02f6a230cfc2ae6607bb733ae1875,ocrevus,3,2,1,0.2862790813680528,0.38302138314926526,0.33069953548268194
d1400bc502761523530fbd708adb8e6dcef14d09,ocrevus,0,2,2,0.09982146403365982,0.1142064742786114,0.7859720616877289
36f14bb8ffd90986b62eb5adc7c23a4e77d3bff9,gilenya,0,2,1,0.28508078556814276,0.4103303670281558,0.3045888474037015
ef170d510462f72eca147ec035b612b4e04d471e,remicade,2,2,2,0.06154074954806494,0.08934839893110158,0.8491108515208335
ccf4246901ab00d2cd2971a20900822c346dceb1,mavenclad,3,2,2,0.32677122633466216,0.1790547910303756,0.4941739826349621
d1d0e31e973842e9f77cc0c31676db57c61cec2e,gilenya,4,2,2,0.06372010301148744,0.15086930615345953,0.785410590835053
f69702a73cac73f48511178191bafaee89bb3433,gilenya,4,2,1,0.21456812305297776,0.601770548183963,0.18366132876305913
70ccd86966f86a65c125190090eb17ad701a3092,ocrelizumab,0,2,2,0.21846624968854436,0.15885002539005874,0.6226837249213969
bfbabcbc6e6ff28fa4e730771b3c31cb02360ad4,ocrevus,0,2,2,0.2716337984546371,0.3332867433711845,0.39507945817417844
bf675c489e7e54080f56f4e25aa0a21f633e9b10,ocrevus,4,2,2,0.19719448876649914,0.2885575485590529,0.514247962674448
7f5d23e32470cadb7f046d04dd68a177caccf49f,keytruda,4,2,0,0.583358019870307,0.12416675774913533,0.2924752223805578
10ab72fbc034541461614f8d95eccd42917833b7,cladribine,0,2,2,0.20823304456438874,0.08084537319429368,0.7109215822413175
165eb4f17c5f75d4f38061f78025b20cc57973b4,gilenya,2,1,2,0.33356695855366575,0.20514143855930303,0.46129160288703125
613d8b70a43c16b03137b4c50bd9496cc7b782d5,ocrevus,1,0,0,0.4914206064328544,0.1914041469433769,0.31717524662376856
f52e877a0b52dafedfafdb982996ac4d57b67258,ocrevus,0,2,2,0.25301782259961,0.3092058526669591,0.437776324733431
981cc8c32b59bd07f78c630fbd0255fa99358124,inflectra,1,2,2,0.10954295886728557,0.07542147903659338,0.8150355620961209
2049698104f0ffa3fb1198c9c7efb16d05485e64,gilenya,1,1,1,0.12959537559417414,0.6262175376827125,0.2441870867231134
4846ffc7218352745245ae2dc6184ca44c282765,ocrelizumab,3,1,1,0.16631419505037306,0.6405209058872772,0.19316489906234968
b4b8cd88fc2e141c3cccfaf784a78750bc41d212,keytruda,3,2,2,0.1545968893917858,0.08185901747290976,0.7635440931353045
ea70415f08b352ecd39a01d859ce8c706cbd4271,tarceva,0,2,2,0.1539728677418117,0.1791281168573798,0.6668990154008085
557c6ef4441c10aae7f05b27174845d1854f5b40,keytruda,0,1,2,0.2495687012291923,0.3664138083340623,0.3840174904367453
b39b55876d3e260fe589820867ca01c9c5569df1,tagrisso,1,2,2,0.1764374859882606,0.18005630715155616,0.6435062068601833
2b10cff1129347dccb28a1319b2386822054dc12,humira,2,2,2,0.10112355181206753,0.10552314203603964,0.7933533061518928
5fade0fc46ed0260b2217fcc99c9b75ed6474113,ocrevus,1,2,1,0.3306542985973788,0.346359621602237,0.32298607980038413
5a36fd52c3f726bf1a4a1e4def16e303ef45a6fc,entyvio,2,2,2,0.14509346941013507,0.10714960011884779,0.7477569304710171
e043f8d17775c6b4fefeaf5bc66d0ed6e93b0af0,opdivo,2,2,2,0.20743761209555278,0.20639391241306299,0.5861684754913843
4b801bb085e9315c39622200ec31e97ada8b0198,fingolimod,2,2,2,0.1301127319536288,0.15037030189319783,0.7195169661531734
f6a241a976fe6e776d95de47a9f392f52969d034,tarceva,2,2,2,0.06310110569769183,0.13855012248378054,0.7983487718185276
07783e92d56c5c0fdfd88ec3775cf5ba80abe582,opdivo,4,1,1,0.35464914668549713,0.368494485436299,0.27685636787820384
89dc36d7d26dba8a38f147e84c6d2b7681696a6b,ocrelizumab,3,0,2,0.3060692894901652,0.20470124929247457,0.4892294612173602
ec86cb6a2d08a88de6bd31bad0565d51389788a4,opdivo,2,1,2,0.31007695034240107,0.21115186535979646,0.4787711842978026
c4211f1b02b3212ef67ff310e9bf2529832a87ca,cladribine,0,2,2,0.3662521005334493,0.1393648865476598,0.494383012918891
351c9f06d8b43233160bc02ac38e9d258e51f98b,ocrelizumab,0,2,1,0.2711375965683254,0.4423864923687658,0.28647591106290876
f15017aafd7d08d66feccc8f1328b1b0c39c7215,humira,0,2,2,0.21122704238003906,0.16073167623261955,0.6280412813873414
a73e002bc0f5d8c4858e16967920ea3da9dfe7e6,fingolimod,4,2,2,0.09689987080575167,0.11556326763129911,0.7875368615629492
d6929287cedc1fc6608aa0789df7a94fc2e4c869,alimta,2,1,1,0.20552124401020969,0.46295088416182656,0.3315278718279636
12704ca94bbdb26d653de8da742e6c6721fbba0f,erlotinib,3,2,2,0.14221659728919028,0.08407048709382074,0.7737129156169888
951ecb9b343a0eb365a65e9dd1f87685228d7c29,humira,1,2,2,0.1376813509372773,0.2861784954159409,0.5761401536467818
131eafacf9bf348b329358f69e0f14df94275c6f,vedolizumab,1,2,2,0.17931640322038792,0.17895179276789058,0.6417318040117215
01ceb5f1bada983066e25212fedc1ff25f0d2f02,gilenya,0,2,1,0.203032500760373,0.610532225495028,0.18643527374459914
d20d21a026e1b902fb6d4a426e64121470a729fd,fingolimod,4,1,2,0.288403930807691,0.3177587886159592,0.39383728057634987
76f1a0f505f94608701f3432ab25cb5186936b4c,ocrelizumab,0,2,1,0.3089870900475087,0.5278136846946937,0.16319922525779756
91f27743afd72b743b351804d9b88424e58a5f67,ocrelizumab,1,2,2,0.2737053146791991,0.2903994935279466,0.4358951917928544
3d0b6ce9c5e31e3ba656e526e8a7d6c6efd45125,inflectra,3,2,2,0.08805717522850429,0.07612429223306034,0.8358185325384354
4df14251988ea581bfe4210f27d5118a7048337b,gilenya,1,2,1,0.2989136571617685,0.4471325906462724,0.253953752191959
57379a1a12382b05d8016cae44d5a57d172076a2,ocrelizumab,1,2,2,0.2908198090183577,0.23169628107230678,0.4774839099093357
f22338d9600eff57ba54cf73b00400777912f07d,humira,3,2,2,0.16240669012233283,0.29596749022069924,0.541625819656968
b5377bc69daa8086f3944dd6b4da9fe9a8678439,ocrelizumab,0,2,2,0.2424947582947766,0.15997244183759465,0.5975327998676287
4b709045173a28bf99d20880983c6d84440722f1,ocrelizumab,1,2,2,0.2798941625119129,0.14580951106915752,0.5742963264189296
f593756c39cb3ed7c5adfc1895688dda272a2579,entyvio,1,2,2,0.14310562325117926,0.22263378662618083,0.6342605901226399
a9d485aea4cb37c77de9ac6709462e1b8c75279f,ocrevus,0,2,2,0.2688302892348074,0.3288355138885339,0.40233419687665867
0c4b0699182af13733b7a064f93ef6d749a3dd73,gilenya,4,0,2,0.29980900354382606,0.30550220396997824,0.39468879248619565
584ef188062602fa43bd28333d2c8694ab5ddd42,entyvio,4,2,2,0.07015460990236208,0.14393386590475304,0.7859115241928848
4f736be93808692d4896a7fa402dc97ccedb4dec,dexamethasone implant,0,2,2,0.17192980803523822,0.10562421997209531,0.7224459719926664
d619a821275ec606633b2b944ac2dd235020cbac,entyvio,2,2,2,0.2140736648354938,0.20789575285486322,0.5780305823096429
b3815b4c3c4c8d58c3d599762e14cb94b03cb542,ocrelizumab,0,2,2,0.22469673952403565,0.12441383273426881,0.6508894277416954
abdfb906afc62311e81c4713a01ecab4c56253ea,almita,4,2,2,0.3537832182542725,0.19397712477369827,0.4522396569720291
ec8e3dc57c216ca8311e5036e07b05da5213e3c3,fingolimod,1,2,2,0.4018651986631023,0.12645484619738676,0.47167995513951105
a39930ee48c658b7508d6fd3ab1fff43f968d896,xalkori,2,0,2,0.27368566453186316,0.18209014132870005,0.5442241941394368
576935bfad13bf8feafb50f30c1e4ea28bd5dc40,entyvio,4,2,2,0.06839622216280968,0.11547386514121837,0.8161299126959719
fd7fed3171f18d5fe332cfe76dd9368d8c6ffb9c,ocrelizumab,2,2,2,0.22685034912150423,0.3439695079396942,0.42918014293880147
a3099dbbf33de776e62abe59ce30ee88c9253230,entyvio,1,2,2,0.12288681318139971,0.23986480944723096,0.6372483773713694
9dd995391020dec71e1bb7b28402e06ab3f90bf4,entyvio,2,2,2,0.05851288104093869,0.08319418176659676,0.8582929371924646
4be8920ba7c4f81a2f35748a000c20dada7f0259,ocrevus,2,2,2,0.18954287571711803,0.14509927097819292,0.6653578533046891
e5f289ed8f6f37a3ea9995cd3eb9c3a1f5b68545,xalkori,0,2,2,0.2825146947012066,0.13038917188086846,0.587096133417925
71e1b286cb973c85669ee4479d6f31d19ec28615,durvalumab,1,2,2,0.07466181945864997,0.37914858285362335,0.5461895976877267
17d4e1a55ca2464da0bc05bd1707c8c98ae92e6a,humira,1,1,1,0.1197876697348901,0.5408438444110749,0.33936848585403495
0938c9b0ec0ce5ac37b1fd250cb56755207727f3,gilenya,3,2,2,0.2859080388101262,0.16139487109427494,0.5526970900955989
9a8db04ca43f54fd390500aae46c60ea82f8c3b7,eylea,4,1,2,0.26845399045425583,0.14303520235614425,0.5885108071895999
7fc323bab7a12a45c6148cbc971e203dbd314ea5,gilenya,2,2,0,0.3549448970481298,0.31959474076712546,0.32546036218474467
f2452e4c173a063f6b7697856e77205e5d32138e,humira,0,2,2,0.14887452105988608,0.16395960573791227,0.6871658732022016
fd74f44610d44b03415326d684634701b141151c,ocrevus,1,2,1,0.22474343066644265,0.39104514015446845,0.3842114291790889
cf9002c0d085d24a105d396597578e68919acec6,tagrisso,0,1,1,0.11766965132149267,0.5579313469762144,0.3243990017022931
bdfb9ab6b807832df8ff260cf3a06e6c42588a9c,ocrelizumab,2,2,2,0.03881409418066727,0.09971559292175149,0.8614703128975814
3930dd24f5a30f19d60715d1caa03dde5129f39b,alimta,0,2,2,0.17188938259508935,0.1389324243733799,0.6891781930315307
7c56ca57b32af4b5d5b0c7e423ee7f0ffb460209,alimta,4,2,2,0.1469078871784952,0.12376137016499666,0.7293307426565082
80965ccbd70c0e8a8287a413bf21258274db38cb,stelara,3,2,2,0.2156903015268672,0.2890005835509252,0.49530911492220764
64df6ccbd8f2c442e327b9866dd73b33e4fd6cd4,tarceva,1,2,1,0.26119337436484186,0.40370232694367864,0.33510429869147945
8a2713ceb6dfad0b18070bfa850c8a9166f12aaf,stelara,3,2,1,0.22808972935829544,0.49865914848992177,0.2732511221517828
ff64550803209c483fc4cbe8a80685a555aa1b0b,nivolumab,0,2,2,0.22615912115541437,0.2282074992547678,0.5456333795898178
b99483da3e83aefb661157e7fdd0b8dc1f38f034,simponi,0,2,2,0.12802579265228123,0.22348718101824566,0.648487026329473
9af9bab088cc9d6fb4c3303b56326e8235c9985b,ocrelizumab,4,2,2,0.21820952454617085,0.20372988674309578,0.5780605887107334
9935cf6db5cf5ec0a202808d184adc99f5edc71c,ocrevus,1,2,1,0.11349217264703569,0.4873297116155372,0.39917811573742723
1344c69d490287ef4ed1c1573c76f35ef5009f01,ocrevus,2,2,2,0.20987984278547533,0.3405846191840706,0.4495355380304541
851f726d33b290b1e4531c44a778f50f1cb52078,fingolimod,2,2,2,0.18867367719937667,0.10089984351966855,0.7104264792809548
224f97cdfef7d555a4e821d5d189e648e84e66d1,fingolimod,2,2,0,0.3814225697242866,0.32146473070141907,0.2971126995742945
7a0309a9cf1f459ea084641fd5d0e0178736082e,tagrisso,4,2,2,0.047062121324619,0.039431307859047374,0.9135065708163337
60810f833dbe7f8380a982a74d29aabff5467d2e,cladribine,2,2,2,0.2614510709114077,0.19387991306305138,0.544669016025541
09fd8bf148c79147c6d9973403f5ccc96fc23a74,ozurdex,3,2,2,0.31615155318373034,0.22314665938782843,0.4607017874284413
ba8eb248cc96283d38039de24056ede7cbdd9f1f,gilenya,2,2,1,0.2756716065149615,0.4292875448391751,0.2950408486458634
76805b4018361b469a458049f5fdf4d9ef874657,ocrevus,0,1,1,0.168118889804861,0.5809438087791932,0.2509373014159459
24fbfdd0b88b0124d158c8b5c7d7c94ca2a2ad8f,tarceva,4,2,1,0.28365285130910484,0.3795944198071516,0.3367527288837436
547e0ea4ded5ca8c1cf66270bb6faf5931bba87b,mavenclad,2,2,2,0.21720782684448092,0.16455785729165395,0.6182343158638651
fc730b2cacb294d9a9ccfbe5be3c3108d04c9d1f,amjevita,0,2,2,0.10145119062463344,0.060621796092606706,0.8379270132827599
522204eff19ef533493312d2bb30da624215b10e,ocrelizumab,2,0,2,0.25482147668490923,0.09477264122735952,0.6504058820877313
71262a98f5e2a10a7581aa94b945600f3756886c,remicade,3,2,2,0.16142650065141426,0.375785309417834,0.46278818993075177
b0b76f29a69e7536c11d0335480f08516ebf4b4d,ocrevus,4,2,0,0.570577839338243,0.2220777892913086,0.20734437137044834
3147e7f338b1bd5d9bc0874b70e9add3ab132e26,ocrelizumab,0,0,0,0.49723451958634046,0.19683972889807103,0.3059257515155885
bdadde10099c5d19f82ca5906ae9acf7cde73510,entyvio,0,1,2,0.21469879216415277,0.2839432733169105,0.5013579345189367
4a2732e99ccea3add424c489d5edd982809bf3b5,tecentriq,1,2,2,0.2969633784262201,0.12197784714726753,0.5810587744265123
fbd4b801fa77e6843e9bbcbfd3efb244993ba3ca,ocrevus,3,2,2,0.23955460732379052,0.30817773301272877,0.45226765966348076
24b6731476c592cd6d02fce5e891fb679fdae0af,keytruda,0,2,1,0.30897498862629913,0.5020855798081219,0.18893943156557896
c28af25d1fcb83d5a0fafde83812f4a65886d072,gilenya,3,2,0,0.5262246049631376,0.2988523895988576,0.1749230054380048
9ec9a4bec7dd7c17d8c72e81591692ddf9e5ded8,ocrevus,3,1,2,0.09166901867571871,0.16613237889615765,0.7421986024281235
3d079849c0b9e353441cdbe8b6d081f38063a0c0,fingolimod,2,2,2,0.11801995694470804,0.23232222946876382,0.6496578135865282
0ad26f0fc3a13fcb25d388ce154ca7e99c09de8d,gilenya,1,2,2,0.1309117418113717,0.10749133203306396,0.7615969261555643
ba1c423ba13e017b704e92be01a6db9fbc8345d1,gilenya,4,2,2,0.322574787334747,0.15609511181755437,0.5213301008476987
44a4b3b8af148f8d2a573c93c09a841aec150dd6,gilenya,3,1,0,0.47403227958128796,0.34935330960060434,0.1766144108181077
d62c976991266cca8b59262b8fb38995ba2ab0a1,gilenya,3,1,1,0.20435748983658192,0.5961958680643775,0.19944664209904053
5f715a28e082db852fd73c29f569bd463a3dee0f,ocrevus,2,2,2,0.11321349348207188,0.4347637699909351,0.4520227365269931
41b3f517f3f1fcb0b832cfadc4a592322a8ba14c,ocrelizumab,1,1,1,0.24538942282485138,0.39576468167459544,0.3588458955005533
901b01242ed2de334bead5028b5eaf5199f190c8,gilenya,3,2,1,0.4131518591077178,0.4387557258698436,0.14809241502243856
8f360bfb5f92458f6f43083f2e708aa9ede64bae,keytruda,3,2,2,0.21986682786907255,0.34728695683298616,0.4328462152979413
b135540cc90bc30e66278fc1efb2b850d13d6892,fingolimod,0,2,2,0.19977026301289122,0.25426771246036095,0.5459620245267479
ca1dd1ee729201ee1c21d805ec7c26cf88a9bb4d,tarceva,4,2,2,0.1467922507414615,0.12864341998250034,0.7245643292760381
513742e87e5209fa8d632b83203db1add61c63b3,cladribine,4,2,2,0.09081984601846804,0.15183173428154392,0.7573484196999879
2cad96294efb3b0caf6051fb4da318ab8fbc48b4,humira,3,2,2,0.1948158774361618,0.1432611677429349,0.6619229548209032
e0cb10f541366d9cd194af5abbe4e2ff3da468dc,ozurdex,3,2,1,0.2111105838168287,0.40728179968066397,0.38160761650250724
5067848cf4903b4a5b0b0c153d3d11b1806cd675,ocrevus,1,2,0,0.5857536236418771,0.14259126600434743,0.27165511035377554
277abc8bf01bbefa838d5115a92a0492e90ac661,tarceva,1,0,2,0.22625967547662054,0.17993866691587881,0.5938016576075006
49cea8308080357fd9bdf6330126b5f79fd3f31d,ocrevus,2,1,1,0.146542189994363,0.4347975815680144,0.41866022843762274
807f57f14dc46193399b1e5d3fdc0724bc4f6aaa,humira,3,2,2,0.2676196685577493,0.16602210499891742,0.5663582264433332
559f6f15081a4c7f669d49ab5f23e3ac39014743,eylea,4,2,2,0.28611164985867654,0.13703766541337112,0.5768506847279523
c33c50f2ff5b68338020e63326a8f8365431a8cf,fingolimod,0,2,2,0.13381181608691958,0.2835799148754621,0.5826082690376183
7c08fd1a6e614b1142dc47e42df311daf16bc7f0,ocrevus,0,1,1,0.22407500820052373,0.5950901807730481,0.18083481102642826
5b89a84e1e76b257c4dabe495fef853ca2762c56,entyvio,0,2,2,0.15518470058158484,0.33261701695125667,0.5121982824671585
d2b6e61ce3b31b267e7d80d99b856845a4d5404d,cladribine,1,2,1,0.3213613875245584,0.3405392844605121,0.33809932801492953
4d97c34a86ddae0c99ce8d3131e253ac32414f2b,remicade,4,2,2,0.10088264728116868,0.11811155307729591,0.7810057996415354
83d0ae392e95a16ae216ec811e87adaed6e7c174,ocrevus,1,2,0,0.515110826421755,0.1827373564048075,0.3021518171734376
f2287a3ee0085b332ee28e22e03e42a08d289151,keytruda,2,2,2,0.11704690389384564,0.1020999744919745,0.7808531216141797
c21e1e53475434eea7bc6d60f74cc485e6e85950,stelara,1,1,1,0.22932611005982043,0.50766225543242,0.2630116345077595
87628557135d12a2abd8cb977f41865a6b3a01bb,gilenya,0,1,1,0.09502556151576971,0.6921650095008692,0.21280942898336117
52e302b017c082e532131f1d4fea339d74f8295e,humira,0,2,2,0.22096373477139167,0.3068097815251224,0.4722264837034859
a9071de49e62c6833967185711f2919cb0c49b89,ocrelizumab,0,2,2,0.22051340629753008,0.3767137304122737,0.4027728632901963
4409752c2a71846fece1be414ab0a6e629b0705f,pembrolizumab,3,0,0,0.5486033549095674,0.16985904579837682,0.2815375992920559
cdfb2655328606372d96818a3fc6f2df65fdcedb,keytruda,2,2,2,0.2482647420904663,0.13701301062919696,0.6147222472803368
0758f5c2206e25fe6b6d882034789d7b9fad7a75,ocrevus,2,2,2,0.16060776795653234,0.19920402157468195,0.6401882104687857
c05d0ad21cb2b4acae48b460b445467157ff4125,ocrevus,2,2,0,0.3928934340761524,0.22473331089193946,0.3823732550319081
73f40082d37e7fe64e9aa28d82506cd7c788cd7b,cyltezo,1,2,2,0.07423131223920733,0.06252797665249446,0.8632407111082981
acb8c5505f6271557f7f6a4dcb119022fc32c214,opdivo,2,0,0,0.5915691101236947,0.11803204719213846,0.29039884268416677
bd30afe4f5372f135e1c6ce27baac39888c2ff77,ocrevus,2,2,2,0.2703064361053761,0.17202490154746952,0.5576686623471544
68f19dc8e8c92eba072ed519970a717d0d6c8a4a,opdivo,1,0,2,0.16746762093419887,0.19427278581017268,0.6382595932556284
0d87ef0fc81c72d3b29cef44b3dd47212dfcb9d4,gilenya,0,2,1,0.3185119094195303,0.40928183943505975,0.2722062511454101
1c7214a79d2dedd68899d156cc1231ab44a64c3f,crizotinib,0,2,2,0.19489497898654065,0.1477250758069409,0.6573799452065185
a8877f09a8edeb941b8754135b414f3a299993ef,humira,3,2,2,0.19110853695055852,0.23285152171985402,0.5760399413295875
7b7da85bb7506b7b49f344682cbf924def496ec8,opdivo,2,0,2,0.36506689975354195,0.16420450156464272,0.4707285986818154
8c2948af65125ac144e23e5bb50a416d3e154bf3,gilenya,3,2,1,0.14050212679608712,0.5214801731034129,0.33801770010050003
4e8d33fd7e9494562d20ff0261a66795a620e173,cladribine,0,0,2,0.3243156999401722,0.17984390327209934,0.4958403967877285
65b98aec4638fc6982d3b164f7f9225342a47a2b,gilenya,3,2,2,0.20340372566448386,0.35824702402748376,0.4383492503080325
44c0620597f56b6e0aa93be1898439543581fd85,entyvio,4,1,2,0.16965490890103072,0.1982583896537154,0.6320867014452539
a2552f9247d2c7a8eda5cee005da09d9286d9cee,ocrevus,3,2,2,0.21873752948663258,0.16912439506421154,0.6121380754491559
b39b89819b560fba8b0700c9e4c8fe95495ce4b6,gilenya,3,0,1,0.261210010147659,0.6194564523223695,0.11933353752997171
573582802446f203557bf3183a6e2c5038b1341b,humira,4,2,2,0.0833520723026399,0.15293850915503066,0.7637094185423294
e97240d56b2b30015e45807f78ec2f88cb4f50d8,remicade,2,2,2,0.10995718335880003,0.18455376576646149,0.7054890508747385
b46293c97828b4192e082912354b474253a9c2e7,ocrelizumab,4,0,0,0.6815500196684853,0.12710202240762364,0.19134795792389114
1e7665fcdf0ff7f5e5fd6fc25aabae85929eb119,ocrevus,1,2,2,0.342722544372543,0.20798210554173313,0.449295350085724
0e1005491dc3e645cd78463d7cc3d0c92d5c3441,simponi,3,2,2,0.09002580532928757,0.15339827720454727,0.7565759174661651
03a8d71fc4d1bfd18f52286e42413857cc8428a8,avastin,0,2,2,0.18975237871544615,0.14831056482951702,0.6619370564550369
595c00823622347821344f4a4d5608c648c7d1bf,ozurdex,1,2,2,0.22316655736034088,0.23178795237086236,0.5450454902687968
9e9ddf1105415bce1dfd44763d6d61eb2ea469f0,entyvio,2,2,2,0.12760599597089559,0.2063656985184445,0.6660283055106598
3bd7114be571cd977c263eaecd8643a344bfa509,humira,0,1,2,0.10687784829664343,0.20260260460048557,0.6905195471028711
cc76dd1e7ed4653e9fa009af8ed11af924e21c91,stelara,1,2,2,0.18032086256407887,0.15658894631833095,0.6630901911175902
6b283bc47d8e2ad156aa0272181f1596c0252fbf,remicade,1,2,2,0.11558440727668187,0.16574668423987107,0.718668908483447
bcaae3b34d8776d9dd7a0dfa7d407412af0ea937,entyvio,3,2,2,0.125365632919775,0.26672517225644676,0.6079091948237783
10d5197338c8c04546e61ee0856ef729a050cc6c,gilenya,0,1,1,0.15410603946397836,0.5952273042695204,0.25066665626650114
67bb71611e6a4984a68943c0d23b57c734531cbf,ocrevus,4,2,2,0.31438647792410884,0.14567999237990684,0.5399335296959844
7a360041313b223e539ca1cb11ef25a47d3417f6,gilenya,4,2,2,0.20694074066762272,0.16485974960637598,0.6281995097260014
b20e8ecf3198f6843cba155c3ba252e4bc1fce76,inflectra,3,2,2,0.11890000816994718,0.08704972644704019,0.7940502653830126
f195f4d5edbae5795e4b1930590cf876b9e11165,fingolimod,3,2,2,0.18779594155816803,0.14227053592736902,0.6699335225144629
85658a2e45c225b135c2c9cc083c05d8ef057899,humira,4,2,2,0.27727037689558504,0.2978057093634398,0.4249239137409751
608b8fe4ab38270286378dd69fa58f946546f492,fingolimod,3,2,2,0.20855090889370217,0.23008040801799132,0.5613686830883065
038676ec46950a0952ddcfc70eba5575ff32af10,tarceva,2,2,2,0.2954643777141037,0.12002282669388835,0.5845127955920079
04ecc13ff904dba80145d60b5ffdd3fcd69896c2,afatinib,2,0,2,0.23585222078855964,0.14864714083741618,0.6155006383740242
0fd281888b5db69426ad257bec7ad1ab5328df52,macugen,3,2,2,0.15287323009546858,0.0723527404078723,0.7747740294966591
07e4dda46a6890606f054380f78155cc5ccfe399,remicade,2,2,2,0.16799810110658675,0.28442495492686615,0.5475769439665471
5ca98b084aedcc4ed3b98d825311773963668686,cladribine,0,2,2,0.25143782109204665,0.1104403156118499,0.6381218632961034
4699767aef05e0d6718ca3813bda1f4f0682c56c,keytruda,1,2,0,0.4823284530285056,0.09591740460955352,0.421754142361941
b32a207cc6197533e371f3a5d563338628c7108a,vitrectomy,3,1,0,0.3403961808939487,0.32256205328774623,0.33704176581830503
0cc9173e62d1075d3d599d185bf2999a4e65a827,ocrevus,0,2,2,0.28642403632058605,0.16127269667781569,0.5523032670015983
d4ed9fd65a1021fc76e3ca4d950d9c6b999b339c,alecensa,4,2,2,0.10675621455382804,0.11459744920926074,0.7786463362369113
ead1d010ce3c1cfa4c2530fef0e2bf9949e9145a,lucentis,0,0,1,0.24876168210716393,0.39689004475649164,0.3543482731363445
7c2a7cc67dd5a44494b78636d7eb50184062b843,remsima,2,2,2,0.13144324787899697,0.09979131447833396,0.768765437642669
2301579986e988861c127f51b04d0d8a3af0bad0,ranibizumab,3,2,2,0.20092776058755396,0.0716074572408471,0.727464782171599
23e11e2613b2a985abcf1c733830f4880e8bf04e,alimta,2,1,2,0.1632800114835826,0.2893982345184248,0.5473217539979927
86e352f1249db5cd8370c79481368e9145e7c33d,fingolimod,4,2,2,0.28047638091315724,0.293073541287117,0.4264500777997259
3d913b83d32a96d019e2a08c723a1feaee532028,stelara,3,2,2,0.10536819440243572,0.1346351967847728,0.7599966088127914
037d5ef2c55da4808643c6c05e263784eb19f198,remicade,4,2,2,0.12322698266273016,0.19838142185989666,0.6783915954773733
9d78846a292d2ce368f6b5f4ac82fdfe11817435,fingolimod,3,2,2,0.1582249060103874,0.19377959656300098,0.6479954974266116
09a8bcbff4bbfeac64bf7810bf8c73860c2f0fa7,ocrevus,0,1,2,0.1735002008578096,0.3795204644554062,0.44697933468678414
2e24da341b9f6bb7f16b4b057fa4251ddc7e9cee,ocrevus,1,2,0,0.5247963651829418,0.14986513055212272,0.32533850426493544
de785ae55bf9b81556cf0121275a23280bc78844,gilenya,4,0,1,0.34795917089338757,0.3793433727218179,0.2726974563847945
805f8e1dc7d634d605516a2ed0e492e967570f81,osimertinib,1,2,2,0.20133473781221464,0.1858304713555986,0.6128347908321867
505bf9f390c109d3230dca901330efce9c556fd8,ocrelizumab,1,0,0,0.4147240071651436,0.18242258064993144,0.4028534121849249
2985d193ba1d1820f638da9867f450b69135a292,fingolimod,4,2,2,0.07917050807346865,0.2754101583364933,0.645419333590038
44399129568d6ebb60f20cee6482c5b756a7b029,cladribine,4,2,0,0.3550513960665609,0.29997935908652223,0.3449692448469169
75fbc295b188b9740299b9eb43cf6b281b5e461b,ocrelizumab,3,1,1,0.129817229778332,0.7314744184291505,0.1387083517925174
a5b074e785799a7b92f85834c00d603ea2d5a0a4,ocrevus,0,2,2,0.10877126417497412,0.10073287359292335,0.7904958622321024
be7f483bb753b32056d292c383f48812e5a298ac,gilenya,3,2,2,0.2471581582327016,0.213327305033074,0.5395145367342244
68199fa8121583b8438220be486b784408c3c64c,gilenya,0,0,0,0.4273682892779701,0.41243725532473235,0.16019445539729765
d3c3ea2b1b0fd8d3975bf907df8cbf5a75ae9200,alimta,0,2,2,0.16665193043701612,0.25911882882922727,0.5742292407337566
7f01896ff12e08275f76f2d3fbfa211896412377,gilenya,1,2,2,0.2518452402276652,0.2421772010249128,0.505977558747422
392ebb62929c03088b025e63a532d46fcb76956c,remicade,2,1,1,0.17002528224123697,0.4906793830513257,0.33929533470743733
cd6eaf6caf154c86d552a7b6d9da9b58a290bde7,entyvio,1,2,2,0.09594558986756424,0.21006034481555572,0.6939940653168801
5b120d68b1b609a21ebe1f1a53cc7f4a6df46844,fingolimod,0,2,2,0.29657476575251535,0.3054180482287935,0.3980071860186912
6388531f1d8ce7c27a847532898f5ee36b6422ff,cladribine,4,2,2,0.18354992038007242,0.15619798395416973,0.6602520956657578
f2be17c794911feec46c555a246e82ea19efef62,ocrevus,4,0,2,0.3188605986474443,0.33201515095770184,0.34912425039485395
7734e5e766d9e5cd17e8c1ab3ac109c09018954a,fingolimod,0,2,1,0.08968386082028998,0.5505720983059743,0.3597440408737358
5748ba10c2773039021b01d3a7cdc933194d0d19,cladribine,1,2,2,0.2568134300927452,0.3377104605893087,0.40547610931794614
2437eaf4d6267b252d20d74e2e99b6ed357ad296,ocrevus,4,2,2,0.2149965247006581,0.1482099583151795,0.6367935169841624
2f5ea2645e9401be049c580e2e5d2582d33365c2,gilenya,3,2,1,0.12686027927561694,0.47800029679936634,0.39513942392501683
0122b46bd99652eb1a246c5752d923a7475b17be,ocrevus,4,1,1,0.18836933596478772,0.5389448926187804,0.27268577141643197
5a85d03a84de6a0a7d75132678a12f9dfc0870d6,gilenya,1,2,2,0.2549724737347325,0.2688852821548269,0.4761422441104407
22a389de9012a92d0e3395dfff4df8113c98f217,remicade,4,2,2,0.11383530269104429,0.08686035796319438,0.7993043393457612
aa40bf8e3ba256c36d1e7095d4c6aeecc2aebfbd,inflectra,3,2,2,0.1107001155080338,0.06781138070586983,0.8214885037860963
c8fdd1551df50a935b7350bf5c5af3983bf0b184,tagrisso,1,1,2,0.2655752658200791,0.15527550402296916,0.5791492301569517
103c405bc4c8d83d089c3a4fac25b16facdb567a,keytruda,1,2,2,0.3312217374734307,0.24463456100372133,0.42414370152284797
f79566eca1fc4eae5e852521657b07fe8a5c2c81,gilenya,3,1,1,0.2063375103997696,0.4221788670261476,0.3714836225740828
ae2f77f2fec86ee3503fc08602b5c68b37873200,keytruda,2,2,2,0.222784802798267,0.22843853231805464,0.5487766648836784
5d57f77ad2b29a580437c3747992fdf47a777ade,ocrelizumab,2,2,2,0.374930032405176,0.21389113385772976,0.41117883373709424
b8f2632dafe74ac5c1cf4321af4e47858a904987,almita,4,0,2,0.1292112358360974,0.11386768262152035,0.7569210815423822
c3507abc06eae2cd408c367edad42adeda909d90,stelara,3,2,2,0.16310911243220494,0.12042071395312534,0.7164701736146698
522765ba4f4e4c7799c501454fdee217d3a5f478,necitumumab,4,2,2,0.1839377867260669,0.08445010341145247,0.7316121098624806
64f0618cf4536ab105e4d6a18bbbe052dbb3f42a,remicade,3,1,1,0.17605083646112418,0.47996622021875107,0.34398294332012486
5fe9b3946ea849b80c361adb8c36d69efbeddfa2,opdivo,3,2,1,0.09380124765892572,0.5188943132315382,0.3873044391095361
0b4524add33e9b8f9c9427e51f49b3bbc217f94c,alimta,3,2,2,0.11732330109343016,0.1093567414707192,0.7733199574358508
09747af399a93642a7d4f47d0f1964a11cd42b45,opdivo,1,2,2,0.2672066139909299,0.2067536578430631,0.5260397281660071
ae49e9854de0997e672073e5245c5a9f4b91d082,ocrevus,1,2,0,0.4418132485570794,0.31367546235773747,0.2445112890851831
17def5a5ce7b185bee69ea4e6a80706022bce1b3,ocrevus,1,2,0,0.44144592183728243,0.24249768489927057,0.3160563932634469
5b1eb794afa7af4e76c13995034a9f1a36f0f421,alimta,3,0,2,0.1609024507240441,0.20001340598911901,0.6390841432868369
074d097966c559efe7d32a5a4d323838599ee7da,gilenya,2,1,2,0.12491175755217615,0.4233828803769626,0.4517053620708612
fe0c8322d299802e592bd41837ba47c8ba3ad488,gilenya,3,1,1,0.16427033519068598,0.49421265847840046,0.3415170063309137
a3e4dcb5bb2615932037e24477cdb56533dd8506,pemetrexed,4,2,2,0.07636015046354215,0.1419011609328379,0.78173868860362
57dce7c208c35af83c7baeb050c3cafadc9018e5,ocrelizumab,0,2,2,0.3821614811173361,0.13822508625691712,0.4796134326257468
b3b0cabd9c9ae0b9741359e9bf5cb27f3f5257c4,gilenya,2,1,1,0.14755908323455347,0.6248205532596041,0.2276203635058426
7a8715045689fb77862e6425eed0f55ee079ae1c,gilenya,0,2,2,0.2855286179917388,0.34022421517399815,0.37424716683426307
6ea3a67e03c3de80c4840e48cb3314855f209c19,opdivo,1,2,2,0.2108418660580488,0.17333701780915828,0.6158211161327929
cf7545e757887ff800ff6db2ee60a44b53ad7fe6,yervoy,4,2,2,0.15480720374667456,0.1487703397244532,0.6964224565288722
62e7e1f99d4de15312d657302ac2a0fda47cac9f,ocrelizumab,2,0,2,0.1916453568192782,0.10195606539395591,0.706398577786766
91eada06444281caa831377e56eece7d18cce653,ocrevus,3,1,1,0.26434713930060233,0.4258865200674924,0.30976634063190533
08e3deb07a43136706e5c168b44c2718ab233648,fingolimod,3,1,1,0.1287632354556904,0.5449147194544282,0.3263220450898815
a14310087a3e3a18bda0bbf3bb883752435eb4c7,keytruda,4,0,2,0.3888864115294782,0.2176611303369651,0.3934524581335566
e1f338a5966e9b343baaa9751b0c3e53adbc9d33,opdivo,2,1,1,0.3701033404835521,0.38412081736299186,0.245775842153456
37d0699626c5232143fcab5f73ee5585cef5e464,cladribine,3,2,2,0.21849435594140448,0.16084557213051973,0.6206600719280757
a76b7316d04bdfd0be20c39b765a74d1244d9959,entyvio,4,2,2,0.22851629826952066,0.17588682365818023,0.5955968780722991
4a4af7fb9d0a70b0ca144f7465182e8f8b8ca7db,opdivo,0,2,1,0.2552350983102191,0.4261183638676592,0.3186465378221217
034f07da1a42adcfbe1cda21b3662cae025e5019,ocrevus,0,2,2,0.1781068634743973,0.20175076247796464,0.6201423740476381
e2db17ce0022b9236edfe601386a50e1a853e5d2,gilenya,1,2,1,0.28603651628984783,0.38460556317004696,0.32935792054010515
f52942622922f782d8a9558fad0ff32f997f4d2f,avastin,4,2,2,0.107627579893997,0.10044905887493424,0.7919233612310687
8ea7283410fe4805fbd7e621b85293f81d9366c5,ocrevus,3,2,2,0.14212247674012662,0.1821185079828964,0.675759015276977
0f5de3721a5acf009c8015bfcb4836cf56ea58c2,ocrevus,0,2,1,0.25571026029708055,0.4572819545013609,0.28700778520155856
079ce74a293e108153d17f1702d36fe07b71a56c,fingolimod,4,2,2,0.28621110218221296,0.2993505343773618,0.41443836344042534
d73016e3dfef4c3a3d105ae8afaf87e244425586,simponi,1,2,2,0.19797848670180687,0.09211408942862696,0.7099074238695662
fb3261c16ea68cb7b743b6fb38aa313b5db31aa6,avastin,1,2,2,0.15379648264367637,0.14403353068377492,0.7021699866725486
6a4b92893fdab97cb0e841aac3b5a57958c87da3,eylea,1,2,2,0.18236548850721665,0.24992786580005108,0.5677066456927323
4794881adb226887e2573e050b165fdadf138485,entyvio,4,2,2,0.18356835524775386,0.14879651272096517,0.667635132031281
8a269233fe490ab29ad36b9a4a9cca8181569222,opdivo,3,1,2,0.24593783990807935,0.35148924800213577,0.4025729120897848
cc9a49cd6695e05c22601553512c2e9152e36f9b,avastin,0,2,0,0.44115276186843627,0.20402643227934225,0.3548208058522214
3db59d6ca8c52fb89b3915249ad4278a69f43aab,ocrelizumab,3,2,2,0.10299124974627578,0.3082588569543082,0.588749893299416
c42688b22ed8ae52020215d4e488e34ff9a159e0,imfinzi,4,2,2,0.2054526296870601,0.16711650209637344,0.6274308682165665
e97f43a7b1a922ea7d1ab24bc35dab342d61e8b1,ocrelizumab,4,2,2,0.23963317499717288,0.2628469411814219,0.49751988382140533
866f43e7574c25786f9c4e97893d041a12c78a3a,ocrelizumab,1,2,2,0.35390449093393767,0.1511062774278081,0.4949892316382543
ed282df3fd9002dc56353f1a24e41f4497e45ac0,tagrisso,0,2,2,0.08742953411269636,0.15211663328557798,0.7604538326017257
8dec800c53934569cc645a6dc19ea5751a9a06fd,stelara,2,2,2,0.08985695859326384,0.061284005726061866,0.8488590356806742
e20ccec130495156b4c8f116ca1d435a9972c0df,ocrevus,0,2,0,0.44682166814929164,0.14326849393806448,0.409909837912644
4c3a2185217d889e6120f7e09807c549c41f9235,tarceva,1,2,2,0.20717283044906865,0.23941238510816057,0.5534147844427707
d8d6f520bb232414945e26686677f0d236dcedfb,gilenya,3,0,1,0.3489048704506094,0.3665337896326242,0.2845613399167665
d280c5c879b055a543a05b8932738c581fcdafe5,gilenya,1,0,0,0.37698890799575835,0.25251330316352183,0.37049778884071977
30a26bd8bace5fb1017c29d49ee32c3949c4a8e2,gilenya,1,1,1,0.10634536717454579,0.7269811397888492,0.16667349303660495
744f3a6d7e08fb8a40f67e9812c080c45d182e12,stelara,3,2,2,0.11370316158030243,0.40010353255059516,0.4861933058691024
a3712923dac450df2050f977d47bca9db6b70d21,cladribine,1,2,2,0.25223745977505657,0.17551576289168494,0.5722467773332585
7e015f4a1c6b12554af2dfaf59034ff58789bce1,panretinal photocoagulation,4,2,2,0.22764601926502281,0.21297991056613622,0.559374070168841
9374c91053946c5c3c60ab35dbc61771e7583798,vitrectomy,4,2,2,0.26262762541641727,0.34014527563594416,0.3972270989476386
e7517133aba86bdb43c230a2d9f63dc0d98bcbfd,ranibizumab,0,2,2,0.2915118307406551,0.17676675902615333,0.5317214102331916
2eab3861d386fe28caf61522ca164bc52a173535,entyvio,4,1,1,0.08575645735998734,0.5296240181961074,0.38461952444390535
9f1bad59ef63be81c9fa3ec782efafa3ce35a242,tarceva,2,2,2,0.3444920005767897,0.21368814131068223,0.44181985811252805
e14ed7ee5034403a4640acf43a4a1f9b75993025,cladribine,0,2,2,0.2639302970913662,0.10193306216075015,0.6341366407478838
0fc5ba9dd5ecd99449d5fa1f9d9185158f2ea3f9,renflexis,0,2,2,0.11396412401512228,0.07020203223785351,0.8158338437470242
c1362c67a1bbc51502999f0e9339db107a955697,osimertinib,3,2,2,0.3430486228036611,0.17763064563549227,0.4793207315608467
b6b825fe8f06d2e933853ac412ae1d71387c6b06,tysabri,2,1,1,0.24670376327223445,0.47708476896390295,0.2762114677638626
4ca245b88e47ab6960741eab4a98de9dc14b21c9,keytruda,1,0,0,0.532857538794752,0.2247827814954676,0.24235967970978048
93e0d67ef977209158862f01b2094e753f4121f2,entyvio,4,2,2,0.1624534477014976,0.07975463193913353,0.7577919203593688
aaafe727b110a2e5317954caa90b0f9726b280db,bevacizumab,1,2,2,0.11130285418167965,0.07818615201901312,0.8105109937993074
6cc058e0b0408d92a9703501829769b4c697629c,ocrevus,1,2,1,0.245935440219136,0.3974848622703535,0.3565796975105104
78431032f4ebce5913c97d9c4d9f7530f68d2342,gilenya,2,2,2,0.22874663510823637,0.21955418235162033,0.5516991825401433
4caa6535c469df18ffcc960782446ef96c0b8879,gilenya,4,2,0,0.5673686652659182,0.3337943616655669,0.09883697306851501
1fc6ddd70bedc36687cbdaef996ec542e7ce6634,cimzia,2,2,2,0.10588461823471858,0.12439142185855045,0.7697239599067308
f0d6c6ce706d6c3da1c695bb257df5133c96cf01,gilenya,4,1,0,0.35657864694883673,0.3458259600701702,0.29759539298099313
1f70d2b7dc93d1fd38464b8f2925393bce1d183c,fingolimod,4,2,2,0.23462493319585428,0.3093026257848701,0.45607244101927563
6d101e0c61af9341c151df4ffd845154c6d8a353,entyvio,3,2,2,0.23691980830961049,0.2653507517656244,0.49772943992476515
c4266886fb7babf0cd4a61a86fcd1edf193bdb67,ocrevus,1,1,1,0.1422652689905684,0.6386854753136219,0.2190492556958098
ded44822ca2e34493edbf00499cde37e96239a02,stelara,0,1,2,0.3533191732266568,0.27434091504106645,0.3723399117322767
dd61d38fc10ef70b69dd3560c449759803142f05,fingolimod,4,2,2,0.19733363343785587,0.27365814117301546,0.5290082253891286
2426616bd4c253d5c36f895a858e9b543163d323,ocrevus,4,2,2,0.3795936990435008,0.15650815938424265,0.4638981415722565
3c51f0e3210a7e2e6cfc2c6f822cdf193e489b69,gilenya,3,2,1,0.28512855401786624,0.4613052676845042,0.2535661782976297
64395b9d0864c542818b7ec6166936c23f007fe3,ozurdex,3,2,2,0.27040018605553706,0.33998393982944475,0.38961587411501813
5483849c45d55d2cd019169c4cee18fdeaa7497a,fingolimod,4,2,2,0.22631252483989772,0.15386588036217794,0.6198215947979244
56679d095029c084b0573bd4dec9ad65fab093d1,ocrelizumab,4,2,0,0.38398864262612814,0.2672717645919973,0.3487395927818745
a552bac33e3a68d506dfdc032894c2f20e2783a5,entyvio,0,1,1,0.2495192166828299,0.39062610509255424,0.35985467822461586
50d9cbac4f7360d9b02b7cfe25d60782e9ac792a,tarceva,1,2,2,0.3596119634256958,0.2132408857141384,0.42714715086016575
6f006a2b8e506beaf6bb89d75eda49ffa508c278,tagrisso,0,2,2,0.10075016770677389,0.13985590672629333,0.7593939255669326
d4bf00a86d1926a78bfc231559caee111108d9a1,eylea,2,2,2,0.2689531654448122,0.10749277282039697,0.6235540617347908
1f09909d46076818a7ed259d51400c965ae722c1,remicade,0,2,2,0.1380501200704768,0.18799655454039166,0.6739533253891314
8b5e77e3b7eb3260669fac42685d51309cd68c56,entyvio,0,2,2,0.09454003739303225,0.3121947185592539,0.5932652440477139
5a9722e6bcd97696d7c685233ec3746afcd50b45,ocrevus,1,2,2,0.2856193892143153,0.31340934446187974,0.400971266323805
a253c4c23da79e6c4ac7d99ffddb88ad98bd310a,ipilimumab,3,2,2,0.2601429615581321,0.24199553927061818,0.49786149917124967
dbdafc9a736a26aa6b8a2ea29f25fec849f99ac4,ocrelizumab,4,0,2,0.34749385318823245,0.23372765579629715,0.41877849101547043
041faf141a2edef10edecce565362af50d6c1416,remicade,1,2,2,0.09444106351816307,0.1541281191940349,0.7514308172878019
617b9c84a89ce88f63557c4606459677dc698081,gilenya,2,2,2,0.08865709968990683,0.40521797179411595,0.5061249285159772
dc36b5860bc7ea033a05c00ed0816b0ac4183f0f,alimta,1,2,2,0.4063492728590802,0.13324504303998744,0.4604056841009324
72886b9a60cee4fd01e0f0f45eb5c8a7b729f747,alimta,1,2,2,0.18592316132089987,0.22650126958689443,0.5875755690922057
1d48905a815b7c6b19e8587c1fc6ea05348708f3,remicade,4,0,0,0.4258117110211128,0.3490624475358346,0.22512584144305264
1e106df829f67257855841cd706d629fcec44d38,keytruda,0,1,2,0.29570508967025694,0.2345207991139574,0.4697741112157855
f1ba9d2b0cdee8667d2ab182024d30fcaf6cf006,keytruda,4,2,2,0.352679691158007,0.1694560344348175,0.4778642744071754
2ad3af0793a768d09a6de49e81e16dd475e407fb,tagrisso,1,2,2,0.3798069931179217,0.15643947303194244,0.4637535338501359
18d5d2d0e48dc5764fd9c380ef8ade20771b4587,alimta,4,2,2,0.1581008076021464,0.32310718582698816,0.5187920065708653
62833770d29358e08946651f69cd91cbd0582b5e,tarceva,4,2,2,0.170110254410244,0.2278452520486427,0.6020444935411132
822c3b0c8b83748b8bba3020a288507e1c97aa35,ocrevus,2,2,2,0.28521256769240316,0.24239243198955387,0.472395000318043
9cec17bd0b080285e66e6b7f20ba458a4f161f7d,xalkori,1,2,2,0.25612807865856474,0.19620171470159045,0.5476702066398448
fe05d148d4aec10ca38c112de2a4e3d05294e9d3,ocrevus,3,2,2,0.3219924067798711,0.22010818373721355,0.45789940948291535
207f1baf1a3b4ec7320d3b0552fb1d1c6ee01b68,ocrelizumab,3,1,2,0.1154485875959916,0.1803889807459444,0.7041624316580639
dda06da15765da2191699962527c1da8543cc61f,alecensa,0,2,2,0.16702670184099833,0.07227870341817515,0.7606945947408266
d780cd3edd7788d7e1b798b892c48bbf9a2428ab,ocrelizumab,0,2,2,0.2872555079241271,0.18701454301938697,0.525729949056486
71411911f1a85fc7c3897d4dd59579d52da86418,gilenya,3,2,1,0.17765206832862981,0.5315255716562378,0.2908223600151324
2e337b59948f069a9ab7355f36bab6bd6332a281,opdivo,4,2,2,0.22518634786954442,0.2298198426050348,0.5449938095254209
cea1a2622db341d0c2fbdca023935b28cfaf2765,remicade,2,2,2,0.2911748853105142,0.1733885626349901,0.5354365520544957
1c6652ccfc2ae52e350910cd9b134fc6f4667ce8,vedolizumab,1,2,2,0.1346579990251989,0.10514967841591939,0.7601923225588817
d6de9c2add79aaaf3d0bea54a53dc744ba7a7262,ocrevus,1,2,2,0.2145989054144744,0.15672457703108564,0.62867651755444
d980291ce5350c4a4b1246d0cb058093804e436d,ocrelizumab,4,2,2,0.3210942116854182,0.15847590999610167,0.5204298783184802
99429204c18e00234b21cebdcfa72a37fb7319d1,ocrelizumab,2,1,1,0.22303911339100932,0.46308162091728095,0.3138792656917096
8a49615e36f1d78cda840808db86f2fa7050b65f,eylea,1,2,2,0.18564424671532032,0.20894714086677946,0.6054086124179002
8b55290467433738e35930d74b0f5cbd8afde30c,ocrelizumab,4,0,2,0.22787859221601905,0.1631523655845169,0.608969042199464
be2c0681a82a1f8cdb446f10488031cfc9a750cb,opdivo,1,2,2,0.14334617352802503,0.4032022020725432,0.4534516243994317
ac41a0057ee58bf1817300348fdc255cf6f98bac,gilenya,3,0,2,0.3562463110726133,0.2498782541184484,0.3938754348089382
fb28fb6c166c44fe1aa63ab6fe40eceaab2f2de6,ocrevus,2,2,2,0.2629761569441808,0.21523232908159842,0.5217915139742209
20c47ce73b37ea2b66f50ea2a158a68c79e1acff,ocrelizumab,4,2,0,0.5364802773038606,0.21099789872368366,0.25252182397245576
a2d4d96b96f0984d59ec71daa45660c0c6c400d5,entyvio,3,0,0,0.3942417442301812,0.22642673311805875,0.37933152265176007
184aa0a50cc281e0a07bf3da80551f5cda7506d1,afatinib,3,2,2,0.15014538572462324,0.1917346517344008,0.6581199625409759
a8c2051a4f7233f151f237802149f20a9d515c4a,stelara,4,2,2,0.1772164724456695,0.1141651001356652,0.7086184274186653
289ce7a0735efff62994ad54ee715f0c48a7ff57,xalkori,3,2,2,0.3278059369592215,0.2347956772908395,0.43739838574993906
79729251f20207446ad032f452ada23f1c9d94b2,osimertinib,4,2,2,0.27465875500383935,0.1897712192842244,0.5355700257119362
b1abcaf457241888ea46df9f898d11f9c2b17679,ocrelizumab,2,1,1,0.21357293684333833,0.5731529304421797,0.2132741327144818
8211ab8275ae128697b83286a9f44eebea8d1b46,ocrevus,4,1,2,0.19547293724799503,0.21037152861069613,0.5941555341413088
d7e71789768671e227d4cf18265632097259ce93,remicade,3,2,2,0.07986786135218756,0.09278893640656663,0.8273432022412458
fec58691264e72c2e939f533666defcb061c2581,opdivo,4,2,0,0.4733484298104584,0.15057051055704349,0.37608105963249827
f838552f66effd7e056a6efdb08716c86eac9179,ocrevus,2,0,1,0.2798606938985675,0.40474027063680595,0.3153990354646265
3d6791a6e98ea3b4efb1ebfdde391b777585ce1e,entyvio,4,2,2,0.2764283543459175,0.21275809331590342,0.5108135523381792
d8da07db2485eead603198526ab4d807eac2ee7a,stelara,1,2,2,0.28793572598471057,0.19550572895171237,0.5165585450635771
dd66a30776b77de101a534f7123f5fb374444561,stelara,2,2,2,0.17432203436357738,0.3464475905825295,0.47923037505389315
52a51484163f7adf3bdf2695b482bcd774cfcefc,humira,2,1,2,0.11510438336314553,0.3685143354928603,0.5163812811439942
f3bfdcdc9e72d2cdf4715f2ba24d31e7680861a0,gilenya,0,2,2,0.2211707733622653,0.1695794271361174,0.6092497995016173
f1a08cdbd8f6aa4e3d69453d2a6a57958b938192,alimta,1,2,2,0.157488065013502,0.13212306273410301,0.710388872252395
e7756f36407409b881c1e6c9ba0635df7e57ca21,gilenya,0,1,2,0.24035708553478852,0.33691258026135945,0.422730334203852
5c02f2d22dd6c3d4a2283baa49d3f1a037dd236d,vitrectomy,0,1,2,0.24501645898568414,0.17124602563180621,0.5837375153825096
4422b5f0d099af44eea46d1e19218218a684b97c,opdivo,2,2,2,0.30233338592714176,0.25666971742369205,0.4409968966491662
d20cdf164154b9a96643c8766194e56f96af3842,ocrelizumab,4,2,2,0.19427463585327615,0.17603674881900097,0.6296886153277229
08e776b3ca9ffd43db236382f94f472cec423bba,ocrevus,3,2,1,0.22597642983753127,0.45453286219928135,0.3194907079631874
6251628b4f66f3f1a0e437ec45132ff1278c8360,ocrevus,3,2,2,0.28639967109002223,0.20922771717698813,0.5043726117329896
adb45ad86dc32c69b8d7f506dd84703281dfca51,xalkori,3,2,2,0.2141342658129523,0.21242942511604945,0.5734363090709983
8b4e55e888b559739e2a31be24d6a7162194d341,atezolizumab,2,2,2,0.06932227322169557,0.09685176194753074,0.8338259648307735
d7107d9597262f356f86674d59c8971ae718fbfe,ocrelizumab,1,1,1,0.26122641203568064,0.52179464532691,0.21697894263740936
f02250ef00a98df0d7725ab608dbbac84aa2615c,tarceva,4,2,2,0.24837148690103242,0.2613906481977447,0.4902378649012228
4c872a032cd14297752d44f8a0d60a61eb240195,remsima,0,2,2,0.11371398199573338,0.08375339416578742,0.8025326238384792
69a0335c2cce054bab33557f6953fa4e85bccf7d,keytruda,1,2,2,0.20085785894002608,0.2576717723817525,0.5414703686782215
38510d63e36b2c900d103fb09a321f6b5363e780,remicade,0,2,2,0.2617075414679465,0.22340058750548042,0.5148918710265731
b59db831f91091b0cc40b360c96ddc55f23a3be4,ocrevus,1,2,2,0.1855652382191529,0.17382720442672295,0.6406075573541242
71173f4c916f640d98b698775d0ac9e5d3758798,ocrelizumab,3,0,0,0.4084606707619828,0.266054812030093,0.3254845172079242
e30683bb9d01d2853a397b4f0a0963273400845a,cladribine,0,2,2,0.17153819256488778,0.1321328178354764,0.6963289895996359
b91c7010252e32f3a4c2515a61d3732addf3ca19,fingolimod,4,1,2,0.2013490740710459,0.37590086469953515,0.42275006122941894
9996daca0c885995da76efc62f288c356f33b173,remicade,4,2,1,0.11110973944111296,0.5732633632239363,0.3156268973349506
6f72a166436d914e9beada203207449bee3ffa88,imfinzi,1,2,2,0.318138827870546,0.13467426016559256,0.5471869119638615
e1a65455a2dc0a9b6708497eee8a1370e66e4697,simponi,4,2,2,0.17144468899421797,0.11684270698878978,0.7117126040169922
3748b9c244708e2253ca5495d7be40497c15738b,panretinal photocoagulation,3,2,2,0.21886589693167527,0.15038945452099559,0.6307446485473291
d56e000613e91a9aee6fa61e6345b9194a9570b8,gilenya,3,2,1,0.21934624863732055,0.5628444716029896,0.21780927975969006
70f5f2017c317f14862bc63431d7c330a16a3bd2,ocrelizumab,2,2,2,0.10228191594842569,0.1994019211710322,0.6983161628805422
3d1bed9007a40ea66bc51a08e6a861aa2fe026b6,cladribine,1,2,2,0.17626418934006718,0.07845341328873424,0.7452823973711986
2326f6d21cdb7836efb9e10dead0cb474bd286e2,alectinib,4,2,0,0.43868222707086507,0.24390586186308308,0.3174119110660519
1171fb121b512683f3c165a88f37d9be835a6bd6,fingolimod,4,2,2,0.20112422057138948,0.21000417934384288,0.5888716000847676
ea2f7ab472e2cafa329ea920bac70797711c78ad,opdivo,2,1,1,0.33752263269409294,0.4054564365356271,0.25702093077027993
1f2098f27c4ea2d355c7664fbf28179b1843d8d7,atezolizumab,0,2,2,0.12539417239688888,0.11732251429437926,0.7572833133087319
e44504f29db8afbdd7b6d89ab73c8a2dfc064c76,tagrisso,3,2,1,0.32408941513269907,0.35215421423729565,0.32375637063000534
cab3f9e6d72d69807b1059389c77ea661ad91a79,cladribine,3,1,1,0.16569739615620688,0.4554907161194305,0.37881188772436264
e4ac23a699e3b0255187730df9758c4b3c4474eb,laser photocoagulation,3,2,2,0.3353305625979195,0.1445350501450927,0.5201343872569878
20117fe677ebc12fdfc5e5c3e4fde23e98c649db,ustekinumab,0,2,2,0.2134156793760644,0.08719227077835835,0.6993920498455772
6148a830352fbf6ac7e08f18ea62373da3014007,tagrisso,3,2,2,0.1863123234618057,0.3339925203817537,0.47969515615644065
2e4f42dac214414f0ed8f5fa5d08481ea996759b,tecentriq,2,2,2,0.2151495218689621,0.12454845587124125,0.6603020222597967
e11b9b28507f6bd3c0f13a727fc7331ad42412e6,crizotinib,4,2,2,0.1544956090935212,0.10334096703947106,0.7421634238670078
47a2f9ee682d9d25a55e010044fc42b66e4ab04a,alimta,4,1,2,0.14337932006361495,0.4122483843389358,0.44437229559744934
15b8adabb634bade3873889d6036ce506f53c521,ocrelizumab,2,1,2,0.22387273137387276,0.38719057861033307,0.3889366900157941
6565ad0eba0da634c31d670e3bf55e9a9ace5bfb,ocrevus,3,2,2,0.21941885787368992,0.14653561217424793,0.6340455299520622
cbbf92bcadc4e61c958c8eb8e1bee874d891b8b9,entyvio,2,2,2,0.07673527797532813,0.16612136535897326,0.7571433566656985
09971f6a6877dfbcec2228beffbdd34deac84045,ocrevus,3,2,2,0.24116050634697325,0.36084464639931785,0.3979948472537088
3e6721236c1492022b63b5d0c76d09405c993093,cladribine,1,2,2,0.31837504760543517,0.12665697135274198,0.5549679810418229
c5ed4824a274d8c02e70f59a592f28bac5753e19,stelara,1,1,2,0.19568988613363728,0.2006295434215967,0.6036805704447661
ec33454d4ab47d7d4cb523a8a10759307f16d97a,lucentis,2,2,0,0.3514766743427467,0.3200108756637493,0.328512449993504
dcf05ea6cff4f0a7fb4912a73fe6e95d0843065b,ocrelizumab,1,0,0,0.5729011721052157,0.29423106935431964,0.13286775854046445
fc13630f159d5005c921a53ce038836917563ef9,entyvio,3,2,1,0.26991461002586264,0.38521109437757023,0.3448742955965671
f0f579ac409af5a5352123bb26e93498e9687d37,ocrevus,1,2,0,0.4256645994079652,0.23666672132878339,0.3376686792632515
0883807cad852c4d12de8adad661b1842856ab57,opdivo,2,2,2,0.17123969771196035,0.15829001253754735,0.6704702897504924
c6b7bd6959e0f6d6bd35353ab29128c0065d01eb,fingolimod,3,2,2,0.07571208886584609,0.09301728441228069,0.8312706267218734
d5a342c9551f15ff9bff38b5480ac8cd1c27a0b0,ocrelizumab,0,2,2,0.2701126426476,0.26921946768950594,0.460667889662894
3f713d5a55e1ae662ace3e3928eee9b31e547b9e,gilenya,0,2,1,0.20731571723205763,0.4832133661743819,0.3094709165935604
db7ef4a00769ab0f7dca2c0f2bf8ae8887f79c9a,fingolimod,2,2,2,0.34920175493515876,0.2059892455012816,0.4448089995635597
249a6560318131cb91610e816939a2d0339e8974,avastin,4,2,2,0.15631361356383833,0.09252851363802315,0.7511578727981385
cfa42f0bc7e8803c41adfe595da20dbb1fd2f1aa,ocrevus,3,2,2,0.11965839472327462,0.2042879312432749,0.6760536740334504
0a38f757623a3503ae0873c3b36bca3b61ebdb3c,ocrelizumab,2,2,2,0.2856089252897022,0.1657347014361039,0.5486563732741939
7d79df71e072a5d3c753dd35acd63b2b66d27808,vedolizumab,4,2,2,0.14180307408250153,0.11241772146215713,0.7457792044553413
7d5ea15059fcd91af83f20e1df93ab0deaed50b5,stelara,3,0,0,0.48367279797674706,0.15526172399906685,0.36106547802418604
32b8708995475924e79ede5a2515ce2b2fbe674a,ocrevus,1,2,0,0.4962559807456186,0.14758980150911166,0.3561542177452697
0485ff289d3aa347fc1059f3324bfc9bb5a5e747,entyvio,1,2,2,0.17085754487659263,0.12029391423075803,0.7088485408926494
ccb1364b095f63535962cb43ff6550465bc2b625,tysabri,0,0,2,0.22964936274325276,0.14802449772220805,0.6223261395345393
d7e5183cfabd513010d2253cbadbb0139c381191,humira,0,1,2,0.16546390587680104,0.3100080234881106,0.5245280706350883
825313f900a1da7a0bc7fd9d5aaa1778d04ba900,ocrevus,0,1,2,0.3142645719579035,0.2321118495313453,0.4536235785107512
6caf765635fa2bc36ff2a6816ec9a23f3e913954,opdivo,1,1,1,0.14773185259085939,0.43229991068187495,0.4199682367272657
c6fa6f4f9235b5fc308c514cf10624571d56a78f,humira,1,2,2,0.11979820807185639,0.12736797266872735,0.7528338192594163
edb75d459fd8a1121f456258eb341bce71bbdc72,gilenya,1,1,1,0.1608265146697819,0.5219975699218089,0.3171759154084093
2dfe3ec7cc0ab1a4f6894ce0d125937ba8ba577b,tarceva,1,1,2,0.15885598612001425,0.1846311435665307,0.656512870313455
0f9e23d5abf5c64e6e16c11b6125230065bd8edf,gilenya,2,2,1,0.18704818327962938,0.5291465862522391,0.28380523046813155
ff54eac69fc92de1cd082ec46f54803480e41449,humira,2,1,1,0.1541235982239673,0.5418292822610026,0.30404711951503016
d410cb1d9cb7a81ed2f5b05a7b644197e284ecb3,humira,2,2,2,0.21427172982342754,0.22571567359213154,0.5600125965844409
cadd26223f6e56fdf859db97b177ebd78461508d,ocrevus,4,0,2,0.20916767142331355,0.14445924372918523,0.6463730848475012
c014e748abf44797a0a2e4c04f7843b23bf830c3,humira,0,2,2,0.08526662006143483,0.1230636584124518,0.7916697215261134
fc517043b5e6ba4a7e19fe2b77b41e5b4a1dffcf,entyvio,1,2,2,0.24175572936030634,0.16947580257827063,0.5887684680614231
8c69d741acf03ae616300f9d74d4aed752acf9d2,opdivo,3,2,2,0.3348317063556685,0.18975159551702575,0.4754166981273057
4c2072c3683ef368fa389b281d3b9a1c6d409f09,cimzia,1,2,2,0.10852136095588016,0.08086236453207245,0.8106162745120474
f62b34538d102ac64f7777e1b60e0bd760880668,cladribine,4,2,2,0.1520902042841339,0.3495628427977285,0.4983469529181375
438d60d18adfd63e9d9f6c08c4a32b2a2c09efbb,stelara,1,2,2,0.14468266830627552,0.18230875882178574,0.6730085728719388
49da4b5085a72ec0ff219369ac8b7396b0d4c514,remicade,0,2,2,0.11777626731369699,0.09451009345692733,0.7877136392293755
75b70aebd619b83228d73da1df1d0b0acc56af57,cladribine,4,2,2,0.19065023988400484,0.164493004163262,0.6448567559527331
0db0c834d14f60726f9450862fd5b328a4d54f35,gilenya,4,1,1,0.23171873337304863,0.4197268703019771,0.3485543963249743
b77fd597d25ef586379df399192a410fadd0e133,cimzia,2,2,2,0.14766826096047297,0.14466677501211098,0.7076649640274161
3817b5fa3cb0289591f5402a7d2ca982fefae1d1,tagrisso,2,2,2,0.16401720102843323,0.06637348995232512,0.7696093090192416
69da97659ecb9402b5ac0a0268ddcbbfb0067860,osimertinib,4,2,2,0.06358366638221247,0.09910157233251236,0.8373147612852752
69b52e01f503f5733e3902a19129afc9c8f85c66,humira,4,2,2,0.15061568701369868,0.267591265189334,0.5817930477969673
14a920bb90fe4e882c6dd50370e1f040b7099ec0,alectinib,0,2,1,0.304148464153532,0.41197159663177557,0.2838799392146924
38b20c6db78da595a9cb4f7cd5bb7f16667e7977,gilenya,2,2,2,0.21709294973401697,0.17727137690468628,0.6056356733612966
f9f8d2cd50a911e95fbb69499321767de98227c1,ocrelizumab,3,0,0,0.506572056033681,0.2031473868633499,0.2902805571029691
02ca99dc49f5b70c234f04622db847d9f70129c2,lucentis,3,2,2,0.2550512729470105,0.1872427742728562,0.5577059527801332
b6a643c979c5d045582c902d3b3a7e46deaddd82,gilenya,1,0,2,0.4068530696995364,0.17574074865039824,0.4174061816500654
e18dcd9541a8b96a3113d723c985b15145ee7eed,opdivo,1,2,2,0.12924463992170024,0.15511281724231227,0.7156425428359874
46c58dacf060641f7b4b93036cd6030d1958ef03,fingolimod,4,2,2,0.2411328150462567,0.21255531416729725,0.546311870786446
fbb6bca8ae5e264d910bfc0b63e5158e5ebb5249,alectinib,4,2,2,0.28730899505161694,0.14316435414338927,0.5695266508049938
87b861aaeb731be4a5d6156de9bdfc397034eefa,entyvio,4,2,2,0.058610499369169546,0.11563971521093482,0.8257497854198956
9e6b58dd58c52faa73cd3d4dc1805e8d61a4fc89,gilenya,1,1,2,0.32453905374124614,0.31538332603169256,0.3600776202270613
de39a54ee3db12a745d50f9b5ab6b00bb857051b,ocrevus,4,2,2,0.2873202231165708,0.13963115556669264,0.5730486213167365
d57c3ac2d71ae018a83307e3fdd926544668492e,entyvio,1,2,2,0.05219984970625202,0.11553345057367868,0.8322666997200693
045c046c8af086cdb46fc7aebbafc073a7e5cc50,ocrevus,4,2,2,0.20008279164883283,0.1453113586477746,0.6546058497033925
a5a55a753dd4bad3f807fb9aad35b1d91c026a7a,opdivo,1,2,1,0.18071282924602247,0.42911498094082,0.39017218981315743
b9ca5fada74bf89dccc92ef3d178eeb44b84b1c3,vedolizumab,4,2,2,0.12388276354423489,0.09706334948554637,0.7790538869702188
e3f221b0bae210598abc126700f42fc383c37c49,gilenya,1,2,1,0.36850319206685145,0.5061643036357506,0.125332504297398
d87011f13ec635e05d7b658d40aaffe05da0927c,pemetrexed,1,2,2,0.3872208492986955,0.11893063142213728,0.4938485192791673
8e2bbf4d15f0d9aed4f947b7c282976165a1b346,ocrevus,3,2,2,0.27271268618924477,0.24776136673202312,0.4795259470787322
f308dac53f3e4834ed7a82ce8a647e666acbef0e,pemetrexed,1,2,2,0.13868300600149583,0.041742780876780225,0.8195742131217238
aebc5168c5dfbe288c4aec202c5b89f492ecdf7d,durvalumab,0,2,2,0.11597690882730308,0.22234510839316385,0.6616779827795332
e22e8e206027df79bb07c1345fe187bafdd65ca9,keytruda,0,2,2,0.09006458375527322,0.08187504248079562,0.8280603737639313
4f24d8f95ac9aedf76ff1c3c86f325161973bf90,entyvio,0,2,2,0.2254600181227985,0.3557005534136943,0.4188394284635073
6ddb3be11ddfbe83467bc1a4499068a5aa9b0df6,ocrevus,3,1,0,0.40281305366656356,0.38794190441781323,0.20924504191562313
3381ece8aed20e4a55f62b22732f5e26bba882fb,ocrelizumab,3,2,2,0.23095456727865976,0.18753577715752145,0.5815096555638188
d2845b1432eeb644e66823804f82fc2e6238ee00,yervoy,0,2,2,0.08440307297902559,0.17086677675172707,0.7447301502692473
8131b65bad72d752d844b1e7134ff55da2255201,humira,3,1,2,0.2747867371186815,0.2468274786199084,0.47838578426141015
0f2434b19f24a7b586a89fc644aec06bbfd631bd,alunbrig,4,1,1,0.20980367945793382,0.6018113824395548,0.18838493810251133
88a01eb19c6514a78c501deab8845aa5695fff7c,keytruda,2,2,2,0.37323178573781185,0.23958309427812485,0.38718511998406335
7c8b9e9dc5f8d72e923773bf5d082288158b9238,humira,3,1,1,0.27674759553790984,0.4422474927153045,0.28100491174678566
2b0d3ca3e689bb01c75f4458c8556ebfd7c00adc,keytruda,0,1,2,0.35082330221717045,0.26042011772256524,0.38875658006026437
8ad4199b5f82ae2e22acb0916dacb484be5102cf,ocrevus,4,1,0,0.491444281540839,0.2949966097504085,0.2135591087087525
69e8cd19bb8cfb1076b398460c617da0bc7a4a80,eylea,1,2,2,0.2804612620833241,0.21379859706369464,0.5057401408529812
8cceb4afae067f0ae0f759ec70108c27b89a2548,stelara,0,2,2,0.1750695944540659,0.19169149897860624,0.6332389065673278
a3bbea24084d8b8d30004f0ca406369a8d94260a,keytruda,0,2,2,0.16278266985920678,0.14397848159305432,0.6932388485477389
122ca71067bcae7252f9e4929147456b443d018a,ocrevus,3,2,2,0.25484589392979684,0.19416351997086262,0.5509905860993405
03abc128c0bef02bf111a424e40e0e3e77b98421,opdivo,3,2,1,0.20499207088714613,0.5104157628773504,0.28459216623550343
c13b8e63b5afda9fd1ee723af7c3375a3f189a70,vitrectomy,0,2,2,0.18223535215197678,0.19595640888254687,0.6218082389654763
60511502a7538270de5999522aad72fcf43900d4,alimta,1,2,2,0.24053834657119452,0.35727328516367746,0.402188368265128
b64459051b08ecbb900345e636f8e3de8e027abd,lemtrada,1,2,2,0.4072562166363695,0.15931036556621062,0.43343341779741995
dc755d2836b95a4d5650449ec9820e090682a3ad,gilenya,1,2,2,0.3046444027564313,0.13827248736445297,0.5570831098791157
6e77ffa5b4e5d02bb38589d2ed5d76bbed91f915,opdivo,3,2,2,0.06018365642671101,0.08756063393277126,0.8522557096405177
67d4245720da5b0326a89cac434d0f3e75d948ea,tagrisso,0,2,2,0.12625004876880808,0.1612572817017599,0.7124926695294321
8f9d79cbf593588f5f1d23b09a19e6c8fb7a6214,pemetrexed,0,2,2,0.1770918143939075,0.219699371476483,0.6032088141296095
032a752436e34d3a05ac6d2932b27cd9a797cb0b,durvalumab,4,2,2,0.05875853863281592,0.18243950848589768,0.7588019528812865
89464ab15b3c41de9f711e2246e6536fc52624a9,ocrevus,1,2,2,0.31326126127603593,0.2997279355594544,0.3870108031645097
dfa33fbba636e63c780758ee01ef82284c4cea22,ozurdex,2,2,2,0.2699594585245545,0.19285508567654883,0.5371854557988966
b34550d78ae902dacbcd07d5542b5d74afbadadf,ocrelizumab,2,2,2,0.19060995662252217,0.27117656685785924,0.5382134765196186
232c37858acccf7d8247d31c1189db4c3c9556bc,ocrevus,1,2,2,0.2934108363589427,0.316243404425872,0.3903457592151853
2e32a01b3bd606f3907cbb9caddce8d27ddd1952,gilenya,4,0,0,0.6707250858996587,0.2036993472010703,0.12557556689927102
f59b34cc3100243af7a037be8c25c4be4f9295bd,entyvio,2,2,2,0.07480659409736058,0.25257633184151196,0.6726170740611275
867d6e511bf32faeb7e87aef4087b537e25cc0fe,pemrolizumab,3,2,2,0.22103692607634556,0.2656174594503805,0.5133456144732739
d24df925b458a6565ed770dd5df2d3d9bc9bed0b,remicade,2,0,2,0.1451112538559602,0.2565314930542293,0.5983572530898106
f5ca9bcfe55829281f9598581db5a8a1f13709bb,ocrevus,0,2,1,0.19761831124452128,0.5043465620810083,0.2980351266744704
f1906e7c04c26eb12157225fef534aa256b59f13,entyvio,0,2,1,0.2733826105599723,0.5486122022479458,0.17800518719208194
42a1cc49f44e2a5e2eb8db11642614ef6a169e47,ocrelizumab,3,2,2,0.11492729939112958,0.22828347377602384,0.6567892268328466
9cfdab616e8d1caf28e0ec47da738eb6a96e30bd,entyvio,3,2,2,0.14503215921510787,0.41436223322985555,0.4406056075550366
4aa0c1ef2dee5511e9ea55437e493a563162ea50,tagrisso,4,2,2,0.2346967384475957,0.07465219128118562,0.6906510702712187
600d3a7c0e592d8cf1bca90c17999f0e2a328355,gilenya,1,0,1,0.24584923454604318,0.41039838210583607,0.34375238334812075
d560731565b7701af72170aee01b238bb13d3d91,ocrevus,2,2,2,0.14443638462000208,0.16905836766700336,0.6865052477129946
b72ecb1805f926ca9e8b5d92a1e81b96f43a5e84,ocrevus,2,2,0,0.7657743513225612,0.11880783232924001,0.1154178163481987
434af1ca7c8864362999109552aa2d95b6347b1b,humira,3,2,2,0.09804988586373978,0.07651230132132646,0.8254378128149339
943567d2e2f1f24235fede7e5969faa4fbaaa757,remicade,0,2,2,0.09919203705733626,0.12262174342471208,0.7781862195179516
094cf99144a1d6ae95a8473bcf845f53d5d54545,cimzia,4,2,2,0.18554548025866632,0.049129431149495986,0.7653250885918377
ba63e094b2782098120fe0f46cef991037895c25,tarceva,4,0,2,0.23137882877037122,0.21539992961702972,0.5532212416125991
53160d3368e8e0951ca9328054213f744b1731d4,crizotinib,3,2,2,0.1007959926446418,0.12532064297129947,0.7738833643840588
751e881637c40f5e7ee5b20f03f99a7edcd99880,gilenya,4,2,2,0.2422527788314889,0.29646963459646924,0.46127758657204193
b26d93c150677975195eccfda532217a98743a80,ocrelizumab,4,2,2,0.2956831532207602,0.20614402470838689,0.49817282207085284
38a70947cb980a34c3bba9edf14cf919110e7dbe,entyvio,1,2,2,0.10566155343687099,0.3923772534495237,0.5019611931136053
eb93d169ccc7d2877f765951c9beeeaa46869824,gilenya,0,2,2,0.28178697989839085,0.3321162588939258,0.3860967612076833
996067f013e21dd2a2a9fd4380ecc0f080eae9d8,entyvio,3,2,2,0.05640427499341383,0.0671999214019789,0.8763958036046071
7dd19d9be61718eab111055179624b9cf8004341,cladribine,1,0,2,0.32536496484171085,0.16983945803227604,0.5047955771260131
0e398ffa32da61c44919cb9e7222d52270da362a,stelara,1,2,2,0.2750744204149603,0.20316786955078725,0.5217577100342524
2122694caed4f1cbf87766a692dee9db0c40baab,ocrelizumab,2,2,1,0.22790806317680617,0.40074124743902656,0.37135068938416715
1600f6da686f6bec9b98237e941b21475e33043c,cladribine,4,0,2,0.3073123447397338,0.13151019125496194,0.5611774640053042
3d0df165d45c3ba7ebe39b46d7ae0a45498971c5,vitrectomy,4,2,2,0.1723690714030573,0.3132600440173658,0.5143708845795769
8721362bd578b926df883af23fb8576cdf61f4ab,gilenya,4,2,2,0.12229960220331501,0.16423443329575457,0.7134659645009305
571d811670cc156cf2a424518e0b9195e0659cb0,remicade,2,2,2,0.34130937357441654,0.2278573353428496,0.4308332910827339
17c09c9b268b05866c0b8428579aa844c5c0d3ff,ocrevus,3,1,2,0.1688708462121024,0.26896151185073985,0.5621676419371577
5c62d426cecc337b9c2b6e3ea50916ca2df30719,stelara,3,2,0,0.47299652002948106,0.11426143470344624,0.4127420452670727
9344269a0f9fb4b5fab3ab48a3496751d9833431,ocrevus,3,2,2,0.09014464711797732,0.0903797767568787,0.819475576125144
24a303e197c56bffd67d7ef6cc45604250137a0d,keytruda,0,2,2,0.2494658628382326,0.1275795494691992,0.6229545876925682
f113b65a1f9eddb8850bc951713a2f4a0fb6e0d3,mavenclad,1,2,2,0.18765510805299412,0.22554717117850548,0.5867977207685005
c747de3cb5f5d7b1cc3dab996ab011c36c517e04,tofacitinib,0,0,0,0.622238669667735,0.22634195447570793,0.15141937585655696
2f09605e5815d3a16dec82e3e5ec03d3000ca983,ranibizumab,2,2,2,0.263094430699423,0.16080571087506695,0.57609985842551
07baf576d6f6242057cd26bcc612b25d7c3879b7,opdivo,3,0,2,0.32285866230469873,0.09410843745013563,0.5830329002451656
4f23f6047c616e2a25b37c2f6f54ba38a14f2dac,fingolimod,4,1,2,0.19829339889240022,0.3497019425669977,0.45200465854060207
638201abe05a83fdda7f4c4fe85f02d48c9fc6f2,gilenya,4,2,2,0.3128451092321301,0.24378520745629068,0.4433696833115792
3c0dc81461632b8c6165a35c5907d8699ce54ff6,eylea,0,0,2,0.33708897294049,0.1773403415050563,0.4855706855544537
b75a2068008c0451f4c478caca79269ecff036f6,cladribine,2,2,2,0.32807115013711236,0.17284315791297492,0.49908569194991276
a44b685c7bca43691dad51276ffbc01d0afeb2fe,ocrevus,2,2,2,0.19448953484361475,0.14991447154189805,0.6555959936144872
ec6179fa68eb88690e375a8d86bde3c26d47d87a,gilenya,1,0,0,0.4380489023615958,0.2557832320409414,0.3061678655974627
e1fe01ebd14903e98cdb35b4b7eb910fe573b6dd,cladribine,0,2,2,0.24320342185987465,0.1227753097773061,0.6340212683628192
44f351392be05550a4604843f0e84b2286d19db8,ocrevus,1,0,0,0.5003330811797216,0.15661742865085526,0.34304949016942304
fdd2eee9d50019d8e820b8ac40ce7449fb27a07c,ocrevus,4,2,2,0.2638326864923819,0.2875542170036835,0.4486130965039346
cf20231e9ca4f9009513b30342fdffcc75f25c1d,keytruda,1,2,2,0.2276638246959994,0.1452874966501293,0.6270486786538714
2d2e40686d8876a455fd17562cb51f68c300d6ba,cladribine,3,1,2,0.15753608307213707,0.24531020352411595,0.597153713403747
ff38f173bea12007fa895ffc262743b5b051eae0,laser photocoagulation,3,2,1,0.25939875809252155,0.4111580377095632,0.32944320419791523
37f57a35bbfdaa9dd739a1d8924ca5fad4d17d37,remicade,3,2,1,0.29778088106615636,0.5045293898841204,0.19768972904972315
3e96fad447f454d67f50594c358577b90c48256e,ocrevus,0,2,2,0.3509200475872292,0.1782041274226828,0.47087582499008807
93419e032dcdf15e7ea7a94de4512b1e70df0acb,entyvio,0,2,2,0.21638093075663595,0.08657607986087452,0.6970429893824897
61d7a967ef24dfc3aad51906538bca366a29d119,erlotinib,4,1,2,0.18836480729691985,0.1509735874949837,0.6606616052080965
1a04dfeee5433d5a8e7d77beb9747b70ad3e225e,afatinib,3,2,0,0.45377113097264,0.20827663991844705,0.3379522291089129
12b1231c8d5f5f883952aeaa81b253782459d008,entrectinib,4,2,2,0.3317860883540789,0.09573296574048862,0.5724809459054324
891b45f7984fa328148d48809332718be2bcd7f9,ocrevus,0,0,2,0.3106940760142967,0.17614263054433513,0.5131632934413681
3b3ccb297400c2001b4430071dc9819899bd628a,alimta,2,2,2,0.1442063796895362,0.13477106292782692,0.7210225573826369
297d84805096bd5ca2260d481189052e78cdc731,keytruda,0,2,2,0.2183865578257882,0.18033778203950615,0.6012756601347056
ecb886ce6eb1c2bd3946f161347f039ef33947f9,ocrevus,2,2,2,0.2572489768998796,0.2305986404232578,0.5121523826768626
dbaa686f5b0011117be133e099dd8f550f3db391,lucentis,4,2,1,0.2530196875273132,0.40975341465458937,0.3372268978180975
292403742989df1d62ec3717d40d951fb93f008c,gilenya,4,1,2,0.4026611695997703,0.13758464365755657,0.45975418674267315
c253ca947dfe2cd6327d93d9b3ec79c5c3bfa7c5,lucentis,4,2,1,0.23330399140909278,0.45146928605930275,0.3152267225316045
351090f93fdcd748af2436ee6ebdd4359667ab60,ocrelizumab,2,1,0,0.5002449559849086,0.15030602736623083,0.3494490166488606
b08a93c6e1a53c9375fb507763d78f355a1ddee8,entyvio,2,2,2,0.0740139492067113,0.29842250012006405,0.6275635506732246
a552817e71c1e9404f2ee5fd473df6e2377f8fc2,ocrelizumab,2,0,0,0.555118244995255,0.1623859081537615,0.28249584685098345
c0ea473b9709652963aa57334d7bc0401a6cc1f9,keytruda,1,2,2,0.17494058799754944,0.13168388011222393,0.6933755318902267
700bf7f82fbd944b88057ef61f2a414785955ee8,opdivo,4,1,1,0.2006876061344667,0.5421546095029245,0.2571577843626087
e1d8f2aa012dc08fc998dbca33353a4c67e9b016,lucentis,2,0,0,0.4189169733885303,0.27857965052337835,0.3025033760880914
3c1a5390108123dac89e66601b4a3e189811f26a,ocrelizumab,4,2,2,0.25477765884895914,0.29265928875313235,0.4525630523979085
2a9e7eb8960865611a82d65dce0c8462e32059f6,eylea,0,2,2,0.21256509448695352,0.13835364425165605,0.6490812612613904
10b4b71b59013272af02385726346538e1c8c09b,remicade,4,2,1,0.10650514637401155,0.538149996239313,0.3553448573866754
fb3894fe1af9065b3a29ff876a13804f4192972b,keytruda,0,2,2,0.11561093635530689,0.36472947505550035,0.5196595885891927
33c802ffdae0403f7ebef2a70d99623b76e87660,fingolimod,3,2,2,0.21314668359017902,0.2290273175593889,0.557825998850432
fdfdd5ad7db3eeebfc1c9f4010283994c6eedb45,humira,0,1,2,0.2759730230555804,0.3343601711052944,0.38966680583912516
411bef633e6ed0a73be7e1b5d84c6850c4fbd558,tagrisso,2,2,2,0.10725770594284109,0.15584187062496363,0.7369004234321953
99fb9c57005f57b359a8cd8bc77eeeb9b0b43412,entyvio,4,2,2,0.17095686929516077,0.13727272627555373,0.6917704044292854
58a7c1b59d426510d9d05abc08583550997a66d2,ocrelizumab,1,2,2,0.16019970180961746,0.10891310489093974,0.7308871932994428
165beae3b2fee435a809f54ac0b67dce6f6ce894,cladribine,4,2,2,0.4099317918170575,0.16239761386884183,0.4276705943141007
9bc57099840dcf6cfb7d94410a430baf9ad1360a,opdivo,0,0,2,0.3559841738349104,0.16676287444712753,0.47725295171796206
d06a8d3daf81f0f2383fae2efd565f6f34d381f3,nivolumab,1,2,2,0.25713186646338015,0.1563628799849911,0.5865052535516287
911828dbde89f0de08db7f553fc14f4629f04bbc,ocrelizumab,4,0,0,0.5083253044942833,0.11867255909088044,0.37300213641483626
3d5deb7084ddba400ccbfd77fe6752b2465db343,stelara,1,1,2,0.27676576080876636,0.3534829721606477,0.369751267030586
2cd87c561260b03cb69ea1e7fe29347094108ff9,yervoy,2,2,2,0.1647564221481355,0.1659766065531751,0.6692669712986894
e189dae374e499997d59139730a320b0e7448d8b,gilenya,0,1,1,0.2715676663477065,0.5185552946271824,0.2098770390251111
75a254ab9557a558ba7fbf6494ffdfcdb80ea150,humira,2,1,1,0.17191730670426386,0.5124115233231208,0.31567116997261535
5914d1aee80c990962989be082d9074601a39998,remicade,0,2,0,0.43229501860846675,0.28502931099098083,0.2826756704005523
0ae2f6923cf1c4b245c52f39dc0db9b044962055,gilenya,4,1,1,0.30068920387307785,0.45864146920336263,0.24066932692355966
e5b62221de895b376b52982e603d37ea303fd5da,cladribine,3,2,2,0.29347522932111636,0.11472569580610313,0.5917990748727805
ec5b4319d650b989310b16d00353a42899e50f55,aflibercept,4,2,2,0.23257633529799945,0.12472530967548028,0.6426983550265203
04ff95a3228ba68fb1c1b9a7a7d66e6ea37409d2,remicade,2,2,2,0.0843826187225874,0.08722790786482439,0.8283894734125883
2716147717b3457623d4f4671ef5cce69469570b,ocrelizumab,3,2,2,0.30208379316972417,0.2864599052349739,0.41145630159530194
58d75791452d7aea07be2b5f122cab1ab0d413e1,fingolimod,3,2,2,0.18030677465065,0.1806919276502576,0.6390012976990923
7f25ea74f37c333f9f61f039d982a950abc910b5,entyvio,0,2,2,0.19829439939347449,0.2604133923947507,0.5412922082117748
c9e97ea6aeaaaebc8a252ffd9ade3743378dd25e,ceritinib,1,2,2,0.14654536612247976,0.16539504063871713,0.6880595932388032
f81eaa2a9ac097b88c5d9b67e4ee03fb0d85898e,lucentis,0,2,2,0.22142330668626717,0.32970987839864774,0.4488668149150851
17afef528d1dfa9ad04a506f2fd110edfb6cc971,opdivo,1,2,2,0.270143314760507,0.17655318494069314,0.5533035002987998
206409788dde43ba225c72c7de26123f3c070ecf,gilenya,1,2,2,0.3299658267438569,0.3030037389152403,0.36703043434090293
48de48a0921e3b5adc1bbbf654a26b88c003aabe,imfinzi,4,2,0,0.3868909303898267,0.3202406270901934,0.2928684425199799
243255fc2dca63d7dffa3613adfac1eef2d0a982,pemetrexed,1,2,2,0.22225222064711114,0.09522431019830563,0.6825234691545831
f1dda9b07f30716ff3a590732e6babde05d76bf9,ranibizumab,0,0,2,0.3161909602222696,0.20070603348144653,0.4831030062962838
e44a5b75492a2df9287ecb157f8d384f2c4b7a01,eylea,3,2,2,0.3396689461182153,0.1441610919844863,0.5161699618972984
b165d4df30401b29bc5235c16c17108ce0955d77,keytruda,1,0,1,0.26421882240637784,0.5146259135574305,0.2211552640361917
13f8345de40da0ccc190fa7cf620ec1245ada6e2,simponi,1,2,2,0.11597337923137652,0.07908836377533665,0.8049382569932868
8f649526f10c88427de7d0e23a8f77c136057477,stelara,1,2,2,0.19745156556070945,0.17694002083334795,0.6256084136059427
7c0238229740fa3b9a1ffa1868bf501434562782,entyvio,3,2,2,0.19539096449951682,0.1386446258485626,0.6659644096519206
62d7fe5c47558645faec210d8b8c5ffe8e59d470,ocrelizumab,3,2,0,0.47928944759035524,0.3513104613915289,0.16940009101811587
03b02dcb13266e91174cb1a26a726252fec5d41a,ustekinumab,3,2,0,0.5707260820488395,0.10326117485007094,0.3260127431010895
325be0bfef3a6a92080c905af913fa51da8eabe1,humira,2,2,2,0.06411471529816955,0.10730214053142158,0.8285831441704089
56274449571a77c7f4597ace4bc40fdce76c4b3b,ocrevus,0,0,2,0.16617564879783858,0.08833880759711547,0.7454855436050459
4550a5cf998f7a53770502be18a9eaa2e93b3bda,entyvio,3,2,2,0.06011952038809923,0.16589331638661894,0.7739871632252819
a16cddf794d13682865a4f5fd7f15fb674bdf5ef,ocrevus,4,2,2,0.17767994096268722,0.37809060986576853,0.4442294491715443
8088b035f9ca5cbfdca1eee64c4dfa84bc7dab9b,ocrevus,3,1,1,0.19827360443991288,0.5011467648963296,0.30057963066375754
7691a44c01bcbc5678cd2a2d6bbd5c2f845f620e,simponi,3,2,2,0.030408725954243904,0.07273589421337727,0.8968553798323788
e093b4488e509177faba2c41bca50c73d4f3534b,alectinib,0,0,2,0.2643421048526302,0.2580487824242398,0.47760911272313
411f05d147e1809d7a1a32d636358262f95cd733,avastin,0,2,2,0.1624441835102426,0.10244750036971667,0.7351083161200407
afe95fcf63e4182ca627a25d44ac420e0e36acbb,ocrevus,3,2,2,0.23683775899547133,0.2707418226464866,0.4924204183580421
34f80996604786dd9326bcbf468230052dcbbf15,remicade,2,2,2,0.1600839969347581,0.08467543624316955,0.7552405668220724
25c8996d48a3d4c5992703db6184fc9557e8e109,ocrelizumab,3,2,2,0.27850332133509415,0.12989714254772877,0.5915995361171771
bf65f019c56a26c495c1ee9036d7b40224017aaf,gilenya,3,0,1,0.3598435762228544,0.41853553225457646,0.22162089152256906
7ea4d9a3a22992ecef2092c0e2bd290926b624d5,cimzia,2,2,2,0.1695959568419889,0.11913077616460703,0.7112732669934041
a5887ea7cab964086ce621a42db612e39c22f612,ocrevus,2,2,2,0.23603881103911975,0.18637455161335056,0.5775866373475297
7f09bce44c3df7f889b73c38a18094746a82ea70,gilenya,3,2,2,0.3377956118751515,0.28081795623088246,0.3813864318939661
03994e07dbb4b0de8e09402b02ee557305d2e9b4,ocrevus,0,1,1,0.19973905555651242,0.6437184686520024,0.15654247579148514
2e33ac38df26cd7b7f23303191ade3522ba6e98c,durvalumab,3,2,2,0.13785687642371247,0.12058155263745818,0.7415615709388294
9ec2202df44311d6ec7077efd51712588a0a92da,cladribine,4,2,2,0.1280067545131319,0.14756547587149,0.7244277696153781
f392131bbe3ba78a83c609f7be5d8a76f97c8ff2,durvalumab,4,1,2,0.09593564646613491,0.25205468000667863,0.6520096735271864
21deef9124167f77aac41435c3b146dd4b91e529,simponi,3,2,2,0.10610616122497056,0.1614320068061211,0.7324618319689084
6ca88d724b51cce4d8d422eeff00cc2a01d2dcaa,gilenya,4,2,1,0.16035014671627007,0.5072299592663675,0.3324198940173625
e391596339fa1425dcff7c21d85c8989aa3e83e3,humira,4,2,2,0.17132473862670333,0.17501080308230146,0.6536644582909952
9be1d2cff88a2dea904db72c5b95eee594ddf203,avastin,2,1,2,0.21076899764071938,0.3506274566606615,0.4386035456986191
d058525ce16edc1fe1049c1cc7bc13870e2cdf87,crizotinib,2,0,2,0.13563555003787212,0.11788122594115995,0.746483224020968
ec541eaa247a2581e1df4715e4464b4ded2572b7,stelara,2,2,2,0.12255704247019725,0.1506585388727584,0.7267844186570444
dae0152432b0334094240e778f0bf82154e3aa81,tarceva,4,2,2,0.2793945673262311,0.20755223573033996,0.513053196943429
ec9d7302b0e7e14619ad1853e690ea0f48a31b24,entyvio,2,2,2,0.13181828703644785,0.2691643671062477,0.5990173458573045
51cddccb58d3dd141d8b1f0f396e403137103277,lucentis,1,2,0,0.48422444029210554,0.22298643354811393,0.2927891261597806
dfa6eb622f461abdd1d3a2b148af312a1aad9dff,opdivo,0,2,2,0.2436124155682132,0.23926175409859227,0.5171258303331946
d3057dbc7fd023d03f698c0eb630ce4ad95aacdd,gilenya,0,1,1,0.33035479209895696,0.3589206464872938,0.3107245614137492
201a760478f7a7092265ebd61dec7aa8c885b203,simponi,0,2,2,0.22091372066656798,0.19986700770929305,0.5792192716241389
586754810a1109efa1b09a805e149e867e066506,tagrisso,4,2,2,0.196473052338957,0.2251741383729031,0.5783528092881399
174ff82bbbc8f5d3b8d1a3a921894bb09543f051,gilenya,2,2,2,0.16038387535138446,0.3198914855967653,0.5197246390518502
ab4c96e5a954ac535e443e10b89d12f7871423ed,ocrelizumab,4,2,2,0.2303035971880006,0.15935934667805496,0.6103370561339444
1b954e9a0825f544bc092dcd7b567c1497351a14,entyvio,1,2,2,0.2996496982972111,0.2550433127086308,0.445306988994158
5609d34e8cc46a2987669fd45020947dc28ff481,ocrevus,0,1,2,0.18281898334580587,0.3597628274431259,0.4574181892110682
9831ff137d1ba498d1a62f9de2cd41e59c757912,cladribine,1,2,2,0.19486750251496868,0.18523714755124912,0.6198953499337823
2c297076d94a715b4185119b309fb80d8d4c512d,gilenya,4,2,2,0.1920994059033393,0.2968395151411144,0.5110610789555463
0175042c33b7816c2dc8b0200a0a73bf1517f82e,crizotinib,1,2,0,0.41389216324025613,0.3178289268637987,0.26827890989594516
afec7c68f7269e05eb074e8ef9d73345949bf577,stelara,4,1,2,0.3060116140979242,0.33427812416155145,0.3597102617405243
e803282b585b2d81f4641abe6ea6ab373a405447,keytruda,0,1,2,0.1641148785199814,0.2681201465956388,0.5677649748843797
d92ca8b184d7ac266edf6df41086b839ce8c402c,cladribine,1,2,2,0.2744977339069588,0.25818654257009305,0.46731572352294803
bb48f56b3072b31e1df904fbcd0f03fe823b01e8,afatinib,4,2,2,0.10451228148495066,0.1548623093388041,0.7406254091762452
076c59e548c58fbc548f79938566988874cf7d25,alimta,2,2,1,0.10557199556656402,0.6378184582799689,0.25660954615346715
d78b888bb0647191444eaebbecbb592f29785eaf,entyvio,1,2,2,0.21020675175617362,0.21790163427421552,0.5718916139696109
adcb75d54135106ca44408de0585553ceb5d3c14,ocrelizumab,2,2,2,0.1346791068197443,0.4166438044627753,0.44867708871748035
7e008bd8c491e9b8b8dd33386f376b77a1bd095d,afatinib,4,2,2,0.32505599442378524,0.08785332101484172,0.587090684561373
cefb57bc69f8c6329278cab93fab9a5361158ed5,ocrelizumab,4,2,2,0.0815412129654034,0.08064001392338276,0.8378187731112139
e0696714a544d3c27c569fe1ee0da1cc9c544e3a,entyvio,0,2,2,0.1396004020674919,0.28570632303562526,0.5746932748968828
f29bcb2fb234f1385bb04c000c321dc34095f7cd,ocrelizumab,1,2,0,0.4965445528749831,0.21667739623022364,0.2867780508947931
3f9f80bf0997cd0f511d36c90ddbae7f5f6a2a29,entyvio,3,2,2,0.2519043705333542,0.12362051565733159,0.6244751138093143
6081c22ae96d3e55c295a5e84c1d570616884e6b,eylea,3,2,2,0.1275736677631019,0.06026858103252788,0.8121577512043703
09add356f9c302db3b9825a1f0b8b9b4148f7002,gilenya,4,2,1,0.20706849212830977,0.4145715469985106,0.3783599608731795
972c86081e586015184d001721b4755bf399c80b,alimta,0,2,2,0.19060888250586844,0.144104346814688,0.6652867706794435
50f9f4520834fb3546e22b8fd628f11a91d4b640,ocrelizumab,2,2,0,0.522977163521813,0.14226452873025822,0.3347583077479288
a93a8a5de8f9bc3b5c5943c4b03cd774696a27ab,ocrevus,1,0,0,0.6813259537507295,0.19593629590369138,0.12273775034557904
331a53fdce1e6e263cfb8958ca687a33fc8e96c9,tysabri,0,1,2,0.21222599042588594,0.38421680899758287,0.40355720057653116
155796f9fb3b9b1be36b9ae888ba93cb95b1a92e,alimta,2,2,2,0.14557710030314758,0.19844130102332505,0.6559815986735273
df2bf8b96e5157c3c5199551d158f6d44a14896b,keytruda,2,2,2,0.20798115076193896,0.16573606855708037,0.6262827806809808
ec54db7f96aa04078569d2857cf6af9827c9fe6a,avastin,0,2,2,0.13714126942850388,0.42900838716175754,0.4338503434097386
d63e78af97005f6838f9a2cae853d0e213d315d7,ocrelizumab,4,0,2,0.2583726206864184,0.2537417634943035,0.4878856158192781
10b5d10403f2490b1efa95aa9b3c747cd4ca3a71,gilenya,0,2,2,0.12618670178682742,0.221933427091196,0.6518798711219765
e90da043431ca8763a52b22019f9b852cd5c897b,ocrevus,3,0,0,0.6213725141629617,0.22661363432442586,0.1520138515126124
0848328cb047fbce4d616120c1fc40c2eaf9cc3a,gilenya,4,2,1,0.20935444696721037,0.41994599069059024,0.37069956234219953
49ff58b3f632b78476001503a22bdd8eb62a38f0,vitrectomy,4,1,2,0.29270766550669486,0.2753843645660877,0.43190796992721747
14a0850f0d6dd6e88a1cae4df24db59aca4b2211,gilenya,1,2,2,0.23088800204442575,0.26334380593638873,0.5057681920191855
defd75e5dd43d2b42c8f38e507ea4c113b19654e,ocrelizumab,0,0,0,0.506844917725742,0.2985567727102391,0.19459830956401883
99d796f57920cd650f22cbb69acdbdc6699dd88f,gilenya,1,1,1,0.12322379491976793,0.4598221710289676,0.4169540340512645
c0ff36f6d5d5ababbc35d229d09c7922859e486b,ocrevus,2,2,2,0.25278567363253457,0.22979107987468939,0.517423246492776
90df67bf5b90cf9f0491790f3c9f995771ba88ec,alimta,4,2,2,0.2606092914616638,0.22677236658655986,0.5126183419517764
6bf4692563415fc9c427064862aa37d41e66518b,gilenya,2,2,1,0.15043562250885778,0.6095190460065366,0.24004533148460563
e6786e3876fb92e7d87514cdf1d3a259180eb489,cimzia,1,2,2,0.1604230925437223,0.16385390284845922,0.6757230046078185
d6e555aaf2728ef8309664dc8f98f56ba680434b,remicade,0,2,2,0.2919279080646514,0.23107083863634367,0.47700125329900495
a756898c4725ca82fcda47adf37ef49b863b0a4a,ocrelizumab,1,2,2,0.32803001394942927,0.25068336937211444,0.42128661667845635
3c4584b4a4d6ee7aa161d0ad89f9344c109616aa,opdivo,1,2,1,0.2788130894383265,0.4244682303630121,0.2967186801986613
711544d568e2d0701739745442249cab57f2fefd,opdivo,0,2,2,0.21613106705583973,0.2327860489185591,0.5510828840256012
200a6851392217e50f625925d95db091cbd74387,humira,4,2,2,0.09099416167162638,0.07416791649868971,0.8348379218296839
afc69cee2b43cdbdacd6b759ab2a0908e7f65223,humira,2,0,2,0.3258788488880747,0.25002275391352324,0.424098397198402
9a488d295b2874c55a9f534f9b8c3e92ce8c3327,humira,2,2,2,0.11054370500702446,0.08066336386685058,0.8087929311261249
93bf961296b4bbe5439045a6fbb7a31d9feadef9,remicade,1,2,2,0.06077779702877694,0.059002075372395726,0.8802201275988273
d7eb52c322abdec222aa31013e17aaecc78f7ccd,tarceva,4,2,0,0.36638358806523424,0.2833802754884984,0.3502361364462674
a6fd92385c3cd63e1afb2f5b6feacb4c030a0f7e,simponi,2,2,2,0.05844152713979817,0.059932507891105095,0.8816259649690967
11c277fe874322fe1fd5097bc861976b094b3534,opdivo,1,2,2,0.2703608163317603,0.1552563814470241,0.5743828022212155
373c21f84a550a601027bb55f5bfd28069afaf51,nivolumab,2,2,2,0.1984419786385917,0.16792763855904322,0.633630382802365
d9cac2b84bfe3c95db23bbf81fabef6f1c614d96,alimta,0,2,2,0.11796477428630253,0.09632018411547355,0.7857150415982239
209719cffcd12b2bdb469c73fdb93bb0e75270ed,tarceva,1,2,2,0.21947842888792457,0.24046280114981666,0.5400587699622587
a1732d19aa4dd8ba5f969660ae5090f72da8484b,ocrevus,0,2,2,0.17106377849526047,0.08784277235544823,0.7410934491492912
8d9adc201d5409db294e9cea474eecf549d001a9,eylea,1,2,0,0.45250173372352154,0.27729938151654066,0.27019888475993764
0d2d999a01434a01fd56fd3d37ada5a162367c67,humira,0,2,2,0.20898001226371415,0.28691065244573327,0.5041093352905526
73cec448eed8bc1ff70ef806891fca7782740597,ocrevus,3,2,2,0.1508289615570827,0.1402659161052984,0.7089051223376189
f00de819e5b668851c0790003c9d4018f9aebd74,ocrelizumab,2,2,2,0.209107245202073,0.13704860342970784,0.6538441513682192
7e9828bb549c6d973e9a7ccf8c6e604d03d9dc10,ocrevus,3,2,2,0.3588498569253113,0.13960299891315722,0.5015471441615315
521934de4afd321c03e48937de7a2d297961b343,afatinib,0,2,2,0.23220410768014055,0.2949513370117544,0.4728445553081049
2e21ed6d3b64201b3058e8d77ae33cc9b8ef5f2c,fingolimod,1,2,1,0.10226891348683304,0.6597321118974001,0.23799897461576686
dadbdf12b7eb9c62f316e44d7561e54c2f34f760,opdivo,4,0,2,0.30672284889538004,0.3389511622780216,0.3543259888265983
e9c166f1b9f4a2a65725d8c713ae56d0ca075938,entyvio,1,2,2,0.2220834406926854,0.10975143873693717,0.6681651205703775
d3853be50940d44ef49ef7b0d979c4d0b7b1e188,crizotinib,3,2,2,0.059369203879546424,0.06885631584183752,0.8717744802786159
f19203720c9f7af3dfb01bb32fee26cdc2699795,keytruda,4,2,2,0.2869924934463394,0.21453509692225436,0.49847240963140615
06b3e7a2ae441f9f73f002ec5b1279c9e003b26f,ocrevus,1,2,0,0.3669559772186059,0.278680347174464,0.3543636756069301
27259d500cfa548d5fc72bc4cd6cf04e91087664,ocrelizumab,2,2,2,0.14606281603981458,0.12248035036948822,0.7314568335906971
accdd95de63e2572cba8ded524ff0de94b96f440,humira,3,1,2,0.2324448167884015,0.3803459926997714,0.3872091905118272
6d68ce472f42740132a4a9c21f01cafa6ca0ca12,humira,1,1,2,0.25923478188476023,0.35058881251387825,0.3901764056013616
669b5afe6e58f54b6b09b3d1dcab632987119415,ocrevus,3,2,2,0.21092254210081923,0.24615479272051266,0.542922665178668
7bc059d5673051b529f5e484483d893b3aba20ad,siponimod,1,2,2,0.4182038897431655,0.09487639019331012,0.4869197200635244
740479d2e86b17657cfa662e8405dfe62e9b9c50,opdivo,4,2,2,0.12391391206732834,0.09268233862120874,0.783403749311463
13e613af3594d034b6e6b1dc05ee47c6b95f9d9a,ocrevus,0,0,2,0.3312376143563553,0.12906565109512555,0.5396967345485192
0288eb7c64037d1635334cf41628009b8b63e886,cladribine,1,2,2,0.22684331421646922,0.2374103230413839,0.5357463627421468
df16f4a7dc5bb65f096c34904aed8fd5740af51c,imfinzi,4,2,2,0.16198234279540225,0.20617980228504987,0.6318378549195479
d8db440daaf12e113a586e5acc9fb1b0db8029aa,alimta,2,1,2,0.21639832161286607,0.24876947586539325,0.5348322025217407
27ac0985192e5b621362cc6531c3cfaaa931291a,gilenya,2,1,1,0.0624071323434166,0.7536674482598207,0.18392541939676277
f54461462689701d42b5084a7608fd362fb6e38e,ocrevus,1,2,2,0.17058607175802684,0.3900906523150505,0.43932327592692255
7db7d838c162a12318ddae3bb1ee8aa450652beb,ocrelizumab,4,2,0,0.43926189816729017,0.26784152759719476,0.2928965742355151
5838831a44fd3b689358e6f36659863becdd8320,cladribine,4,2,0,0.4522319817912081,0.10273577002556059,0.44503224818323134
d34da3cbffa4064b6b43d3fe3350f6f1a739e563,upadacitinib,1,2,2,0.22687851458291008,0.1825445845738926,0.5905769008431974
de19a23bc4876e4e322ff9fdbf34214dc9bd4dee,tagrisso,3,0,2,0.21876676692679384,0.2678602700373569,0.5133729630358492
ddb40991ffb9cddac847c77855977610bf4d03ae,opdivo,0,2,1,0.08581334318149213,0.4930905295481935,0.4210961272703144
1626fb613b9bb757e1204868979766202cebb5cc,cimzia,2,2,2,0.1442587262219247,0.13304183160046987,0.7226994421776054
a2b7ce1e3cd6cd4203e17a60a925bcb7b7555e7d,vitrectomy,2,2,2,0.09253026894559738,0.1358831935505437,0.771586537503859
c1500f9a657238c7b4e7f3f6dbd68f8fbfdecf0a,crizotinib,2,2,2,0.22046898753929767,0.3141607920221539,0.4653702204385484
499c09f676ec41ea857c656031485640bc583cd1,siponimod,1,2,2,0.4299881077189567,0.13187166402648948,0.4381402282545538
db5f63d1671fbaeaaebd288c82278d7bb3953995,ocrevus,1,0,1,0.188159900402532,0.6583192378587217,0.15352086173874638
1a8661fea779aa79b65f1df53fd898790dfdaad1,humira,2,1,2,0.1503519634164357,0.210731296644276,0.6389167399392882
8dcfb1a19ecfe777b1253b094389c6c941396cbe,xalkori,0,0,0,0.4898886712804093,0.16428553462535797,0.3458257940942327
d64bc40067eb92699d3efec8440e8f599af8679d,ocrelizumab,0,2,2,0.2725675679532425,0.112631302303174,0.6148011297435835
90353b1c991234e780504249d4c465a4f7d9c5df,crizotinib,1,2,2,0.15488392868372952,0.09284743047735872,0.7522686408389118
0060bdcddc7c521379922dbb56d4ee30fac2df45,tarceva,3,2,2,0.26022470086412963,0.22520180817594895,0.5145734909599214
0ac1d5ac75d21068531e328ba50aedac0e747c9e,ocrevus,0,1,1,0.2307525038338816,0.5372495860003651,0.23199791016575325
21ff64b91525c4e0b9da57c3ab1a168fbf515b4f,ocrevus,2,0,2,0.3897304940269357,0.17543104102832907,0.43483846494473527
2baf2e751f3d4bdc498ec22e53579d87480102f3,ocrevus,4,2,2,0.13998300210005907,0.16162406747399313,0.6983929304259479
1b66ae73c551e569e963d6b74fbba19dde0774d5,opdivo,1,2,2,0.14606273690477153,0.09615818552716084,0.7577790775680675
fa79555cd3a67fe071adbd0a1d3af36e98daa112,fingolimod,0,2,1,0.17088533579408183,0.4790918991042427,0.35002276510167546
35ac3124e04cd0ce5c78e03d50d64c5da829258b,opdivo,4,2,2,0.3122602294736255,0.12784968784032827,0.5598900826860462
f05bf18a0458014b8d9694758feaa4665d2cfe36,entyvio,0,2,2,0.34360514141750637,0.09819187956292852,0.5582029790195652
22ddfd630b4cd4179c6964e6cccebbfb1f7c4e07,gilenya,0,1,1,0.16055476917518166,0.6621938653317725,0.1772513654930459
bc64b4a4a1bbb7477cd09f1064f4dde7ee2298ca,entyvio,4,2,2,0.19256985925259543,0.18322529437958862,0.6242048463678159
863ed650cda7494e1f712b3ef5b64237cea3f7e1,tarceva,0,2,2,0.07684279604867826,0.17002164405875556,0.7531355598925662
32d88fd860289c20b73a3d8f6d781b51b11003e4,fingolimod,4,1,1,0.21121142222258923,0.5558721488990633,0.23291642887834743
086f000f7b071ef3fe6d03526db12dfb07abf7d7,ranibizumab,1,2,2,0.3071749345698902,0.1217700393571815,0.5710550260729282
a4d0722e7d3b28547dead4fa8fa1aa7ec1a4991d,ketruda,1,1,2,0.31774109502883713,0.11926304802187448,0.5629958569492884
3da85b7555893429c7540b19276deca8209a00b8,gilenya,1,1,1,0.13734558847461004,0.5464868153169278,0.3161675962084622
49c4bbfdda2d33b537327c94f301cbf208674dd2,durvalumab,2,2,2,0.15090330720811318,0.13329012817238148,0.7158065646195054
589c8555e213a7f0de235cb5f8f6f4c09808378b,alimta,3,2,2,0.12671068512556713,0.11491021061087062,0.7583791042635623
709c34852a37b63931825435fcafe3f119e7b76a,ocrevus,0,2,1,0.1602099126164154,0.5014136199131128,0.33837646747047173
7a504a7f1fb9ce714153adcc75d53d30eec65ca9,gilenya,0,1,1,0.2089072098409333,0.4076646663962974,0.3834281237627694
848c380bc5c8838c03436cd8f0a5461916b97f87,gilenya,1,2,2,0.128569328072616,0.3294594458489933,0.5419712260783908
a91c7a36ab1c936177b3127311c590f213d33905,ocrevus,2,2,2,0.4240608056628264,0.12265860830357136,0.45328058603360216
0bfdc264f81abd2023d741916293bc16ff230079,entyvio,0,2,1,0.32277954367451256,0.37696143567027557,0.30025902065521193
ad741efc2786ff6f8983d228a9bd29b9e59ff83a,fingolimod,1,0,1,0.32103878824150983,0.5330335706816518,0.1459276410768384
ca848461b28f353a5d95d42acd0dac0e7646cc4c,erlotinib,0,2,2,0.09824756253990131,0.12395037054377919,0.7778020669163195
7f0c720bef480754103db64d7039baa5e6134771,ocrevus,1,2,0,0.460679733288725,0.18943226093492396,0.349888005776351
9abd489b42a29cb28607eb742609ea6e4d7212a0,gilenya,1,2,1,0.15392575583607349,0.6682296119573338,0.1778446322065927
5e92fda0bd81db847d2bb7b4a18ee25e3ecb2a81,gilenya,2,2,0,0.38841022699217265,0.36056612901546803,0.2510236439923592
d776b7b9481d0f64b195d8c330de82077ae2bbe4,yervoy,4,2,2,0.09318525539954323,0.28331830624363324,0.6234964383568236
213d73bb775ffad3c4cbb7a6f22338af7cbd56c0,gilenya,4,2,0,0.4143859561705402,0.32221770419849805,0.26339633963096176
b916c637413dfe2badb013a1d4423a6eef85cc2b,entyvio,0,1,2,0.18188316646471495,0.34155887155503106,0.4765579619802541
f3df14cb748388a2c86d74a815b2dc3655c16493,humira,2,2,2,0.06853635197303913,0.13423539743468277,0.7972282505922781
477116880548ccc729c694a321034dd3c4859784,ocrevus,3,2,2,0.23482617147351018,0.1283883957515811,0.6367854327749087
9f5b0c37a245bd2a1c6f311668f4eec855fa6421,gilenya,3,1,0,0.3946907979865832,0.35961793023303706,0.24569127178037972
cae5e3d7efcfb88180acf71b76d40b45f0db04d3,gilenya,1,2,0,0.3886136186469855,0.3088490369572895,0.302537344395725
0644847cfa124711a07db5178afbfccc348b5e1f,humira,3,2,2,0.23127698211980133,0.18822822866588534,0.5804947892143133
ff629c05bc5d36d1e2baa35a880cba96f8357484,stelara,1,2,2,0.23530780607006085,0.19343363501200173,0.5712585589179374
d4bd089ccc14127d28d12279640c4daf6016c085,panretinal photocoagulation,1,2,2,0.13598559969869284,0.23859069532341015,0.625423704977897
96668ab971ba62c4159367db76b13ae37708211b,tagrisso,2,2,2,0.388834254730639,0.09355304289713526,0.5176127023722258
cbd8a694be6cd37c208c6f97cacda12658266da9,ocrelizumab,0,2,1,0.2743889139076759,0.42051464262295396,0.30509644346937026
575c52a9a4a7772f4744627e3ba85b656c74e8fa,entyvio,3,2,2,0.21727747425380403,0.19854251723463706,0.5841800085115589
d409a584b0453719d905c7f625c31ec1f742620b,keytruda,4,2,2,0.18812742273217095,0.15591358387795007,0.655958993389879
3ff851226ec8af62246d5289633db8b03fdb2665,gilenya,1,2,2,0.29615685540430164,0.2748843978094019,0.42895874678629653
9182c6f28e5c7f3e29d31f1c1a4a242675b58a18,certolizumab pegol,0,2,2,0.26538233901832836,0.18999315828460472,0.5446245026970669
e8b7f2662f18ec9ed0d13f5130bcab4491605c23,ocrelizumab,1,1,0,0.36645395041983275,0.3359640425048382,0.29758200707532917
1c778016dba1c1b99a5dcfe08e20190204d785c9,opdivo,1,1,1,0.16035990060088498,0.6070203061084485,0.2326197932906666
eebdae384dadd82eb347131f53434bd85eb7fd45,keytruda,2,2,2,0.327251587493865,0.26960940477111567,0.4031390077350193
b7d360a4513d305f0429803451361334bb4a88cc,remicade,0,2,2,0.15819639140757008,0.24447775239314945,0.5973258561992805
eae5a3b5b5a855da13b928d65710243c260b456a,gilenya,0,2,2,0.32201780972832417,0.24390375522313065,0.4340784350485451
c9379d6e35fd2e67448fee279fe0521363740253,fingolimod,3,2,0,0.532395451012303,0.2664663811161846,0.20113816787151234
b6777c69c239effce6ac5a2f8271835fb2dcf68b,simponi,2,2,2,0.058644702617151157,0.1381157025807459,0.803239594802103
1323fe486b5aada24c38917ef79d22406c37a416,fingolimod,2,1,1,0.15485645160267983,0.48045702617864017,0.36468652221867986
2f2d009f3c39a8e582de65dcffe458ef454019b4,crizotinib,4,2,2,0.17336198525259686,0.25016249059413403,0.5764755241532692
3d21135ff9a4522af17565a8675d8923b375e88f,entyvio,3,1,2,0.11092256499891862,0.3659284210474545,0.5231490139536269
68cbd46a7cfc397605b9812634afdcaf1a9eb561,alimta,3,2,2,0.06540055159106155,0.21274341859564885,0.7218560298132896
b6a0e1ec99d926f853dd049c4b40e22d273b07c0,remicade,0,2,2,0.07518295994242787,0.1470302286362551,0.777786811421317
59f1ca7b07dd7a3f873837190b0afd62e9bb956e,gefitinib,3,2,2,0.2761390893009316,0.15976573636610694,0.5640951743329614
068377680fcd48948fa16502470d32eb79d5ce4a,opdivo,4,2,2,0.19736031829864167,0.1535202570438259,0.6491194246575325
c3d9ced319066c308a1d70946ccb382bfaaea3bd,nivolumabb,0,0,0,0.5265464528227418,0.11338494239978031,0.36006860477747793
4f71bc1a9ad78f0ce17a4e9a21b40add291d2d51,eylea,1,2,0,0.5470445836448603,0.19939169980587168,0.25356371654926796
10f0abac51a644cbca90710b065fc75488ee4736,opdivo,2,2,2,0.25037509332367275,0.2732023202559779,0.4764225864203493
33793bb50f8fdf53e86c149fdad216ea3d26960b,entyvio,1,2,2,0.20598610102067683,0.10860965439650314,0.68540424458282
3425a3143e0fb95f9f0c1f08402af3b0910b70ff,ocrelizumab,2,2,2,0.4209247752397999,0.11946018673685821,0.45961503802334186
486474c4a7ec4ea6d217958b0a93227445b24a24,humira,2,2,2,0.15221432122484416,0.10420781682576591,0.7435778619493899
5a8395b0f2641f9b0753672a950da7b010da4046,ocrelizumab,4,2,2,0.3217327795803165,0.1748850760931685,0.5033821443265151
7608ecb2f07cf147afb40adc52ab35276af818f0,alimta,0,2,2,0.13318649413768682,0.1489709440880792,0.7178425617742341
ebe75cc1f9b789b3c23aac3e2eebca282d41aa94,lucentis,0,1,2,0.20085761602463012,0.255465293394298,0.5436770905810718
f3ade8fdb49395ea9d4e1ea20db80b4a5e4faffe,ocrevus,2,1,2,0.26142465911243007,0.2756548628621038,0.4629204780254661
2e1c78e72b965222d23cd7bcdbfade9fcba11539,gilenya,1,2,2,0.08980593820554117,0.14185057141855523,0.7683434903759037
5908d7b3ed065959c81f111daa2d63b48b5e8900,tarceva,4,0,0,0.38623383135773187,0.27286281037564136,0.3409033582666268
6d8b77116e49c5df2e863f9aa8769945346ec1c0,alimta,4,1,2,0.23950191443506633,0.27412363076188845,0.48637445480304514
74e9b57df8464e522108607c1d76093b06c8e20b,ocrelizumab,1,1,2,0.28190040281831746,0.15051951173871564,0.5675800854429668
e519e50d522401af0714ff233e3780e03a27ce1f,entyvio,3,2,2,0.3319852901463619,0.12030934523179022,0.5477053646218478
925584a50e73d8723e1c5f7a5416dfb1be874b12,remicade,2,2,2,0.09634562531201261,0.20926172323851477,0.6943926514494727
70c30827b45d1c6d485a5ae8592dce0e78a7f2ce,gilenya,4,2,1,0.2915682818597748,0.3919941164192679,0.31643760172095725
760991efe55c60255bdb48ed360942483e2ae484,ocrevus,3,2,2,0.17984057341536802,0.3728007346567575,0.4473586919278744
0d8db5dc0bebd5ed851570510a874455bb929fcd,entyvio,2,2,2,0.1436439678807431,0.1364605287395008,0.7198955033797562
53e28c4f3547ab4cd381c6fe326f363f7d33becd,ocrevus,3,2,2,0.09422606339518508,0.18754034983937928,0.7182335867654356
045806aec4a901602ff6ef24c7c98f91efe5b292,ocrelizumab,4,2,2,0.1174363650375905,0.42029410580940474,0.4622695291530048
d34c528e1243af1934bcc43648a733ba32e4836a,ustekinumab,0,0,2,0.39509280626841076,0.1646171358505441,0.44029005788104525
d59020acb477ae95e04f4ddde4714105cbb46e43,stelara,4,1,2,0.221960346835273,0.17835248721747607,0.5996871659472509
92ec8bdae6aa7172ff95fffa9ea700b776b9b2dc,vedolizumab,2,2,2,0.10729670191565177,0.05660481494371066,0.8360984831406376
76a6bfa5f7af1fd5f38a1e887389d4a1412b81a2,ocrelizumab,0,0,0,0.619624664353177,0.15018464739104714,0.2301906882557759
02f0ef4133999d0720d7ad5d2f423760dbb8c4a7,gilenya,4,2,1,0.20556669505939532,0.48389367282350093,0.31053963211710384
88e77bac665be6b307586e3eb73acb8f4e677538,avastin,2,2,2,0.09282247448312846,0.20775456811905738,0.6994229573978141
fb68fb72b4c0d30813158eafbb1246a3263d5dd6,gilenya,1,1,1,0.24716960953132386,0.388138293429858,0.3646920970388181
55cf6a85e14c0e8a42ec3fb55ff6ed40e6237412,alimta,2,2,2,0.26981194233967976,0.25082218042111787,0.4793658772392024
5dc489727408664bb8aba8b7bcd3ce428b8d551a,humira,1,2,2,0.152916880881637,0.14365631851270116,0.7034268006056619
b4992e2357af10bb39127086bb91416608105a09,keytruda,2,2,2,0.22207351281800897,0.305125383640591,0.4728011035414001
1f8dc98e33883a43a47898633f2d5cec0222c724,vedolizumab,1,2,1,0.12693978036491965,0.4618932398463852,0.4111669797886952
7fb3862b6c99a9cfecca761f4a1b42413b56bdda,xalkori,0,0,2,0.30220469159329233,0.14258828495708092,0.5552070234496267
e56956c2f2f9538a7bdcc6034bda399879157f60,ocrevus,1,2,2,0.32630750720289275,0.13857955643219053,0.5351129363649167
8dec450a227c44d714a88e814a357d4cd91f9fee,gilenya,0,2,1,0.3231056534861367,0.425397270545816,0.25149707596804727
f9f0f0f3e4924969e18203329851de70dc864c63,nivolumab,4,2,2,0.13169042094050398,0.08551993057514823,0.7827896484843477
a5bd9ed2e208c22dcd9fd43f97f3728376088616,ocrelizumab,3,2,2,0.21743680915136407,0.16728244012729834,0.6152807507213376
3572fc8e4515499ebbe399cda888b401b713566a,tarceva,1,2,0,0.42315684586193236,0.23194593312136919,0.3448972210166984
bcda7c4b508d6a2921be89bde3d113b69b294977,fingolimod,4,2,2,0.07117108240058104,0.19805515911466345,0.7307737584847556
6439ec86d63e7d3e8a263a6787010c2ae3463666,pemetrexed,3,0,2,0.16588197021435586,0.3587822410102096,0.47533578877543453
0f86074be77bb0e4e016153e4fe22f74452baf14,alimta,2,0,2,0.31910224865174874,0.13211729172096767,0.5487804596272836
da288788a5c4bca1886b7587500e3a498dd16c82,ocrelizumab,0,2,0,0.3854469485686863,0.3164433081667359,0.29810974326457795
f8ce0f726ddd30d777d4852093fd0f274a5774dd,yervoy,2,2,2,0.13700819122299887,0.1697617289822062,0.693230079794795
116960dd22f7e5983c87be920894c66500f4d801,ocrevus,1,2,2,0.28620240985832185,0.1814550310468472,0.532342559094831
a9479407c28016b379d40256d87bdc106ccaadff,gilenya,1,1,1,0.14523795711819754,0.6574169124399005,0.1973451304419018
ea75bbaf482cf31042148ffa637e738695ab43e9,mavenclad,0,0,0,0.5322486933123411,0.14998036308586113,0.3177709436017978
53f6f052e63f2ce30dad0b0b9fd92a1028249e3c,keytruda,2,2,0,0.49892054592590834,0.1501848153658857,0.3508946387082061
5a5f0b73d892c70cf839d0d2e1531208328c8231,ocrevus,3,2,2,0.2518738818820461,0.12588034108786128,0.6222457770300927
655c67382eaaf74a271724d1615306bf83826cc6,gilenya,3,1,1,0.08007901283986725,0.68262790142491,0.2372930857352227
624d5254a19ba96c98e112ff4b6872a3ab6ca1b4,alimta,1,1,1,0.27158141557118054,0.46867224453107764,0.25974633989774193
ae868203b1cebf2c75722bc38c1f7611ad706ab0,tarceva,0,1,0,0.5561531603473356,0.29604325913431717,0.14780358051834716
193d21840d1ac96342a4a6d9f11deaa0c941999d,entyvio,4,2,2,0.07649033815257868,0.16630839802341232,0.7572012638240091
6fa32bc775d271ecf9762a241f0c7a6d7ab39010,opdivo,3,2,2,0.2503970755240599,0.27274001401254233,0.4768629104633978
f19210354c1e5c782fa0cd49d6a52139054a22a1,erlotinib,0,2,2,0.23124668556893208,0.18751186147107574,0.5812414529599922
b901edf5734412a760985744629f991cc17e546e,tarceva,3,2,2,0.312543361473905,0.24048819355084028,0.4469684449752547
676c37987ed39d7d206cabdca14ce6789ea6bc02,gilenya,4,1,1,0.11856203572722437,0.7557268217825979,0.12571114249017779
ddb5f5903d7a09801ec152090ce304e53ddb7e35,humira,2,2,2,0.20515247781700133,0.3031985510612832,0.49164897112171563
04f1e20e7fb7edc9fadd9086451421aa01c4c52e,keytruda,1,2,2,0.3212232592100481,0.2376923409188959,0.4410843998710559
25d9cfbfcc827708f6e874f37ce59902481ac6ec,entyvio,2,2,2,0.22726962126688977,0.3186862468976448,0.4540441318354655
512e5740b93873eec0f081d82f53d2de2ba7e1db,cladribine,2,1,1,0.28002672453998406,0.3843963248568581,0.33557695060315784
4fc64c697c1942e27cc55d21d99989e43f97e321,ocrevus,4,2,2,0.17743216161787584,0.1611336723091307,0.6614341660729935
e83f274751debb47b54a9b9a7d3276a3292bf53b,entyvio,2,2,2,0.10760041638682627,0.10979780427930838,0.7826017793338652
04bd853abcb986199bc0cce62c0101c2844224bb,alecensa,3,2,2,0.13790183890392788,0.19415841201568593,0.6679397490803862
378f579c36ad56257d801c7ca742eef40f5c049a,opdivo,0,2,2,0.18930194622496296,0.12041966881643505,0.690278384958602
acce5a81aef1b7be72e7fa2d890979974e08024c,opdivo,1,2,2,0.25146038800175086,0.14218324974630214,0.606356362251947
19a1d1fab7fa7831802f40ba3d803234eba97205,remicade,4,2,2,0.1789213343048255,0.37442469127939826,0.44665397441577626
b2c193190d4820fb5c4c65c6a04e334cb0e5b0c7,gilenya,2,0,0,0.4917519627089763,0.28631864814166813,0.22192938914935564
38e0b3c61adc948b041741944d9bdc69e3f06cce,remicade,1,2,2,0.13616087586281492,0.1677760775623048,0.6960630465748803
5913cabd19280384f9ba5002b3461672569a939b,tarceva,0,2,1,0.2148242972029526,0.4309376855125017,0.35423801728454557
50c7ff216d650d91ce977ab9c145352e51bad9c4,osimertinib,4,2,2,0.2102092351693163,0.16086538684274573,0.628925377987938
88d1dbe55be224f38caed7f912e6ebced0329830,opdivo,2,2,2,0.12773244857475957,0.08710025485686812,0.7851672965683724
32d84706fb7634cabd96b3d9a876f9e57710984e,cimzia,2,2,2,0.2591237587400474,0.12891475596978733,0.6119614852901653
50f67a38838e23911385c3aaf9e6b754d9e2679a,gilenya,2,2,2,0.18636944287482518,0.14003374149426426,0.6735968156309107
95b74df550ee15fa6aa6bf12a5f6769813080f85,alimta,2,2,2,0.14783610416163123,0.10914915017987736,0.7430147456584913
6106948da0e5dd78a31ca18d3250554d2f3fe4dd,ocrelizumab,3,2,0,0.4157156301844473,0.29347968778975503,0.2908046820257978
af10ca76d0126376a50e540dec186b97493af727,tarceva,0,2,2,0.19467620664049837,0.08666054513999107,0.7186632482195107
f1bdb2a28201140fcdba7c3d4972cce28a75d8b4,humira,3,2,2,0.29114865115069705,0.2143691776252446,0.4944821712240584
72c5af197ecdb42546aae90d2b4a0933e7002e67,alectinib,0,2,2,0.28980449654218815,0.2124839652460426,0.4977115382117692
55fa47816937551a9b9680514983036518f0da8b,ocrevus,2,2,2,0.1686737931314782,0.17314336922211454,0.6581828376464072
d0851056a7bfded85ad1fe98e3c49a1623085a20,cladribine,3,2,2,0.3463409426737867,0.15138877400500755,0.5022702833212057
f9411a44275bd752870344caba649fcadde4a32b,alimta,0,2,2,0.164977426053299,0.2093002208146668,0.6257223531320342
d38093dbf0b4cc0449907d686162238773d081e1,lucentis,4,0,0,0.42504132683132045,0.25702884316661145,0.3179298300020682
fe0edecfbe265aa439ef87e1ef2a6a0ad0abb495,ocrelizumab,3,2,2,0.31875469431125214,0.16667976642257304,0.5145655392661748
63f2f3399436b9259757214f32afd69e02a4b1a7,cladribine,0,2,2,0.16966976963105718,0.13065972206981058,0.6996705082991324
9167166af8eecdf18545cf3cb971a2322547e861,cyltezo,2,2,2,0.19089431557362588,0.24821248561466366,0.5608931988117105
52b49ca57bd34bec1d8b3a693f7b274f85f46de1,keytruda,1,1,2,0.10188428800141013,0.233335184736551,0.6647805272620388
86ea0389a653961cf5955ce0987253e8b88a2e64,vitrectomy,0,2,2,0.09403001785301426,0.12800065675496372,0.7779693253920219
bac5159f8172fa412f9d422e622700f430233fef,cladribine,3,2,2,0.12950810506859728,0.07608883767330697,0.7944030572580958
3134be753b65f75d1d223bd58bfedfb7521fdb76,entyvio,3,2,2,0.2749642623910513,0.21724104005111336,0.5077946975578354
2fdf0b5c3d327f5676227dad7d3fde8391b4c01a,gilenya,3,2,1,0.2007715932108107,0.5432706827163445,0.25595772407284473
ec03beb03419224142227976d42e2bb48a95a8a8,eylea,4,0,2,0.4045890765964852,0.08949407880056592,0.5059168446029488
457d62fee22190a8c042a1ba863cdaf83b2d9d85,alimta,0,2,2,0.19793044505661922,0.2624517641738274,0.5396177907695534
913b3f4d5468f859893ef13c62030edfd7ad7ebe,stelara,2,2,2,0.080669754892023,0.10403997975678794,0.8152902653511891
568e1f761740504cf5a994e2659c7a8a26e831f4,entyvio,4,2,2,0.07044987304318058,0.07511208928723005,0.8544380376695894
235e49f1e2238e6f5e862584dc7ba6aabc343e3f,ocrelizumab,4,2,1,0.24917192855314818,0.38857684646003127,0.36225122498682044
8692acef0983945a45b2310d8f0f8bedb586a952,erlotinib,3,0,2,0.15724998999792889,0.2215157988224456,0.6212342111796255
46aa8c0c3ba7ce6a572746455c4906bdb71042b2,opdivo,3,2,0,0.43202027191365683,0.18913042076218506,0.3788493073241582
c34e4db8e18aedcf5db21696d7dc4754415e21fd,ocrelizumab,2,2,2,0.39134549539930685,0.21114904317014602,0.3975054614305472
ec1b6f3f07cd4bee72507b5eddcda6c58af33336,gilenya,0,0,2,0.3321227525432883,0.3138981814507642,0.3539790660059474
9e468e72ece4e3a805e9ce21fb6d1926cb30d061,ocrelizumab,3,2,2,0.2849690340096079,0.16191074957855545,0.5531202164118367
0924d0ae56a555cfb4749751d30a4a940ae1977e,entyvio,0,1,2,0.25643050021911906,0.18792236811914084,0.5556471316617401
1b8447689cfc29ffb6d6355bf7684429ccb0d066,gilenya,0,1,1,0.16891462200112856,0.510640822326932,0.3204445556719394
cc93ec3e424e24fb87a110021ac03f0c0ff515da,ocrevus,1,2,2,0.15405031345970188,0.30863438140372373,0.5373153051365743
08c9ce52bd55b878a89c11fdeafce8ff1fa3f317,yervoy,1,2,2,0.19528249838182027,0.23501225497177575,0.569705246646404
cb5578da6f9564acffd4ec05342058ad93919255,ocrevus,3,0,2,0.2524259933639968,0.2857486421723537,0.4618253644636495
8bc5901eb971d9404f1c723b6d378b5731dd34e5,ocrevus,1,2,0,0.49004662807620525,0.19082352879472125,0.31912984312907355
e98803d6b8f7da7231901a9329c9f47b7a5d8c98,entyvio,4,2,2,0.09324966028183052,0.32488588031072485,0.5818644594074447
b26366b21a418dd14869766435cfba7c21129c76,alimta,2,2,2,0.379182260984794,0.19210378376829418,0.4287139552469118
1739c2f27e542c4c1bfa92a9f6d5917a3a9d85f7,entrectinib,3,2,2,0.13765070595618284,0.10722064175176349,0.7551286522920536
4aa72967952a6714804235e42a3a42bf5a50f800,fingolimod,0,1,2,0.08987286523773699,0.3434511284905218,0.5666760062717412
f830e301873eaadb4fd929d13d7ace52c570f8b9,fingolimod,2,2,2,0.2930325608536972,0.32184050089415306,0.38512693825214966
fed929f7ff63529297e0f178d9fd0a1938d94730,tagrisso,4,2,2,0.13310065508009217,0.3485073997547058,0.518391945165202
60bc166d3c319e6def9332177808474d631612c1,ocrevus,0,2,0,0.41441401113663284,0.2191922144006465,0.3663937744627207
ddec5f3807618c324678c5912aa994378174e559,lucentis,0,0,1,0.24046591248724444,0.44765994352839894,0.3118741439843566
bee1be8855bbc912ddaf05c13bb4507370c48b77,tagrisso,1,2,2,0.3754812844812932,0.21459531051061867,0.4099234050080881
7f96d51ba097d1ee03979c718db1f152db494c8c,gilenya,3,2,2,0.1994615795240947,0.30319988009702964,0.49733854037887565
0888680cf9c2d9ff33e5dcf8b2e5d4c20ad916ec,tagrisso,2,2,2,0.08644627690550588,0.1198299621122735,0.7937237609822205
788a73e4ddaa06a405155a2dd84a47a352a54feb,humira,4,2,2,0.3186014668999491,0.13534227454698947,0.5460562585530615
8875470fbcb9aaa6ece3bebb942f27b9ca1cb9d4,opdivo,0,0,2,0.3801606674573743,0.129703072348123,0.4901362601945028
53fc683d484769c073311dd9c38a23988ce98ab9,humira,2,2,2,0.23464788252186503,0.14769428451598882,0.6176578329621462
bc3634fb0105663d6ac691040f44210cb27c634a,gilenya,3,2,1,0.1927769996564428,0.47284300712419985,0.33437999321935724
f1e9302bcd96ee03cb991194711cf731ff48176d,ocrelizumab,1,2,2,0.16353057790962372,0.26160322572554584,0.5748661963648305
fe1dff4e3c47fbbce3fb45d8f58ca68314914387,ocrelizumab,2,2,2,0.35849834931387103,0.2684141855024241,0.373087465183705
09c1391041565d6b2a54e1fd507a7727708b3cb3,opdivo,2,2,2,0.3476399769931199,0.26967641051844105,0.38268361248843913
7d4c7393e0bb4e56ca9a6cfffcf096946e420c3b,alimta,0,2,2,0.1715915304695291,0.13702373114572738,0.6913847383847435
347933d64cab2b6d396bf2e03a03c9270091c0ba,ocrevus,2,2,2,0.22311639426988272,0.15060789297219032,0.6262757127579269
c811c4a1111ca50b1dd79de492b7a036b59fb438,gilenya,2,1,1,0.3046065337507278,0.40898607383456775,0.2864073924147045
34e299b040f32d906c8745c2342fbebf17b70251,ocrelizumab,4,0,0,0.6622139560433907,0.12911537523503666,0.20867066872157258
65ba8b6147691e1527a3297e727dfd264eda15e4,alimta,4,2,2,0.13433204163196896,0.12740031154849232,0.7382676468195387
ba1365b63f31a06697ebcd690961dfe5fc829478,remicade,2,1,2,0.13714810086485216,0.3613740180520283,0.5014778810831196
8e09b3a80d7cd3fef04cf3350cfea167a4b8c379,nivolumab,2,2,2,0.23073057006653017,0.1480343691132169,0.6212350608202529
e718011415205466020aec0e416d19628b8c45ae,keytruda,0,1,2,0.2283042181400695,0.3318647260630994,0.43983105579683107
279f88b692a24a672b6d20c2bde1dbd373250ad1,gilenya,4,1,1,0.27002084313928126,0.612666030606576,0.11731312625414275
71a39658f4be89edead3179079e7c2d09e1f3825,ipilimumab,4,2,2,0.06758396432137975,0.08829242698155773,0.8441236086970626
a5b5a656a1ee42fedd9e7cef54f00349ac1e79aa,ocrelizumab,4,2,2,0.2876606106430557,0.17865980570058126,0.533679583656363
e5f615eac77bb504cb077afadae61c0466af5dc3,gilenya,1,1,1,0.3027893291613683,0.3557365899174581,0.3414740809211736
fdaec7dae2b21f0963436cdd3a8a03944ce088c1,ocrelizumab,3,2,0,0.4751504943956621,0.20447628853249733,0.32037321707184063
7ff1efa50a0152833398addd753083d7eb34087e,ocrelizumab,1,1,1,0.2577702834851036,0.5794383238698858,0.16279139264501058
707998d6dddfe341eac8935f0d2c4016a8002372,opdivo,3,2,2,0.2145425406510224,0.20107967395887916,0.5843777853900984
a96f07d8cdb58a769ed0b9207ad5557b349aa277,simponi,1,1,2,0.09699948474044238,0.24807771985539387,0.6549227954041639
ac053e11012a2c8dbf4f6ca3f82ce7dfd6aa2be3,remicade,3,2,2,0.15369132373768934,0.22376605776730818,0.6225426184950025
9de2d2257b3f5b4e97d8db75cdf56e64b1e2df39,keytruda,3,2,2,0.2731742261407017,0.35718864506563114,0.3696371287936671
f552240371de593c73f4f25c3813a366f7753abb,humira,2,2,2,0.10910693410021899,0.10768252987080597,0.7832105360289751
81cbc177c0dc8d2e2b3e1667fa6576d0b1084f8f,tecentriq,2,0,0,0.468183351410578,0.12428253841801458,0.40753411017140756
a110d6e381c97ec39bc0d2f46d9ff9df7a94235f,tarceva,4,2,2,0.17325482555264554,0.22268525640947578,0.6040599180378787
e8a18c6804801cecddbc1a8ac74909f6b5321282,opdivo,4,2,2,0.16108344790752438,0.13941029558678425,0.6995062565056913
7cc232618cca4a093d748e4327a8f22634fc442b,stelara,1,2,0,0.478479429805926,0.08273343093803939,0.4387871392560347
1b9d7ab665ef2b362fee3d87a4a33bbb0bf6bf69,tarceva,0,2,2,0.1881686119944581,0.1867510691871956,0.6250803188183462
43648526618b40ab172c1a9a46a30e06eaf21acb,gilenya,3,1,2,0.24882994654368873,0.29812603410677785,0.4530440193495333
9349ea3df86ff807cdd3ca37569a5e9adb4bbc8c,fingolimod,4,2,2,0.3119005807293133,0.19126537616687972,0.4968340431038069
320aa8689f914d1a9c4a5666447af258919bfe42,entyvio,2,2,2,0.10675438319118509,0.15286255725523398,0.7403830595535809
d7ad94c0965a9b76f964d51773b70870ab23a63d,lucentis,0,2,2,0.2049785036413379,0.30945846634873225,0.4855630300099298
7ec25f3e8ac304ae4a75308f5bbcfd78db45caaf,keytruda,1,2,2,0.25270793611056414,0.23700541272608586,0.51028665116335
1792763761ddcb3126629fae91fa1426ad5a75d3,fingolimod,3,2,2,0.18119792270576085,0.18172903952229164,0.6370730377719476
d5c4bf207c06518e7927c6a7a0253223782e55ff,gilenya,3,1,1,0.103615911804559,0.5132753804108879,0.3831087077845531
eda2630cda372618fbc37415cabff308084b8a6a,cladribine,1,2,2,0.2749796891832297,0.3070362682533281,0.41798404256344224
7ef953526a3c060dc4129a03e0c7deb8d4565466,cladribine,3,2,2,0.2486378784885132,0.24733048800132287,0.504031633510164
193331e0436658f3b696ead4c76c317444958043,ocrelizumab,2,2,2,0.18390804321707724,0.12922535537116583,0.686866601411757
bc95edf89695c41954584aa75aba6705612d8237,cyltezo,3,2,2,0.0900102296355065,0.09400247613098602,0.8159872942335075
f6aebb902c21c1694c2191f3826708dccc73610a,yervoy,0,2,2,0.1489628949874978,0.12278408082127472,0.7282530241912275
06e60f9bc1c0b54ed4c71d8159ce3618e1bdfe05,keytruda,1,2,2,0.336244958488446,0.2341923192345893,0.42956272227696474
e8a42fa6ee5d41762ff9d290ba84117f1f7b5800,fingolimod,0,2,2,0.12861485249735466,0.2870795127451435,0.584305634757502
d91d990da6eaa5c2ed36c51b4e041b9d050f7995,ocrevus,0,2,2,0.18424332598734236,0.14412887647761555,0.6716277975350421
483054fc32fa052ae01021775b68786adac8f2de,ocrevus,2,2,2,0.2951229439064855,0.12045708710382994,0.5844199689896845
d38b69a27670636e877311bba6393e5d45d73435,keytruda,3,2,2,0.17883553398184868,0.25605353479508836,0.5651109312230629
810758627d843ef390ad7dfee8fb3df6662536e8,gilenya,3,1,1,0.1250715903221901,0.6861117535729692,0.1888166561048407
66fb5bc0b23cde370be9a9dad5717f7fff10d668,opdivo,4,2,2,0.1824605907531733,0.1343524962563002,0.6831869129905266
934b2efa3aa1f319464c62a09e9a3b0b8b63a590,cladribine,2,2,2,0.3831229349674062,0.11839920740391142,0.49847785762868235
7dc2d8ccb5510d64ed314c814219abda87658b90,humira,3,1,2,0.13732820463879786,0.2973061439394437,0.5653656514217584
bad0496b52187da54914b71f46a6cb10d4e7903a,tarceva,1,2,2,0.06124986697223827,0.0690659889737822,0.8696841440539794
c5936733f1020a2a24315cc151ac281b18e0b185,gilenya,4,1,2,0.19722545635159874,0.2389431662241733,0.563831377424228
b6e4e2e1918209f72e0f7bfb6df3d586b9559134,opdivo,4,0,0,0.4348119050162952,0.20762319512806812,0.3575648998556368
a6cffe36cbb75b140fce5c86cacbd7a1d263b71d,lucentis,3,1,1,0.2856396068562633,0.48655147857607606,0.22780891456766078
b9765fb203e5521c8f5d787380b79ce507c9531e,tarceva,0,2,2,0.17798529715313707,0.30507746725005774,0.5169372355968052
e81ae26e142fc032d89fa24e84cd74e480e4f7d6,lucentis,1,2,2,0.07785151153763872,0.1352664492098125,0.7868820392525488
69b16a3375f26b832d10a6a78a8808effece9585,gilenya,3,2,2,0.1413158228178248,0.30575175715173974,0.5529324200304354
3347aa6d5bd4a31c678829fc57378b6a0a04b80d,ocrelizumab,4,0,0,0.5186980374567293,0.19232709463467465,0.28897486790859617
2c30420f6bc22ffa80dbb502eadf15ed6caf2685,keytruda,1,2,2,0.09554971815807965,0.19543625484252247,0.709014026999398
25ea3731b017da987b147cb05b09ee27c205c2d3,entyvio,0,2,2,0.06480786153821884,0.08927582670837776,0.8459163117534034
d9ca9c8976e5bea8f69606644be5ec1a636bec9a,tarceva,0,2,2,0.1523850780739373,0.1932916454907148,0.6543232764353479
4f0f017b6753909941bbb873cebed9cdcf3e9697,ustekinumab,4,0,0,0.5194776894536876,0.18975896945522663,0.2907633410910858
73ded2e6d513dda6150cb84f1895bd8fb3d53658,gilenya,4,0,0,0.36914888778265265,0.29177916995675635,0.339071942260591
a74130e395660c25d333eea5671463257c610a2b,gilenya,3,2,0,0.3778288251514226,0.2733227268541104,0.3488484479944669
d9d13864c757475116c049da347355595caea2f4,tarceva,1,1,2,0.12401321289755458,0.2804505168745368,0.5955362702279086
3b2f79e9e19f51442a8d1f5d1c45ac18561c400e,durvalumab,4,2,2,0.16866574486660757,0.11909292903569911,0.7122413260976934
fc272d476387da7159918265ed0f438f39883b93,stelara,2,0,2,0.12994344435257837,0.20025926445979667,0.6697972911876249
47e868e0cedbc7548780571456c3d11b52a65555,remicade,1,1,2,0.1896098221818848,0.307234373626506,0.5031558041916092
37e86f970058b8b3b3884313e79986c940eaff06,stelara,4,2,2,0.10542093110209765,0.3148015354050203,0.579777533492882
63d10170109e9397d11a02c953c215a04e6f6ade,humira,4,2,2,0.15259261695031118,0.18102365634585024,0.6663837267038385
1aed0836ecb368ebc99b31303cfa93ed5b973930,durvalumab,0,2,2,0.17645725241815371,0.18328250471067237,0.6402602428711738
e7faa723d7e02de08c7782da42756d1a63ae6c5a,ocrevus,3,2,2,0.1436544785737624,0.32084647288461526,0.5354990485416223
b34e708887d7366563ff8e4ee90b26d777b1af49,ocrevus,0,2,2,0.15108924001815957,0.24026574661639416,0.6086450133654462
372d36c91f794738123ead42d7ea2e4a0e307b31,ocrevus,0,2,1,0.24921209324785706,0.4567118571476946,0.2940760496044484
bee527fbf0bbeff99a619ab2fcc7a33cb876bc65,ocrelizumab,2,2,2,0.38305990105557974,0.19553519263183705,0.42140490631258315
71704e64b2903d05276d6053cd2eccede18eb205,fingolimod,2,2,1,0.06920021815928887,0.5464867215872774,0.38431306025343376
c82b06a7ff572724bfd42aadf5b5318c1692c32e,keytruda,1,2,2,0.24350813316379266,0.12859434677842052,0.6278975200577868
dbd56686a62182badc3d7631f85d27277808d778,pembrolizumab,1,2,2,0.34479372482550064,0.22088087365117773,0.4343254015233218
71a3cae8d65a104cdff57e2be8ff0b2a390d5618,lucentis,2,2,2,0.33666258017617046,0.17986307106063776,0.48347434876319184
156f53a19d33d92d6a2e6249ac2f8985d90fa132,alimta,2,2,2,0.16862767225956024,0.14760680535258452,0.6837655223878554
2447d5acd650d76c388d9142a32ae5b17ac10e67,keytruda,1,2,2,0.17519019507100475,0.24343722643189825,0.5813725784970969
20862b6fedd5799c86a3e0c4bce353068525f5f9,fingolimod,4,2,2,0.1743587760354083,0.2453509096016601,0.5802903143629315
e176b9074df806cbf5fdb7437a52015d21353873,fingolimod,3,2,2,0.11633234391489337,0.12076632657187691,0.7629013295132298
de83a3adc4ee2e74f9468839dede196b38f39bb7,stelara,1,2,2,0.09506409379177756,0.1872966654698343,0.7176392407383881
13f8c81392a79d02517da5f4ea42ab3788c6b718,entyvio,0,2,2,0.037604058641361994,0.141946970273047,0.8204489710855909
17d16643fa513dbd12ad97fa80cf94d3d0fd47ec,cimzia,0,2,2,0.0902136059337387,0.1439236511217157,0.7658627429445456
4d914994f14d2fce0b955b6fcd15be9201295667,tarceva,2,2,2,0.06306397685601685,0.11945443425294532,0.8174815888910378
d54941e432d1431850dc34ddf704cbd117416c7d,entyvio,0,1,2,0.25655444286367995,0.2610476782467529,0.482397878889567
e2c4676c8280ca2448fbf8d0e4afa1b76c601408,humira,1,1,1,0.20470414039628232,0.4060406631331465,0.38925519647057133
b22924707b9afbf65f0d36e3d2524fba9d2265db,remicade,0,2,2,0.10076605326668044,0.12019690681013079,0.7790370399231886
8e0483576d6d1c83635c4797f096d7551b3fc7b7,entyvio,3,2,2,0.17611610618018875,0.2699036382464361,0.5539802555733752
24f549a05d2d797a6c854aa75aa9fbe83e0d3cdc,gilenya,3,1,1,0.2424996055080158,0.5981428614621095,0.15935753302987474
d9880e3ebd9c6d4182addebf6ea817e6a6ae2ad8,keytruda,1,0,2,0.23131171068304743,0.12734653529031825,0.6413417540266343
ff5a7cf5021fb92e6370e08fccbc861bea68fe89,remicade,4,0,2,0.1432576432992684,0.391620399419765,0.4651219572809666
51eca03026526cbf46664206eaa4362a7ba5b676,gilenya,4,2,2,0.22895645020488248,0.22985167405428433,0.5411918757408332
3d9c4aa6b2bade7bc53980632b9697c51c3b59b9,humira,4,2,1,0.19429217044416974,0.5262548751850713,0.27945295437075895
11b7a45778ed3359f08a2e7219e3681fbdf096f7,photodynamic therapy,3,1,2,0.32596215548556434,0.20254765713899164,0.471490187375444
27ae0b8c9694126b9eeddfad41e89f7c2e1f9f82,keytruda,0,2,2,0.1848793280497762,0.2029639466986551,0.6121567252515687
3928b9eb2e34fe41db52fe2f80f0fc95d52c8b61,opdivo,2,1,2,0.2322178994570937,0.3091064007074256,0.45867569983548057
b6cda365093a96e22642b950de064b2f103b8d26,simponi,0,2,2,0.09650847461753424,0.2311747289692178,0.672316796413248
80cbf40cbdc236d1e6edad9c31fb3c8572d260d6,humira,0,2,2,0.10773286476109105,0.14211488666832167,0.7501522485705873
6525158f8de2fa7f6fe9513de136592e00fe7f17,xalkori,4,2,2,0.14569061448097173,0.15405226842994504,0.7002571170890832
e71641e80aed6aab47360e3a2acad494858fac4d,gilenya,1,1,1,0.12752104402621903,0.6330797097375217,0.23939924623625924
a4921057fa3a474c60f0675e41b55dbf979dbee0,remicade,3,2,2,0.2712498054776389,0.20248037644476324,0.5262698180775979
98aff85ab2d7056186863d18d699ff59809f3868,tarceva,4,1,1,0.11237674503915387,0.6452958620724338,0.24232739288841218
374b3937e206bbb8d33b2a623d835c15fcd931e4,gilenya,0,1,1,0.15355774968778102,0.48130272823062065,0.3651395220815984
5cb8ba1a0a4b1a822606ffc889aee56d22d68cd9,cladribine,3,0,2,0.2707777596591804,0.1071265474891011,0.6220956928517185
41311d4687e44df58a1274d2defdf2f60a47fcb2,keytruda,2,2,1,0.2590197690627361,0.37856620690016024,0.36241402403710365
73b1576642f4e9715d0bee241125e80b58dc2bdd,ocrevus,1,2,0,0.37274420936244146,0.28474581388071474,0.3425099767568439
3402c53eab527adce952df99f07da658527698a8,alimta,0,2,2,0.2841553956058252,0.20471279959876224,0.5111318047954125
561dc5003b759b23dfb1783fbf95abb87b34c14e,opdivo,4,2,2,0.1521660067531172,0.10830706646678602,0.7395269267800968
8efa327ff65b9cc7213fa87dc654e15edc4d4a09,ocrelizumab,0,2,2,0.28308460217433623,0.24312418492391047,0.4737912129017533
f0c8f0dc74f2658909b00ecd3a98645a065603f3,ocrelizumab,4,0,0,0.46835794882346116,0.2200456635352229,0.3115963876413159
67f67cc59737c91e3fd63d7d0b8c4a191ccfb39f,gilenya,1,0,2,0.21064568463734423,0.23552235426050716,0.5538319611021486
ba546792f770749f8ba5677508cb974b71cd231d,gilenya,1,2,2,0.3589977695075789,0.25031343309975645,0.39068879739266466
d5b1f738932c7928d55a463e74be7e092e681ef0,opdivo,0,2,2,0.19981637850079767,0.24057238451540117,0.5596112369838012
b4cad88ac2286dd62517ebacf1b7add3cce5ddb3,gilenya,0,1,1,0.30682769623839873,0.46054354981519174,0.2326287539464096
0f5011774d581f617fecb4361aaeabadeba0a6a7,entyvio,4,2,2,0.06694318114086359,0.07777554902194582,0.8552812698371905
1601bfd0aa313160a514cb3f4e8803679876f8e9,fingolimod,1,2,2,0.10401267935072062,0.4010658464485918,0.49492147420068766
7401fff4360a2452130be23fc23c2c3592374e1b,alimta,1,1,2,0.16133106252045454,0.22654830760039357,0.612120629879152
272507ebe417743991914c37cc6f45da028f4099,remicade,2,2,2,0.1167461402796249,0.3815946757787382,0.5016591839416369
cc8f07c00c7e7fc10d2ea3955816752199590553,ocrevus,2,1,0,0.35840695125150485,0.31735773295724984,0.3242353157912453
c9b05fb120b55b82f95a6a529bf90457087c4bef,ocrevus,3,2,2,0.25017021673690115,0.3351283631243278,0.4147014201387711
f8fd84a432e1a3f048e792ad9ac5592194fa3811,ocrelizumab,0,2,2,0.21709333598059616,0.1761849362799539,0.60672172773945
43c9f8cc5c38d4f8cdfcf828e57139141939aa3a,erlotinib,0,2,2,0.12697824493012375,0.20687710869065223,0.666144646379224
316008cc6739d3358f9720594b08c0c30dcdbc37,ocrelizumab,2,1,2,0.3548690055882351,0.1912900720887086,0.4538409223230563
653b942e4d07efc680e44b10d7cdb2da7a411053,ocrevus,1,0,2,0.17577354120848887,0.3776950728003158,0.4465313859911953
23af0f8f64629a6291b2d2f046b7e5c67d4653a1,tagrisso,4,2,2,0.20155240625268722,0.20979626684338876,0.588651326903924
e173b8327c8649579d5651cfecea43b36e9661ca,vedolizumab,0,2,2,0.2925409076876666,0.17658314518464058,0.5308759471276928
cec01cc92c1c22c9701a7ba29bc2d598cc352e54,ocrelizumab,1,1,2,0.26485106132821534,0.33707453052613734,0.39807440814564726
3ff39679063b0295f00a49cbd105e17706762d1a,ocrevus,0,2,2,0.22831885287048959,0.2621384144859871,0.5095427326435232
a491c1e323285ed9be370d328ccfa33946acaad9,gilenya,4,2,0,0.4003165399419964,0.21213786431140438,0.38754559574659925
01deaddafa5aa12e7e9ddb7c4093cd91041107a7,stelara,0,2,2,0.194160861941313,0.05785993961402554,0.7479791984446614
641d15022136fd890fedb0718c256f1c85106690,ocrelizumab,4,2,1,0.22287875244827848,0.5187211077120418,0.25840013983967974
63227d90d5470f41cd1d6d169e92b07da2eecada,remicade,2,2,2,0.15256411532602657,0.3015721830037346,0.5458637016702388
5b07da16569599e3baac688b2dc4d8bfe7686aad,ocrelizumab,2,2,2,0.31488438918666833,0.13188552738459575,0.5532300834287358
3ad2d6c02e1f6970b4ee9f2e59dd93c31a0bd459,ocrevus,4,2,2,0.23317537206556782,0.14055838123691564,0.6262662466975165
88cf398a2f8526ec028354ec0e1473f00dfc1647,gilenya,0,2,2,0.33498608046947675,0.2818738928622937,0.38314002666822955
681e1688da310848f34cb107427aad2ab2484cbe,keytruda,4,2,2,0.20600708031652074,0.22280722545233397,0.5711856942311453
14ec5a158dabe757602009f91931b67a51c2ea5d,humira,4,2,2,0.15521595015526007,0.20654664055145378,0.6382374092932861
eeb382b6a3988d695ae71e79052578ba2625de36,gilenya,3,0,2,0.17135672341654842,0.3466600530970951,0.48198322348635647
d71099bd469892b8e8706f057a99af68c654473c,erlotinib,2,1,2,0.15879247013389167,0.2801594499103117,0.5610480799557966
b7e2286d155fadbc6b735c152b02bcdb4cee5d33,entyvio,0,2,2,0.1221528059194646,0.1654101084230957,0.7124370856574397
8488e13f67b79d2bb690a94d94e22edf2c0091c6,tarceva,2,2,0,0.39383660627315564,0.2954714761943483,0.310691917532496
416c4b0ed275a8a03667e63d85e0ae29701dc75e,ocrevus,3,2,2,0.12979385243587163,0.14191543305475562,0.7282907145093728
20abc7944194b8c173efc2f17dd81352e2d370c7,ocrevus,3,0,2,0.3654880528228256,0.21548774661664644,0.4190242005605279
ced70db4848d62596e6122482a7fa668a66aed5c,ocrelizumab,3,1,0,0.45298519913375945,0.16138650170500815,0.3856282991612324
0195fd7134db59e3058cb2c5b29176349a2364c5,ocrelizumab,1,2,0,0.43528233628112156,0.22658029096288046,0.33813737275599803
ca6487578a9f053a763c3bee254a31d6ca7d67b8,tarceva,1,2,0,0.40071929950038193,0.2833309352625391,0.31594976523707896
518c3d474aae18f154e63b76cc184f9edf9d9058,humira,0,1,1,0.17279651065345117,0.44471906575263526,0.38248442359391355
438f39fee4594509d4b3fa97b641ffa70202577b,ocrevus,1,2,0,0.3696825037634371,0.3033826948395004,0.3269348013970625
13fa6370043665be64cc21b9e5a920025361f152,fingolimod,3,2,2,0.10137406844755033,0.21014681679634473,0.688479114756105
b238faa942a518250e8b368a91e151d19ac6b923,gilenya,0,2,1,0.3054370149509574,0.35201908659622644,0.34254389845281613
b0263b007f7a22ee04729a44b5def93863457220,stelara,0,2,2,0.38191390562722455,0.13647199801799093,0.4816140963547846
ab78093271c0d946d77db5f6e9c309218597fc66,alimta,4,1,2,0.1785633284328,0.23108950717515678,0.5903471643920433
b35d9ca8a71f0362b3bd744c6579b39766214d85,eylea,1,0,2,0.24064778421763142,0.37327883570432985,0.3860733800780387
a205b26f2d3ecfae6693130aeeeb0d18dd75230c,alimta,2,2,2,0.11674025909312112,0.11724907652227148,0.7660106643846074
c4a390b99b2f0a01bb396ebdc6ec9782e0fb6a7f,tarceva,1,2,2,0.3771306380044456,0.2249187346005291,0.39795062739502524
9c9333d1857aeecc9a475c0d3bfb0b8d37c04718,tagrisso,0,2,2,0.11325763817011464,0.19381618872532572,0.6929261731045596
671a1506f965e8c73b1a91736995ebc595d327a7,ocrevus,4,2,2,0.4128472544148093,0.15558846904872217,0.4315642765364685
52cb5f33b6d7197b2f6d5c2eda0a5a4a9752ef2a,tecentriq,2,0,2,0.353854316678318,0.09995501349434045,0.5461906698273415
dcc03f42ea4909f9aa4d36fd1beb92b9b3a4f0b5,keytruda,0,1,2,0.21951893444507956,0.37069281199113585,0.40978825356378457
b1301bca4c11f7a4ee8ec5d0e13c8fd8b3334bb6,tarceva,1,2,2,0.20844078864363141,0.1709085545158519,0.6206506568405167
423e5acea84720051076b2be6b80b82408400f67,gilenya,0,2,2,0.18744176711799126,0.2714008941807802,0.5411573387012285
85398d4bbc4db38ad08c5655a97acf6ba54e5a41,cimzia,4,2,2,0.046827015944641656,0.10994686653870023,0.8432261175166582
56c2672e82414107d752634c28d3aa4f4120354b,tarceva,0,1,2,0.2786536984545266,0.3271392994257867,0.3942070021196866
0cfd4c9f5229c6b7f1b5a26a79cfcf87a43416a5,geftinib,2,2,2,0.1523675547928795,0.08337742399794812,0.7642550212091724
4b7347f7e7e6ba727801c440081a6d5b155c6185,imfinzi,0,2,2,0.3439390580414707,0.17045389501200217,0.48560704694652723
86c4b58c504b4e4e04916bc2c735f2c0738b7441,entyvio,4,2,2,0.06226173007609248,0.06892034196722037,0.8688179279566871
5e7961bcb75552f94b4296ec54903da8a6807817,gilenya,0,2,2,0.31306720473425115,0.19465980762624224,0.4922729876395067
dc8baed71cb69609134f22dbed279d82f9d904ab,ocrevus,2,2,2,0.27561123409081545,0.3010454159948697,0.4233433499143148
fc0e1f54d3b6611902a46991be87b32dfe592a9b,fingolimod,4,2,2,0.08541925470538957,0.15266775296550114,0.7619129923291093
8a61b77fd6de97ac5a659fdfcf607f3ff5dda908,tagrisso,4,2,2,0.0985616698324788,0.1266053616505973,0.7748329685169238
6aa3d3bbdce2177c6bac545065e67cf6ecb3c4eb,entyvio,3,2,2,0.12136352404633731,0.19027606597382807,0.6883604099798346
a3e6231c4537b3867642467392212887b123c0a5,ustekinumab,4,2,2,0.3465947153296567,0.1993443483461239,0.4540609363242193
8aea7ccc5c4e21b8fad936a94d6517a5c94b2b0e,gilenya,1,2,2,0.25308365384081943,0.3595745225544857,0.38734182360469493
3cf2c0c46ace8fdb20e498e931e1fd48b66547c6,ocrevus,4,2,2,0.30616903243427335,0.22314884279594274,0.47068212476978377
994960c603d017d93db50cc9f0e13126c2de4974,remicade,4,2,2,0.22095793751755133,0.3437120712281845,0.43532999125426414
54e2a4db21fe41b0523631cfaa50dcac9d367f3e,keytruda,4,2,2,0.1439640889537059,0.23819222751398741,0.6178436835323067
99bf1a8d6194a250f96d06693cab2e73ab2f0d0a,entyvio,4,2,2,0.1685853829646893,0.3168562067877109,0.5145584102475997
54f97a6c2f6624b60aee6b7b1f2cfd0e314bf64e,stelara,4,2,1,0.22373041718830716,0.5434455265613892,0.2328240562503037
7a34549519b288fe8e2f2223de3d4f50d76015e7,ocrelizumab,3,2,2,0.2737999797859389,0.22233684450318228,0.5038631757108788
404ac782ec5e76127c8f92e2a311433da7763b61,ocrevus,4,2,2,0.2040140932505936,0.39509448641507067,0.4008914203343358
c4c4a963ee8075adfa6d588a85e5e8d5df096f92,humira,4,2,2,0.23151025565697486,0.22722444550276258,0.5412652988402625
6f5755bcdc83c41a567e0821f4e3da23fe28e353,opdivo,1,2,2,0.04629340027698359,0.04689774993920759,0.9068088497838088
7effb5f0655e5dbea1feb287101f0decd113fc46,gilenya,0,1,1,0.2173234607036136,0.5075574531508692,0.2751190861455172
c4067329caf43ceffe8bf26ac630fb801f27c07e,keytruda,1,2,2,0.11524829230097657,0.12069682400464393,0.7640548836943795
3d66ab5aa2bf4624f8a9967450d89bb33153e709,xalkori,1,2,2,0.13757112214464573,0.19732826264512424,0.6651006152102299
ec531eb7449dda9b32adc63f0ada3f19903d5778,fingolimod,1,2,2,0.1463070735665771,0.1750004242630806,0.6786925021703423
420dbc4473357170092d9e24836b3c0e822fb052,ocrelizumab,2,2,2,0.2197994295059313,0.334852523299799,0.4453480471942698
acf12104d8d336d351fd85dfa863bd73d1774a22,fingolimod,4,2,2,0.19926540336983145,0.13457637719725238,0.6661582194329162
b0501c212d9990ab0b0dac4e09d77bd526b66f31,entyvio,0,0,2,0.165608428035583,0.10867338180613183,0.7257181901582852
d28a37ec309285e8d79834d65fd065904c06d8a0,cladribine,4,2,2,0.292080981305663,0.24972900698291178,0.4581900117114253
d9a7c83620b5edeb7547f7aad033d1c5292d534a,gilenya,2,1,2,0.13856472661549282,0.3711629178467278,0.49027235553777937
215204230008d4bc1ffc1cd2fc8f8a077d8cc494,alimta,2,2,2,0.1651211587105223,0.13858745095688224,0.6962913903325955
7e69b926ef54743c52c12966689bd0146b32f851,alimta,4,2,2,0.13447977900440597,0.11709935523587515,0.748420865759719
53ddc7b8f335c650119767cf1f8060cf034ab7cb,humira,4,2,2,0.1289315918326938,0.3547450659882104,0.5163233421790958
aec4c64aab68e1b1044cde0ad62cb7ff6308325f,gilenya,0,2,1,0.327751520070798,0.42713429862149976,0.24511418130770235
91d893905293ffe0cce6dc5241a58afa3060b166,gilenya,0,2,0,0.6281708879940101,0.17578603254748215,0.19604307945850774
e0a4bef30b0d4175818a7a0ec3f5cbee6e36f1a9,fingolimod,1,2,2,0.2460261765893903,0.23191341449112923,0.5220604089194805
cfe32e1967c937e0b2f1812779b8bd618df09267,gilenya,2,1,1,0.2965537666290124,0.530193813409518,0.17325241996146973
01ce3eec61128c401bfb4b56da101a18624c08b0,xalkori,0,2,2,0.3894290799009766,0.13173567703372446,0.4788352430652991
4516c1a9ca5b38830ea407d72f53f3fcf08a2a11,tagrisso,3,2,2,0.06918555627868285,0.22145420288258327,0.7093602408387338
859005691993f8a24385f4eebf15001801cc8ab5,eylea,4,2,2,0.36252823976433757,0.09978652592690254,0.5376852343087599
f641afa976e15c91dab3b3d22cb2f9091d103a12,stelara,3,2,2,0.08672074370138168,0.04605191258029064,0.8672273437183278
6f448b69447cd2d792f2dcebe1e5d176011ccf03,ocrevus,3,2,2,0.28116808312025143,0.33237706330715905,0.3864548535725895
da41fd6a02a72d879868c34a83d4ee3990a3f1a9,pemetrexed,2,2,2,0.35516688056213325,0.14828659576472467,0.49654652367314206
9002e70f0639a3d89c53402645c12d1d9538aad8,stelara,1,2,2,0.20733431229642968,0.21207462011285608,0.5805910675907142
120ebd32c75a4fe19a519707376f716e7c30c60e,ocrevus,4,2,2,0.32334203905467424,0.18646549398536813,0.4901924669599578
f25b83b8b0bd9be1f415fe989f7b9fd85b6a4680,humira,2,2,2,0.33907164645040994,0.23811584779919984,0.4228125057503902
94e23223ab9bfaed22e23951288ba4ab4e8f209e,tarceva,1,1,0,0.4209331889445295,0.293388403927917,0.2856784071275535
ebcbe2712a2258caedd4b3aee63ac159d75989fa,tysabri,0,2,2,0.15009531871495438,0.27909102848787254,0.570813652797173
adb1ab48400a95be3f31314506fa98ef167b159b,entyvio,3,1,1,0.15373652773316607,0.6054514681666789,0.240812004100155
a29bd05e641cec48b88555c98a8aadcde9196d70,ocrevus,2,1,2,0.1827201610484643,0.3021049387415467,0.515174900209989
65f35a3b9be3786d7418ee32d90ae1fe8c865ba2,keytruda,1,2,2,0.34049809152892657,0.19957374540714223,0.4599281630639312
23b31b607545a2e45490c7147e5249ff93fec9e7,keytruda,3,2,2,0.1393086888721649,0.13676780941533212,0.7239235017125031
ba2bcb7022e39f718fdc8b596cea9f6a42434f6c,ocrelizumab,0,2,2,0.26651437315777904,0.19775210005808563,0.5357335267841353
d8e6fd8a7a315e43acdd05114fac902d1e047762,entyvio,4,2,2,0.29690823574579106,0.2521310220462202,0.4509607422079887
0096428144665a8bc369098cc0f0bb06bfef8925,tagrisso,2,2,2,0.3512002094379737,0.18615042947169175,0.46264936109033467
003b0038a6a412d484018f535ddbee3d73ab3968,entyvio,4,2,2,0.11648155402201901,0.2845838536793908,0.5989345922985901
3d109546a976dc6d558a6ef9eb609df231cdbb93,remicade,2,1,1,0.32027165085982634,0.39863346412603484,0.2810948850141389
1f0ad5053c3309add78c9267db3690eb55cce76c,humira,1,2,2,0.23411857422826735,0.19805567469911434,0.5678257510726182
edc2ae013297e7e2a4e6a68ccdb55ed25228e20f,gilenya,2,2,2,0.09445423654966133,0.06763546686308829,0.8379102965872504
1553d8fd682697e2735c493d083c3145b3fc2fa0,gilenya,1,2,1,0.2508533197515915,0.548504283972506,0.2006423962759025
4a21d0261672b1afeef07cc5b91063c0cbcfc04f,atezolizumab,4,1,1,0.2301751753222228,0.4464117561717766,0.3234130685060005
d2ccb1f60b04ab84e3de3f57962a1d86708d70cd,gilenya,2,2,1,0.23671172506379884,0.6118195788800925,0.1514686960561087
8af9a274da99613a162b7bca802deb451d151cc8,remicade,2,1,0,0.43939451662637397,0.40076066615149797,0.159844817222128
3a359a0d6f4237924545d69d8bdc8bb9f389045e,stelara,1,2,2,0.10044521993462809,0.07544490115524545,0.8241098789101265
4f2642204544637e76103656042754cd8460b3d4,remicade,2,1,1,0.13292836713187817,0.5104476694123506,0.3566239634557712
03dd11136a1e233f3e025b71d8a41c5c9748327f,fingolimod,4,2,2,0.20633046277491576,0.24079334640348435,0.5528761908216
11b131b7c2311b329d177ae3b7434da5c847ff83,remicade,2,2,2,0.10666678946317337,0.09824854307204921,0.7950846674647775
ecef3bc83bc0ba0e09a43b3e1f13309631858375,remicade,4,2,2,0.13995404875129944,0.23551918438329375,0.6245267668654068
07d35e1bfa93626245623ffeff016e01c1c6d8c7,lemtrada,3,2,2,0.2723099027454641,0.3008278910363632,0.4268622062181726
a4ed39060f3005e7d475376a9e582c9a329fcf6d,erlotinib,3,2,2,0.06887664175517173,0.06078886517188405,0.8703344930729442
49b80eef7b95459f36b3461a250344c663d88d2f,keytruda,4,2,2,0.20446604384599817,0.2578914387384617,0.5376425174155401
24897d51452bb1bb69937b50b5e6e22610973a7c,remicade,2,2,2,0.0981874740121395,0.09811239246092801,0.8037001335269325
eeb26bdf34cc59bf9fa610917ad8a7d15526f3cf,entyvio,3,2,2,0.0829825087792723,0.10577197940621233,0.8112455118145153
59bc83a14e24afbeacc2f99d912f482741eedcc1,osimertinib,3,2,2,0.17102954114929675,0.12526696209282945,0.7037034967578737
abb53bc1473ba0f57f09a096e4bbf6228188e805,gilenya,2,1,1,0.07159670059348153,0.7046273508334848,0.2237759485730336
23223b3ccf0b5eb1a33ba8d016f6c486d4dd5849,ocrelizumab,0,2,2,0.34544795355737845,0.16884671574442017,0.4857053306982014
d8ffdf37b921329096b0e80cae74d5830a9764f2,ocrelizumab,1,0,0,0.3944990151213473,0.22041848136622083,0.3850825035124319
6c8cef248584132dbe047ae303789f7037c33562,humira,4,2,2,0.1621908431305006,0.0735692732133053,0.7642398836561941
3f42918ff586009bf0375d7fc23de661d69e032c,cladribine,1,1,2,0.13205493107445795,0.20059929085500383,0.6673457780705383
b7bb1410178e7d1f4a2ce2aa2e3b27f8cee65493,crizotinib,1,2,2,0.22618288213452925,0.2629146265885234,0.5109024912769473
65fd682fd0363cab8e84847a29a2dff08477e437,entyvio,3,2,2,0.13641116863201758,0.08968528230521991,0.7739035490627626
ce3bfcb9a8182bd5dfedde2e53ef32d6fa3d9322,keytruda,2,0,2,0.34513761011363686,0.2038068157201179,0.45105557416624514
d5c8b5d75d8933f1b16688d92385340a9b4e2703,gilenya,4,2,2,0.293430745929821,0.32734349399478874,0.3792257600753902
7d3fbcd08332a845119d5950a8a525da5c605a60,humira,1,2,2,0.19439221328146405,0.2607233762692099,0.544884410449326
ae2c0e5b7f2a5ac633c06055ec9924de9f1bd16a,imfinzi,4,2,2,0.2099011537269453,0.26893975397889197,0.5211590922941628
7246f63c50e3468874a6f62d01a0a02e01b7b493,ocrevus,2,2,2,0.37593745820459906,0.19934782269728996,0.424714719098111
b418f341d67f44a17c5754ec4b9656aced3ff8fe,remicade,1,1,1,0.1612291133297945,0.42945867503139545,0.40931221163881
dd5f7e3e264dd2740bf5a3b28973bd505fbc281c,golimumab,3,2,2,0.04076043830360575,0.06045192864352627,0.8987876330528679
e67b567ad3f1a213902904b460537b44d1c59af3,ocrevus,0,2,2,0.34558842164311093,0.19547544478603399,0.45893613357085494
bef2594e17907587bc06d443907335952eb20f2e,durvalumab,4,2,2,0.12695508526025448,0.09969880140546171,0.7733461133342837
1e2eab2d9b97dd98ac809a77fc43678b9483e236,vitrectomy,4,2,2,0.20110586928854735,0.2439810690865094,0.5549130616249432
1b1e8b3e0e233c8d6e8b8b4c66f7fd787574ceee,alimta,3,2,2,0.11028257167632306,0.15379280905008963,0.7359246192735872
7a3e329dbea3dce64970dab92740f153418937d7,stelara,0,2,1,0.16353758306503866,0.5380780440942133,0.298384372840748
fd3430df0be8bae25f4807a486aa9573f4bb7454,alimta,1,1,1,0.27956768821619365,0.36336575953198735,0.357066552251819
c6d6ca5570abe058ad2c7d6204ebd414a6560a6f,tecentriq,3,2,0,0.49005338770745654,0.07604846078808913,0.4338981515044543
6df111aa3032069076b12f81bd87a9d72dc795ad,opdivo,2,2,2,0.1805354612216003,0.2566098177015787,0.5628547210768209
c9f1c4606fc0836528d066106d98936972879c9b,stelara,3,2,2,0.10568995725846422,0.13121990869946848,0.7630901340420673
b40c627d3d305c0d396919882c4116190f5f4a27,gilenya,3,1,1,0.14259850108636798,0.6597751678524282,0.1976263310612039
c2ee5f7d359c844750791d0b0fd1b631e76443a5,pemetrexed,2,2,2,0.39241216604500107,0.11420410978859467,0.4933837241664042
d49fae1e706097f19a63b03d3f3d5a5ff51643f3,ocrelizumab,4,2,0,0.5606918508464132,0.1458849523555309,0.29342319679805584
8a268ffc0892e1cc2f1e9af5de0369adcd9a0ddb,cladribine,1,2,2,0.124602615579853,0.11026240963398232,0.7651349747861647
93994b77a4a5a5df606b6e4ca40fcebce48bf6c8,entyvio,0,2,2,0.2155457351092593,0.2289195731636905,0.5555346917270502
3cce69570cd9d62458a6c8b4ae501272a2803a71,mavenclad,2,1,2,0.15889369894447403,0.29559611760347204,0.5455101834520539
7c1e3da64c09a68fb41cc0d7b358816677200232,remicade,3,1,1,0.20395871035879254,0.5718764604240293,0.22416482921717817
c2c825585a5c6d0ffaa05743811bdf4af2a8f3ea,avastin,3,1,2,0.11496376849286097,0.3097754644553205,0.5752607670518185
2a62fe9144feb9015c2a2e71c664df6dfa6e5fba,siponimod,4,2,0,0.5532813249302022,0.0691305629519885,0.3775881121178092
302a26164768dcb9282dc4694f0fa55d6ecd9c29,cladribine,0,2,2,0.17650755898514836,0.21740407017662502,0.6060883708382266
ab0d573dec5bbca4cb5c64911a2c628fcfe9c50c,stelara,3,2,2,0.07412680443063308,0.14047804962977029,0.7853951459395967
7dbf6b61377fbe36802eef201aa8fd1365fee1ac,lucentis,1,2,0,0.3721363470451924,0.3227281906013657,0.30513546235344197
f0d6a3432932e7fb7652425ef580a4afe90d2974,tagrisso,1,2,2,0.18391157550048362,0.18493058608800858,0.6311578384115077
92ff7e3c85aeae87bca09f030b3897e2d74bb461,ocrelizumab,2,2,0,0.5058633708385633,0.20634003807822607,0.2877965910832107
20f6883d27634db2494663e93cca5a9e06acb7be,opdivo,0,2,2,0.07716184118395772,0.1082699304262406,0.8145682283898017
e66b690816de6e303bd4c4d19c022c437d9401bd,keytruda,4,1,2,0.1970028099902433,0.31607357996306146,0.4869236100466952
3ea3702210a992d2bd2d15bf42620305cacf68ba,crizotinib,2,2,2,0.14220287748075403,0.1944743700114327,0.6633227525078133
9d6500a3b43170eee21be63add09f68e43378e5b,humira,4,2,2,0.0895800220043671,0.17856925489345526,0.7318507231021777
61247c38eaf4f428527999b6a78a57df53d994e6,humira,0,2,2,0.12351027913900987,0.21372458386389687,0.6627651369970933
d14b8d63da0411403a53679d6fbcb1dc9f49b48b,ocrelizumab,4,2,2,0.056042247565626924,0.22480331944451196,0.7191544329898611
b2acb6023f73c221278bd695d0c93bdd985e4841,lemtrada,0,1,1,0.09855631606455158,0.7131758882295139,0.18826779570593452
3f7ed8f296fc8496ce4ddd3ec93e98409f200e3d,tysabri,2,2,2,0.12197397401820954,0.4350790789415,0.44294694704029036
f6a12742926e70a9993844b6a4faed7705cc0fea,ocrevus,0,2,0,0.6141526695518726,0.15912505288755732,0.22672227756056992
46a6fbe72a85249cbe2c203c8678aa90390e05de,ocrevus,2,0,2,0.3024315887873515,0.3261801423284358,0.37138826888421267
999685046ba53077fddca64d1a13d7618ea6def2,mavenclad,0,1,1,0.17535568872510005,0.6362647705958925,0.18837954067900747
439acf0d548da415fb221245c474bf2ea7dea9ba,gilenya,2,1,1,0.17381041074054804,0.4902594103539342,0.3359301789055177
3b7676afbb280a1a0a7661ba5df4e4961b4a6d39,ocrevus,4,1,2,0.28651333408010354,0.2800152482275439,0.4334714176923524
7d75e4c98ac031966d7cb46c3466eef12e37e478,tarceva,2,1,1,0.24971355398053813,0.4102648568391122,0.34002158918034975
8870229ff86b8b613c0fb5f36b91f69cddc17f8f,avastin,3,2,2,0.14207321143657917,0.2526191809042503,0.6053076076591707
139bc35123193ad5164cfb476c34acb2f7a4cf89,humira,3,2,2,0.315816224325274,0.12663475192196882,0.5575490237527572
1a0744d215bcba726702a12375778d8793e0891f,ocrevus,0,2,1,0.2905670100004852,0.38192048923668653,0.32751250076282823
5aceb77df7b93af0d9a80f9300c0f08205b6396c,ocrevus,4,0,0,0.5712503677918688,0.18156114341186674,0.24718848879626448
287f4c1eb7ecb94218b0a9c2f13ffd1d3ae7fce8,gilenya,2,2,0,0.43327769241423647,0.2994478917361739,0.26727441584958966
9c3980229485a8d7838dd3462249caff6106d903,ocrevus,1,2,2,0.3491398250388542,0.2336068713100948,0.41725330365105096
a6e604b758d8d90d4d8156d11629ca05c1938b96,tagrisso,2,2,2,0.17244099387615325,0.33535951773920325,0.49219948838464345
67ad418acbc2edd633afdbd44b3eef8b7d0fc3df,gilenya,3,0,0,0.5151804546835596,0.3175637351134233,0.16725581020301716
825136c7619e8c72021621d91b03f66707d7f237,entyvio,3,2,2,0.25912336308666034,0.27341983073769827,0.4674568061756414
84c7296df45a0b8fb88a379a2ccd37162b24f78b,fingolimod,0,1,1,0.13932252775148343,0.6631129219629943,0.19756455028552217
25410b89665dfb0bd92785ba9d1d0b44a43461b1,gilenya,3,2,2,0.1929150977717492,0.21662697121265764,0.5904579310155932
8c53ad79d8819465f792d2ed93e0e886537328de,ocrevus,0,2,2,0.2586373901998012,0.29587410901628436,0.4454885007839144
60bfdf3f01e9b06fd429b171ad244a6045d22b1d,gilenya,4,2,0,0.3448621014659299,0.31324309989209187,0.34189479864197825
d4bec89a7daf316bde7476961cd77fa897973bc0,ocrelizumab,3,2,0,0.3435660496816756,0.323086406179028,0.3333475441392964
df8bbd10bb8328a0f664bd8cfbae76c59029621d,ocrelizumab,0,2,0,0.5697533635860331,0.23309291744059518,0.1971537189733716
cd5ee0305ae779449a47b070ada2b31b3438311c,trametinib,0,2,2,0.10225735969531702,0.08925257197797908,0.8084900683267039
3a2c8daf85912c19f934c166661f7afc0d5244b2,remicade,0,1,1,0.20873418736573374,0.4719161591390062,0.3193496534952601
dd89743cecaa4368648660e8b4419f82f5ff6f5f,cladribine,3,2,2,0.101996149204987,0.22983045916172795,0.668173391633285
97acd922e7fb2759f43383ac5bd12cccfc068b60,keytruda,1,2,2,0.2500741314121195,0.13597259538744477,0.6139532732004358
834c64b3eaa713f3fb0f6ca2260785fe097f7634,ocrelizumab,0,0,0,0.549098766082478,0.20229048886152953,0.24861074505599248
c4ced1e52a318c474a199fb1ab76fb87ec7c428a,gilenya,4,1,2,0.24560794943966832,0.21109548213607485,0.5432965684242569
38a0d00b7f34351f4ba47453cba86ccc8c77329b,alectinib,1,2,0,0.4569082228377863,0.17367404473802522,0.36941773242418857
c14c7e39db71247aca7bbeae1a93eeb640a73a34,gilenya,1,0,0,0.3755772691963556,0.3368696692888791,0.28755306151476523
407999106484e53ca58269079ef21a2ec91beed3,entyvio,3,2,2,0.32506319197667294,0.25551174747796584,0.4194250605453613
73321dd9c98c66c1337c06cda50b58fe2db2787f,fingolimod,2,1,1,0.18195510069003845,0.45678732575655073,0.3612575735534107
ff32bf34a78f045969f694581535f191677c0012,entyvio,4,2,2,0.18453420188052663,0.38770335933656486,0.42776243878290854
0c740130e509f61ce62653b53380653b1506b14d,erlotinib,4,2,2,0.2236109636867214,0.22927384323668512,0.5471151930765935
1db1816647ef4a19a95a93f51c03bec172b6f972,gilenya,2,2,1,0.23267154918200822,0.45349405670003445,0.3138343941179574
2d83ab80ee5e1107cf2f40f5a4a4dfae793cb4bf,gilenya,3,2,2,0.16118916357416269,0.2221870660398041,0.6166237703860332
5441cb98cc961a81db3583c4e26ecf309d8ecfcc,tarceva,2,1,1,0.19704411784882678,0.4884248678951925,0.3145310142559808
68f0790b81cf34a9fe5c1ecaf59ffc940410674e,fingolimod,0,1,1,0.15962139921380336,0.5745924264545904,0.2657861743316063
a22c6e47a87ee73500a5cb1856cc10bf70d432d0,gilenya,1,1,1,0.1235912932868158,0.7204552392051747,0.15595346750800934
39aaa57472aef9ac2f331e9a2f4e2b4593b73d53,humira,2,2,2,0.046211112668318594,0.056512188113506674,0.8972766992181747
43aff4319ef618a6351b6010bb059f02aea09295,ocrelizumab,3,2,2,0.12501827261548923,0.36996449743044313,0.5050172299540676
379a4faa99ef38640e026a18c5ad99a23f070b03,ocrelizumab,4,2,2,0.11177541398337455,0.36299795908876065,0.5252266269278648
a6be11359e0e41e946cb705214bcc61ae035ec44,ocrelizumab,0,2,2,0.39133672579885037,0.21605274167696556,0.392610532524184
eed082c3ca7cda0b0056a6ba9ba358cd571bd348,humira,0,2,2,0.12779615932140378,0.23976867959484457,0.6324351610837518
e63114d54706f9f2c4101f3cb482987fd7613c9a,ocrelizumab,1,2,2,0.2896033471876958,0.13832477122531853,0.5720718815869857
63f94e0f9c64c592d9af16bfd2ef350104c36b1f,durvalumab,4,0,2,0.2251902228106278,0.33834035032544174,0.4364694268639304
20ef8038d8f910b979c85315011089788502ef71,inflectra,0,2,2,0.03506242834640856,0.04171990287781444,0.923217668775777
2c192ec82b0003fe142f84a06da2832815abc902,fingolimod,1,0,2,0.1561580725439443,0.30438792465694176,0.5394540027991139
8941e5d43792cbf9502ecf5c8c30c9424453e1f8,ocrevus,4,2,2,0.27696068808513563,0.31579447787859893,0.40724483403626544
40e4c879b5b158c38c80611820a090c40af09d4f,gilenya,4,1,1,0.2519222279899574,0.5709256286539925,0.17715214335605
bf11d22360bcb6f4e580ec5de5effb820d4572ff,gilenya,0,1,1,0.13429245974144455,0.6315886676213436,0.23411887263721184
16618f5d166baeb8e1ef44e3e754295bc69d62be,ocrelizumab,0,1,2,0.11938118951935757,0.15240816984113134,0.7282106406395111
60e52d0d5b6b513a286a2cdb83588741033ff7c9,alectinib,4,2,2,0.18925864167015402,0.19345934013388283,0.6172820181959632
e68bbdf517495894c329ad554231cdfd340809ff,fingolimod,2,2,2,0.16078203221741103,0.24837891604981818,0.5908390517327707
018a5aec75bfcff6df6c800ce4e6e0018a4b9f69,remicade,4,2,1,0.30027191356606825,0.4026832633955052,0.2970448230384265
8005a181daa165a8c45b85d7a6d74f59bb590d5c,tarceva,0,2,0,0.40975133439781064,0.19100260971056232,0.39924605589162715
1c598bf76411a7e4313d376cb55616daedce3467,ocrelizumab,1,2,2,0.31827931455950026,0.2642946713979214,0.4174260140425784
3b8adaa98e70bb27fe42756e460d6758cdfcd803,ocrevus,4,2,2,0.1861314628734494,0.19492550254007002,0.6189430345864806
68879e36a51b8686c4ff3e1108a64fc72bb60e42,nivolumab,0,2,2,0.08151689418936685,0.21893197570247652,0.6995511301081566
e965f3fe55114ccf73d67c0653dd9323d043ea2f,nivolumab,3,2,2,0.21294852428061714,0.16602418297001034,0.6210272927493725
34b6bea1e6d7853404432ca7aaa77c86d348ec59,alimta,0,2,2,0.13819920468298025,0.15701453988903916,0.7047862554279806
b508ab7e3276b0f16941c83c9ef022fd2f1bce9b,upadacitinib,2,2,2,0.19303559818405802,0.2941393297984814,0.5128250720174606
8b83ee1ccf12a3d042c651699ed914dbd7c0e615,ocrelizumab,2,0,2,0.2320062495454229,0.2734290110676617,0.4945647393869154
77dbfd94dae46df144648f4df606c305cf7c36f3,gilenya,1,1,1,0.2933198736697812,0.5508195223484006,0.1558606039818181
6d1ac8d8cb8ec0be1a5cfbe1784b0344c51e3aad,humira,0,2,2,0.34769837809971177,0.11125374748694877,0.5410478744133395
399cb06c0576e28a83c7259996021dae1b345c35,alimta,1,0,2,0.2203383358659936,0.1932436181328559,0.5864180460011506
6c5434d51861c6be2c48ce4fd5178d38e80329c6,remicade,1,2,2,0.15231059154997179,0.13156874897503676,0.7161206594749916
0f4961f624848432958ee4fca7a3d22f53094963,gilenya,1,0,1,0.3760596799156857,0.39485533138523743,0.22908498869907695
e7d5be5a1e703e1884e013c364bdc270e0bc3c54,inflectra,4,2,2,0.1650849234302744,0.3472585149657992,0.4876565616039265
6ecca9937b2b1a4d6c0917e23645a0160d2ac145,ocrevus,0,2,2,0.25345034284187323,0.33823550068323965,0.40831415647488717
332788632b8c6ca65530beca2710a9bfb2f5c93c,alimta,2,2,2,0.14881443364869934,0.11566559117782557,0.7355199751734751
4413ddcae5a5293f9f4f997a6a10a2a6f5aaa1ae,gilenya,1,2,1,0.2741267065492002,0.37588703370548615,0.3499862597453136
c995d3c82e3913abf05c446f7b083dc6014eb712,gilenya,3,2,2,0.13097769305782844,0.27444907568630816,0.5945732312558634
973392c8771f2e6d5cb6428b4547a1981100dee3,eylea,3,1,2,0.1615685110523852,0.19286726067882948,0.6455642282687853
5af8a737f08abd3f1af14198c0b747e0d656005d,ocrevus,1,2,1,0.30901103233437605,0.3462904152183945,0.3446985524472295
9a49c440905d423a5146c2a4cca232a2c7026a41,entyvio,4,2,2,0.0428891819311703,0.12061523671464956,0.8364955813541801
9ea3671b8787afb49289f99dbf117fce5bf65c43,vitrectomy,3,2,2,0.23539825513409293,0.27933136549511606,0.48527037937079104
f38b175d13b4b05a976458a8b46838b04d422449,ocrevus,2,2,2,0.23146946328694634,0.28035437147608927,0.48817616523696444
21961b6070009d249c6ce8e3b85c5bdc7e0a5042,humira,0,2,2,0.15585686118379974,0.17302136130870602,0.6711217775074941
c548ac2b23422a0ff71acade75b3e4269f0c462a,ocrelizumab,2,2,2,0.1744859198729867,0.28894441859913733,0.536569661527876
9027c0761f12e67c9a1624068be32c7267daaef6,nivolumab,4,2,2,0.17567692744005067,0.23816908461857672,0.5861539879413726
2ac09f009af6d51c3e0feac7529d7564dd282702,stelara,2,2,2,0.10705394105288037,0.16687787684984262,0.726068182097277
9d3afceca3727922928996763767a63c2a0e7f28,alimta,3,2,2,0.1707638148237732,0.14315715062101209,0.6860790345552146
ec060f1e6378157ff0dd841025c2481a6e6a9747,keytruda,4,2,2,0.08513134569806179,0.20624630892106843,0.7086223453808698
ac98938efbbf53c929d394221acb91c1bc6119fa,ocrelizumab,0,1,1,0.33833625741874446,0.48622180337503484,0.17544193920622078
c4505b4210c66b6a89ea7687b23c86d3e3b8bc7b,ocrevus,0,2,2,0.23888351970185628,0.21838508799991183,0.5427313922982319
2d3cea389d7b37d0781c5f2fc63cc29012866cae,gilenya,0,1,2,0.31926577592363137,0.31285193845713205,0.36788228561923664
c563c485041df479ef475f2e6aba0e6e6b6a0aed,ocrelizumab,0,2,2,0.15177512654483213,0.11766953678657362,0.7305553366685943
f5b677ae3e8a964afb5b2c0aa9a6be582b162497,tecentriq,2,2,2,0.13737387186480016,0.07559862773560197,0.7870275003995979
fc0f9b67c5da2ca5c18f0712ebfe61b0d216c6b1,humira,4,2,2,0.25509772292119043,0.2110942629907797,0.5338080140880298
e80c7cd5539b6a3b3d13d27ae8ce8710d8c73e6e,tarceva,1,2,2,0.20606165725492956,0.14935521232854818,0.6445831304165222
16beb6f618027fbf37040f6e198cb44b88698672,humira,3,1,1,0.22465234606462367,0.44992737912186775,0.32542027481350855
e849e6aecd2e78e54f260cfb4221b3ef16d75321,stelara,1,2,0,0.4453866138085699,0.34040940912205275,0.21420397706937735
d8701281a490addc5d5e7c037a164e27c37d9bd6,keytruda,3,1,2,0.3401844789189831,0.3135720542138221,0.3462434668671948
b831ff423fd1739dbab6e95a7a44dbbb059452b1,fingolimod,1,2,2,0.15378959736884765,0.2786301683638698,0.5675802342672827
1ea7d4bbf584d5a50cf03af9b1c9ad49c89f1f64,ocrevus,1,2,2,0.24273261040128585,0.25312030140196856,0.5041470881967456
79bd3f685305da2ae5bcb6d1f74284d91fdc9681,keytruda,4,1,1,0.3034257914752925,0.4180257332560214,0.2785484752686861
91398f4ac8c6b14ac345b0903e0a85c39bd6fe35,ocrevus,2,2,2,0.15289353011647402,0.13115744026353657,0.7159490296199894
e47747235a2767c47ec1477c09c9e29c0c95e26e,gilenya,3,2,1,0.196713595837678,0.6627070449797648,0.14057935918255715
70eece696ce2184169bbeef9f0ace616002fd7d0,tagrisso,0,2,2,0.09275078242017971,0.19848432639101585,0.7087648911888045
015b97f3e6d8d7ad78d86514f75308be085a6cc4,ocrevus,0,2,2,0.16886672240797684,0.18150636936461995,0.6496269082274033
42e3975cb76c8a0e09b112e417d17f01e2072ebd,ocrelizumab,1,0,2,0.3042148116406323,0.2804459407407386,0.41533924761862906
6607f45e77cf3ac081774e30ba38a30724296b6f,pemetrexed,3,2,2,0.14326967715076377,0.11981878995903084,0.7369115328902053
41ebbbfd1ad53d8c12466ad59f3df1220db5dfb9,ocrevus,1,2,2,0.15716081926783965,0.40439195171619735,0.43844722901596306
c0eb7bc79b20b7ddf60c92051243f3ddbb641b4c,fingolimod,4,2,2,0.26543796951652765,0.21101549733360303,0.5235465331498692
d85662afd3198f54877884ec2cb39526984c3174,avastin,0,0,2,0.2643840333947957,0.1007952341633912,0.634820732441813
183b8f38f621335379a70074926ad628e7d1a00b,ocrelizumab,0,1,2,0.2587320501742338,0.20510805841305227,0.5361598914127139
0ad2110491212c7a8be531160b647ba67a66b62b,yervoy,1,2,2,0.1839817493765963,0.14977288826770427,0.6662453623556994
ff74e3239568a65457587d1e078d8658db2eb35c,tarceva,3,2,2,0.15751740744937986,0.11496302147002017,0.7275195710805998
1f016b57c2e30fc2393f7358b124c9283c0c334a,fingolimod,4,2,2,0.2358039466425227,0.20844611751068853,0.5557499358467888
0afdab7e0c854b87e043bc0e9475f60a4e7af50e,ocrevus,4,1,2,0.20344010758521988,0.3717160776734388,0.4248438147413415
16a1c1ef103ce46e9ba6c02134071707cb0b0205,ocrelizumab,0,2,2,0.2717522231815707,0.2029284084545682,0.5253193683638612
cfd63b6fead50bfaea827dc103bb51c4ddcf98d8,alimta,2,2,2,0.09273824398043476,0.07908350152616726,0.828178254493398
e7fdaff3d56ccdaf27f7cb0fbf85177a49043342,remicade,1,1,1,0.23950844019056158,0.4554152178856359,0.30507634192380245
56018ba9a3b4759adaa3ff256cfe5c30e8c4daa9,opdivo,2,2,2,0.2370091227522634,0.34936309759589884,0.41362777965183783
088e2ca5032d65ec2393c882529e26a53180fce3,ocrelizumab,2,0,2,0.30683983463523345,0.26742259261094903,0.4257375727538174
539ab6cdb6af322487eac778bd34a8ffa1c90e1d,xalkori,3,2,2,0.34547433325767557,0.12606046662222342,0.528465200120101
6e7dfae80147e715c2faac790cab1152ee5dae65,gilenya,2,0,2,0.3395846080264748,0.2437372296442804,0.4166781623292448
41eef85f4c67ad883c1a3683cb4062929c67b318,stelara,3,2,2,0.1961179046371326,0.25832538882678246,0.5455567065360849
9cfd88ead8a20d03d5639b49e7908f4c01b2a66e,ocrevus,4,1,0,0.4512168855952438,0.20326722463582422,0.34551588976893194
6c4b20971d383a4f199eb4cdf5203e74808aae11,ocrevus,1,1,1,0.1471917816000429,0.6151110848470988,0.23769713355285838
023b5687951f591e302e622e4bdb63f705b54b7e,ocrelizumab,3,2,2,0.13332524742058247,0.19604795608485712,0.6706267964945605
08d479f5c2c4d696797426256d4653f9e0947f2d,gilenya,0,2,1,0.27779058446276256,0.3634306227854729,0.35877879275176455
12dfe6cee13e67a49447695d5180831312e95ee4,entyvio,1,2,2,0.21468537937297047,0.2022518147033061,0.5830628059237234
a5391ac1ed2e8235f0af9aef72345b02ac713def,crizotinib,0,2,2,0.17510527033632128,0.1829316282436052,0.6419631014200735
6bf829d71abb81e5aec4f682d9890ce08c8dfa8a,opdivo,0,2,1,0.2547875779876,0.42739061233070913,0.3178218096816908
a3a59b62fd26d81bf14f7f35a6034c270f43a397,gilenya,1,2,1,0.1492580817357115,0.4928840158921442,0.35785790237214427
76d425f18fd8e3c44c05d0c996f4f541df84ade1,entyvio,3,2,2,0.18547908409258354,0.18253405642855994,0.6319868594788566
bfa4dfd0945630b0a6b016a73959187028af39e5,gilenya,4,1,1,0.26617423994864653,0.44291463974360185,0.2909111203077516
b94e4582a61b5a2918bf75e4e8fb4884c089cf6e,gilenya,2,2,1,0.2718357272308627,0.41990836618508315,0.3082559065840543
6f9442e110105cdeb6da8d50f32e5ea4b583992e,gilenya,1,2,1,0.18925938253732308,0.7233961282138133,0.08734448924886362
357e89474b9b5110ea874414fcb4b6d11eefe028,tagrisso,4,2,2,0.06402300726844991,0.04074226279895822,0.8952347299325919
e3ae8d284c32ac908cabd1aa62cdb4e093046eb6,opdivo,4,2,2,0.2518612073160622,0.21168335117298168,0.5364554415109561
34bb1002389a9a81d9682e6652a05a3d7a2d5673,gilenya,4,2,1,0.2038784214850232,0.49357198988173384,0.3025495886332429
f8e2a8dc20c4f89b97b255f893ce17bea4ef7887,gilenya,3,1,1,0.14739594321978078,0.6641573075428177,0.18844674923740154
b74c60f7bf568290dcb6ca365d3c52651255a9d9,remicade,2,2,2,0.1821522742240083,0.20680370687353913,0.6110440189024525
a165184ea2bffed08e94bc8223fe0c824765cee5,alimta,3,2,2,0.1521607546441967,0.1308892118146658,0.7169500335411375
20e35425b9031c3bbac457404fa50da4aef64016,gilenya,1,2,2,0.17860853421617512,0.35783466365240874,0.4635568021314161
3b7b76ae4fcf910e7be58d78677eeaf46513bccd,fingolimod,2,2,1,0.24547502057720025,0.3861093394474596,0.36841563997534016
5d96400e7f2b28eab87b173b110367da88e5391c,tagrisso,1,2,1,0.10699022949999856,0.5167739411120894,0.37623582938791206
4c4f18cb4f74ac389329d4bf044b0b00addab827,ocrevus,4,2,2,0.08110031898731572,0.17553983403811013,0.7433598469745741
832ffaf75e76bf0aac82d6b925015c23a253d391,stelara,0,2,2,0.29037866149890007,0.15966811319310648,0.5499532253079934
ed17a9c965cec19eac044fe55a0b6550b24fa942,ustekinumab,3,2,2,0.18534528674339537,0.1279135767055289,0.6867411365510757
cf7ff872d6d529e9122a8907fb3a8052012a9aba,stelara,1,2,2,0.1788032404705856,0.31012742143538236,0.511069338094032
a03aefb92020ea1d1d60bbae0ca4b7910da46002,simponi,0,2,2,0.0653939506297801,0.13632897516663328,0.7982770742035865
01dfdbde203d56e92a682d92dbf6a297f76a6459,gilenya,3,1,1,0.2746205195439017,0.40313413515284996,0.3222453453032484
2bbb75352901f1b56ed99d0f3ba2e53f06c7109a,ocrevus,4,2,2,0.12205259979433312,0.08735056225329131,0.7905968379523755
6c4bcd8afa4e555a59f534faf2b1b9619d62ed14,humira,4,2,1,0.2736190243740136,0.368733871361374,0.35764710426461244
3fc37eba3ca3a1a6f60dbbcc571792b5217c800e,stelara,0,2,2,0.14745599648133853,0.22561945840108838,0.626924545117573
ba9cb1bd38dcca0a6fe46ebcba78908fbaf0162e,opdivo,2,2,2,0.13909921274906925,0.2818096691504592,0.5790911181004715
8192a72a5726e861de46d8c779b333de5843d894,alectinib,4,2,2,0.2215023627758618,0.24319007057341366,0.5353075666507245
1344d9c49e38acfc2afe0c8bbd97dcd1d3d310f8,ocrevus,3,0,2,0.2926096606662237,0.20641877302361686,0.5009715663101595
d89d6caf238abb424e47bc7bd02ad667e3b3ac4e,cimzia,3,2,2,0.09624966803621637,0.09082433907092771,0.8129259928928558
02f971df5caa484b7001940fe7ba7aed9ee7a4d2,gilenya,4,2,2,0.14735707623651736,0.2429306618883416,0.6097122618751412
ab7ce00f6bc777846f7065d5dd8ac28603f44cd7,ocrevus,4,2,2,0.10078218753352151,0.26436169661259296,0.6348561158538855
9463ae60b4648de070ab4558839a183e0891f40c,gilenya,4,2,1,0.1761006766153071,0.49440692929032676,0.3294923940943661
9fe1238317b13a5f32b7ba3b47ac3044f8d8e069,laser photocoagulation,2,2,2,0.2882454643587451,0.22802350364217933,0.4837310319990755
13f144949e16eaa6297f41801aa3223a58907952,fingolimod,3,1,2,0.12390217410814683,0.26130756522346976,0.6147902606683834
928629e066cc26577f4d2c46f8f13fdac1e8ef73,pemetrexed,1,1,2,0.1340423357652237,0.16516591306550285,0.7007917511692735
ccf69b6bb12da58573d175a24245bce17152d915,humira,3,2,2,0.12400557194333342,0.20110711945477183,0.6748873086018948
328cab331cb3f32ca76bba68a2f8ceec32f59511,ocrevus,0,2,0,0.41027493605893417,0.21047343702554408,0.3792516269155218
69e8b114d791d43e8459bacdd14a90b854b96018,upadacitinib,0,2,2,0.1622174739078656,0.34531158444234306,0.4924709416497913
93960bd0db74078d4c629f5cc0ea478426f9c09a,entyvio,0,1,2,0.17922411746927322,0.37016121504221444,0.45061466748851237
d71cc87caea8493c40965ab4c503b80d9ea1cc30,simponi,3,2,2,0.08585380860508486,0.11329041843996741,0.8008557729549476
ad9b82842c24452e2432a3cb369d5c45489c76ba,ocrevus,0,2,2,0.28838990979781476,0.18512092554063814,0.526489164661547
d13a2140f3cb14b47738550fb266ad29150dbe1b,ocrevus,0,2,0,0.37423578658677503,0.3355180366011159,0.2902461768121091
a30dc1bc473d045aedfe2a9be28bde8a88721d78,vitrectomy,4,2,2,0.34469464812650547,0.22756110600092164,0.4277442458725728
038cca5a3d29a9952be3b13e506a6bc706e99908,fingolimod,3,2,2,0.08595766961460455,0.06525367915441381,0.8487886512309816
04900c87d8ad53357799a98c21e26d961a4ac837,fingolimod,1,2,2,0.0890306755850314,0.2836667641624688,0.6273025602524999
b4fd1677644701bebae458a46c97316ec9ddfffb,vitrectomy,1,2,2,0.0631726524770685,0.06918271070402769,0.8676446368189038
0af000d520f4dbb8b792ce4c4e86a74cc004cff7,simponi,1,2,2,0.13026101546142096,0.12305667746868575,0.7466823070698932
46d69b8404e77bc73b4be4ea28ec84f6b2c2bc1f,gilenya,4,1,1,0.12095319910684929,0.5726027619986421,0.3064440388945086
05e920732b9b1320e7ab8dacede1459d119e4ded,remicade,1,2,2,0.15000666914788885,0.17600199881794967,0.6739913320341614
6a2adb250483bad187662e3cf48824da77d2c070,lemtrada,4,0,2,0.2473743309003408,0.24905529539933804,0.5035703737003212
da09d3269962e0804218076dd6c82c60d10d6550,tagrisso,2,1,2,0.08729563909557239,0.17471023797925928,0.7379941229251684
90ae79624422c75dba4412ecd57a88d843b87825,lucentis,1,0,2,0.380831506677376,0.0755580143711849,0.5436104789514392
74406736f7f339782ecf831485d765ada769c292,stelara,2,2,2,0.11830222801759567,0.12860551615194774,0.7530922558304566
9facd7fba4c19fdac9710838902b6f8ddf0b3888,pembrolizumab,4,0,2,0.3032034342782582,0.30305230342680617,0.39374426229493575
21bb7a4129a9eb2614ef466e4145f98c354f6032,tarceva,0,2,2,0.14970115928183583,0.33057762850456873,0.5197212122135955
e7f4288ee836d08df250bf10fbf9569eab775618,humira,3,2,2,0.07493202106673251,0.12380317446741994,0.8012648044658475
a5e997008918aa65d01cb2a4b07ef6af0831c654,opdivo,3,1,2,0.38181594034579747,0.19737877203789292,0.42080528761630964
bc30fa72788f6f35531cc8b7d2d4872ccaa2e972,alectinib,3,2,2,0.15928273107123092,0.05122539431428479,0.7894918746144842
6a7985b149c9e5d95de58605f5b8c652dfb0fd4c,fingolimod,3,0,0,0.476220576016365,0.19203035540080762,0.33174906858282754
cd70b8fa628a8ce86d2fd58339e8005d6ff52340,erlotinib,1,2,2,0.11375586955887886,0.14371800195265888,0.7425261284884622
bcfadf8c85a0910610232c02471dac8b41fb292e,fingolimod,0,2,2,0.22876050139195475,0.26026521433364946,0.5109742842743958
b0efa7d14e3439c0bd26df5e3dcd418f128c28c2,ocrevus,2,2,2,0.3046920705997385,0.3035352264204038,0.3917727029798577
2ebf74d42062c915298458a9eea88014d66da1c7,entyvio,4,0,2,0.24974238330804147,0.17701591529074537,0.5732417014012132
e3a898cc7582a59749558eea2c26c0622fa9e831,eylea,2,2,2,0.14991936332133243,0.16787975160978327,0.6822008850688844
0b7d2b4207a9454cfe3093dacb92f31ae950f228,alimta,4,2,2,0.24271213604585956,0.14891929170310875,0.6083685722510318
428ad536cd2fa30aa0367c59309376dfd91840e8,ocrevus,1,1,1,0.2772127473126951,0.5080736825393218,0.21471357014798303
c256d888fb4c451d3b482ce4672a30e34077fde6,tagrisso,3,2,2,0.2118270141440488,0.19681534806659856,0.5913576377893526
c1492c120d81752c3e41b415826daa8a4177cb61,tarceva,0,2,1,0.31441184201225203,0.5259612825085176,0.15962687547923038
d8f3867acec2a7cf2276ed031217eb3ba29a4bcf,pemetrexed,1,1,2,0.32056413119707095,0.3194837464668829,0.3599521223360462
1ed65fbfc6c41428b38277e236fc289538dc56af,ocrelizumab,1,2,2,0.29657611232997405,0.25086326470070747,0.4525606229693184
7a243b66285e7dae14ca30228e36b8b976139939,entyvio,0,2,2,0.12199218851142193,0.19112736422604526,0.6868804472625328
ca83634c4077a3616388c59a29e661b4e22f4cc1,gilenya,3,2,2,0.12850046194468318,0.37144140762411204,0.5000581304312047
cb61c2cc82aa5d036af1bfae9eeb728b24e6d919,ocrelizumab,4,0,0,0.39669755229979253,0.31622414668326726,0.28707830101694026
dbb5b9bd60a623a91bc552e0954a0ad0947b3747,gilotrif,0,2,2,0.2118121061927631,0.28517621620683986,0.503011677600397
4d0d3f7a8c0cf9969ef96f0efa3a454a75b9b309,ipilimumab,2,2,2,0.10747216583123913,0.08924299394272879,0.803284840226032
f9a70c1391bdfc731f8cc4eeab2fc33def57331f,ocrevus,1,2,2,0.12352854344283623,0.107742841988459,0.7687286145687049
485f6e0dc1ecdc5e80ddabae01d16b17fc1e4d53,entyvio,1,2,1,0.1873258150784129,0.4947714508472739,0.31790273407431335
a586b5a9d508cc4c824289b51be1cb5b3ea25ca3,fingolimod,3,1,2,0.08768981016386855,0.21372335135957837,0.6985868384765531
47b12762d81fa3744b718cc79441b9bbb919aff7,opdivo,1,2,2,0.08207487744083555,0.19668226828576402,0.7212428542734005
fbe1754c13eccd9384f1bf5ac09ae2aa681cc134,ustekinumab,1,2,2,0.3039195751225301,0.17493316904230907,0.5211472558351609
f36b2a44e436763aa5399d465f73ecf5b351796b,ocrevus,4,2,2,0.19860915049166758,0.30177619324365723,0.49961465626467527
2035e33842ca168ad082ebcf831293b8e15bcd9b,gilenya,3,2,2,0.24034527203860326,0.3295483642393275,0.4301063637220694
54927cb8bbf90b8aab754a1e3b073da59723a461,fingolimod,0,2,2,0.20142650436868734,0.38652430977763486,0.4120491858536779
88b74db3e9d64be714d3c601f68e65636066fc5d,gilenya,4,2,1,0.2785102886851348,0.4066974882266851,0.31479222308818006
fab37109515affc1477aadeab4af5a9a5a4fa546,humira,2,2,2,0.14997858925400367,0.33825871810233643,0.5117626926436598
8cb86bb0353e598476a882321c40d568849fbc41,gilenya,2,2,0,0.3763311130165624,0.3094866366319689,0.3141822503514686
a67a77ba5f351a046a3fe10869ac233d76b415ac,alectinib,3,2,2,0.24246388299994437,0.1292291718573796,0.628306945142676
b5e8f38152182b3d44cb8a7a093ffedf069889c9,ocrevus,4,2,2,0.2878743023361673,0.256442697263315,0.4556830004005178
53f2fe2ca4aad8b8e1d8b4d1dccb44115cd6fbae,gilenya,3,2,2,0.24513485510201036,0.3455592293355924,0.4093059155623973
169728718609056775a62e06366b02fe6b1942c5,ocrevus,3,0,1,0.3115417327063614,0.3571061457187477,0.3313521215748908
09aae15687d7f106bd54e5dd61fc3318aabc44aa,mavenclad,4,2,2,0.3935146272077734,0.11196060531410368,0.49452476747812296
a2c70082e531c144d28e945bf93daf77e2f564fe,gilenya,1,1,1,0.10751572322691814,0.7170953274164499,0.17538894935663196
2c4c747aa47b046461decef7c4af3a2fdaaa256c,eylea,3,0,2,0.16951606398499544,0.24688170139405377,0.5836022346209507
ab71c645728e637e8cbbfcb5dc27ab68faa2492d,ocrelizumab,1,2,2,0.39037807104159583,0.1434249150784047,0.46619701387999946
0bffd873c883b04f90c34c2932fd59da627299cf,ocrelizumab,2,1,1,0.29519961095371267,0.5109899128515409,0.19381047619474645
a354c540d48b138a9bbffe60bdc1bd3fb76d0337,entyvio,3,2,2,0.10029024422955393,0.1605291574136493,0.7391805983567968
b0c6a7d8cc326aac3a83b15e56de7a12c612bb06,opdivo,4,2,2,0.3679399757824747,0.2058832819505902,0.42617674226693514
302d2faea46f48285b3bbd408a4a5cc1c71f112d,ocrevus,4,1,1,0.20165514828317893,0.4714617737956649,0.3268830779211562
0525233e1e790f2b93d3a05a4a78a66f6b26e794,entyvio,2,2,2,0.1653802710765586,0.35318669381359263,0.48143303510984864
7acd68829e877a6cc948d05032d6f2fa83b2d345,opdivo,2,2,2,0.2547429507352533,0.14832211094895079,0.5969349383157959
bd93e3b1cc2bce66677790f8afbf832933161d1c,keytruda,1,0,0,0.36798688927250284,0.3237297073462974,0.30828340338119986
f5d9eb6b8efd2ece603c26e6694c21d45675e7d8,remicade,3,2,2,0.10692148671372467,0.16525038522276012,0.7278281280635152
51cd2a5800364c89f63cfa8291c0b5280084ca60,entyvio,3,2,2,0.09239851394349036,0.10067011044255944,0.8069313756139501
4e046da240c9c55fd6060e9ae42f752cdc46c2d3,humira,4,2,2,0.041990376731749865,0.06598104916529812,0.8920285741029521
1c87a5af7d4c2fa63674ba4a5729a91d7cd6d723,stelara,4,2,2,0.1290008818865893,0.15523807696482422,0.7157610411485864
c9959ff735e5186cabf1f2984f1861ec020a9c19,stelara,1,2,2,0.21652761328963122,0.13881188314651313,0.6446605035638556
9d2770c27a839cbd581fd21f2725f0a7589c8a7d,humira,3,2,2,0.20973123190531093,0.08112149837776113,0.709147269716928
93cc23d264feda9d9f92aa6335e88d3ac5356e3a,ocrevus,1,2,2,0.2797826478778096,0.25578256551735734,0.46443478660483306
c81e32fe4ee9f74cbbae7cf389922500c2a8d16a,gilenya,4,2,2,0.0862287670799691,0.1992925698261746,0.7144786630938563
dd31d45b3ff0e5a109b975fa2bd583f402965377,tarceva,4,1,2,0.1229609542991793,0.1800177660971864,0.6970212796036344
0d99a6dabe1b723b9ad9fb3c0ace3144d2bbe605,gilenya,1,1,1,0.16153394408183744,0.7382346531493291,0.10023140276883352
37a9723c0a0e04f6b4ac814fcc9cd28b80468019,entyvio,0,2,2,0.14193396468303435,0.15912150174079448,0.6989445335761711
df9ced46f17e66bb8ff44e6077831ca56972b6c6,tofacitinib,0,2,2,0.19657563019139762,0.15009232572177175,0.6533320440868307
331de739f7fee4a3d310a1cbfb0a14bdbd0948bd,gilenya,1,1,1,0.27576833396884026,0.509563875775996,0.21466779025516372
7d2afef2465c1e5b2e812a2072ffd636a665f4dc,gilenya,4,1,1,0.10196473225067446,0.7307496247241752,0.16728564302515034
a54535c0be52f043e51f5f7619e94af37e3c5b49,pemetrexed,2,2,2,0.1258332688918711,0.11275476900177378,0.7614119621063551
707bed2f9b861e0d0fbae5a07cca1dd562c7b465,humira,3,2,2,0.24218175327087538,0.30601712545242293,0.4518011212767018
90c98ff879e4c076311d3a4230b40d765ef82477,ocrevus,0,1,1,0.33524694729169924,0.3552226731201698,0.30953037958813095
90b00fbad8e50da0d4e13f7251e24a7323fe2639,tecentriq,1,2,0,0.448435192072112,0.1359165099482111,0.41564829797967673
ae4c46377e8dce0cec514d31671314951a6a98f2,keytruda,2,2,2,0.15770925500797725,0.1757571576951419,0.6665335872968807
8d619853329fcaf2580aab1c2d428a3f859b7b65,gilenya,2,1,1,0.14505368444477615,0.4895183128712671,0.3654280026839567
abb07322eca40f20076afac4ae71e000f3682da9,ranibizumab,0,2,2,0.25593133999502843,0.260622762301599,0.48344589770337254
6143f6f2e72e7ffad352b4880e5cfc1c4174638b,iressa,1,0,2,0.38517012606578616,0.11864196520669494,0.49618790872751894
5da190a94cc7227d1beff3e055f30b96e328d032,gilenya,1,1,1,0.10774488511570873,0.6607534589281053,0.231501655956186
87211d8abad30c56f1ab08360a4936c7eedc1d69,ipilimumab,4,2,2,0.07123490956955879,0.11097858548631745,0.8177865049441239
b5b90480b4935973c81c8dcbdfa55fcd2aa25b3d,photodynamic therapy,0,2,2,0.1941576594634981,0.13952588310695552,0.6663164574295465
9ace4bf8ca2de3b3139f2de6039dfa579bbe4779,crizotinib,0,2,2,0.28550488768468935,0.24307516607677887,0.4714199462385318
2af9f7c748fd3bb0ea09b667c0ccc7e238a7778f,vitrectomy,3,2,2,0.3628891065287109,0.09735524460181054,0.5397556488694786
73b252e936584721f7e666ddd3adc7acc4e56d54,fingolimod,0,2,1,0.1569639109745013,0.5232880058809041,0.3197480831445946
db35e0c05a8222340bdb0878443d51e4b3664337,keytruda,1,2,2,0.16215870715943162,0.2037287589408084,0.63411253389976
d1725a3c3bbd2a4bd66d4d2c91c80575fb26ca38,ocrelizumab,3,2,2,0.21458405958973778,0.0818988224597538,0.7035171179505084
67be5d2156d19ae635f73476b1380333030d4c3a,entyvio,2,2,2,0.058218463725989,0.08866444317284997,0.853117093101161
4d95c5ec996f8c2329865bf7e94aad11ec7d7c8c,ocrevus,3,2,1,0.16708369508926604,0.4169152440911652,0.4160010608195687
f045814027969c92829b36a4263016e6159bd686,humira,1,2,1,0.14534800948483856,0.5301945667861296,0.32445742372903186
7d8b87f3a2cf1edee80899cdddf21b034aaae599,ustekinumab,0,0,2,0.08753013020707821,0.16637537923414847,0.7460944905587734
dec5d3415b57ec5f0a624e3913c7d53d56fd8283,ocrevus,2,2,2,0.3398069456145367,0.27377408533376807,0.38641896905169526
b5f947bbee4440c0032ba7fdf174af9b9a4d8b1a,gilenya,3,2,1,0.22128691699301598,0.4419742710947774,0.3367388119122068
3df9fa7c4988e99a77afd8526404f1bdfbbd1d52,tarceva,0,2,1,0.1373229329380802,0.504729740469577,0.3579473265923428
9f00ba04fba8a51a9cc895ee079e83b10abfa855,lucentis,1,1,2,0.13212395469790422,0.25805826781966285,0.6098177774824329
060c8afac7f72fd7a1156d3d2e5ebcb8425463e2,opdivo,1,2,2,0.06456409749032961,0.11696245801478022,0.8184734444948901
fb10de3b0ca252bae2f0f62b32d648e473367bb5,keytruda,0,2,2,0.1494083615475475,0.1381265057937109,0.7124651326587416
878a54f5189d974fa41f74d3cc4210a3916d6012,tofacitinib,3,2,2,0.1683858770267215,0.30094532600729434,0.5306687969659842
45a79097bc7b95e96e362a8e741661451836dd13,ocrelizumab,1,2,2,0.23351129375950724,0.3127879184740476,0.4537007877664452
8bb39f587825213a1ab70ad01123db5b4125785f,opdivo,0,2,2,0.1368613278354687,0.1402911796731316,0.7228474924913998
f7804fc8f1073e35ef42f3c4020e0494535469b5,tarceva,3,1,2,0.18476908607872816,0.25141125057108027,0.5638196633501916
7fdd6c24d18ccbbb06a32a5188a126102e8a6b6e,stelara,4,2,0,0.6559508403491784,0.1727176138155935,0.1713315458352281
b3649e37a5e7e90e3684f33ca9cba358c25bff85,eylea,1,2,2,0.1960442795142783,0.2090884671774046,0.5948672533083171
0ece6125dc4149ecbfa1f348ddff524fad600117,ocrelizumab,0,2,2,0.2370623054618442,0.33239213869421674,0.43054555584393905
5a540fb6535ff7d2ecef15fe9460eb56c2b3fed1,gilenya,2,1,0,0.44271912485105674,0.30509697079759607,0.25218390435134713
caf1855e5bcca2e1513346f8799de986bd935553,gilenya,0,1,1,0.19941647959145511,0.4258174633284486,0.3747660570800963
573a051f54b359a489ab7d97c82d6e96c1b5b723,ocrelizumab,1,2,0,0.5715041949720346,0.23409160919012623,0.19440419583783924
6d85be4b6c2c64f60a0d449f62027af6d5631901,gilenya,0,2,2,0.14677115203112193,0.25028244839988545,0.6029463995689927
df1e60f180f0c58b9552f9a86fed22efb3faaab3,humira,1,2,2,0.12690330742523798,0.21265466640533243,0.6604420261694297
65c8ca2abc118199539cdcd42256883ba53fb631,lucentis,1,2,2,0.24926224663789331,0.3389033998011406,0.41183435356096604
fd71195a9c6a4ccd1b7c5d07b45609b34b61185a,ocrevus,3,2,2,0.18327970438573069,0.2876184304137318,0.5291018652005375
f5c02f71aa2f632cb6aad027e034adfc3ddc2d25,entyvio,3,2,2,0.07351771582289536,0.16968574682069631,0.7567965373564083
45f271bbfc88ef057fea49f0c49ee54355647443,tarceva,1,2,2,0.3494943122661474,0.26543116386878185,0.3850745238650707
b7458b4bbd7ed3d9fe5ac58aa6673ab4a0b7a3b6,opdivo,4,2,2,0.1509096507073006,0.11931193324809969,0.7297784160445997
7193d1d7c407bb99d78ce564222e02038cc3564a,cladribine,1,2,0,0.35624592960499835,0.3227700509483486,0.32098401944665306
d81369c90663e8225874837656fcf52bff97ed8c,gilenya,4,1,1,0.1858467246955123,0.48981898477583447,0.32433429052865326
bbeee2b299cb397cdfc886ebd66f2379a9559ad5,opdivo,2,2,2,0.22994764865785355,0.1841901956693895,0.585862155672757
6f490ea491972544759bf93d91d21ce74af38a1b,gilenya,3,1,2,0.18555487416144228,0.36534433625146046,0.4491007895870972
a6f52c127e14d654b7217927c2ac606af89656f0,panretinal photocoagulation,3,2,2,0.2630218375714417,0.13973235461876016,0.5972458078097982
f2bb25f6865149fa5d0d2edb0432f9298d92c4a8,fingolimod,0,2,2,0.11467741127940374,0.20609880386351587,0.6792237848570803
aa18f301f3be174315f5b8808e5e313775c6a21d,humira,3,2,2,0.31304470111944316,0.20896253188873706,0.4779927669918198
dd5babc170cd5ca5c588bf1278f4fc1c168409c1,cladribine,4,2,2,0.2430355161186917,0.27749873966928773,0.47946574421202065
2519c85587f4f745bf83c0df38fd2a901021baaf,humira,1,2,2,0.3631092605326439,0.18131415038308651,0.4555765890842696
d19f15bcbccaebde1c943d3d421484f3234e8a4e,gilenya,2,0,1,0.3472670568615441,0.40246674338643085,0.2502661997520251
8067c8dde0f9e2d60513722cdd88e25e876f70bf,gilenya,0,2,1,0.27875911772787854,0.4109678597608576,0.3102730225112639
3d35a3c6825a38f5f4bd21fbeb51d7d506f96f57,tagrisso,0,2,2,0.07430875560418591,0.11222750491030455,0.8134637394855094
642427e70a7b8b29dd3838e47247ddb2ac27f105,alimta,2,2,2,0.16056236422176798,0.13962796789312235,0.6998096678851098
c0cc7f235ca89d2b2406d615583a480f2f7672e7,tagrisso,0,2,2,0.13526007362052905,0.17271252683132116,0.6920273995481497
aa5db24870e7bb15a3c61bd0532bbd6eb56caf77,entrectinib,4,0,2,0.3081545311892759,0.07419820010556469,0.6176472687051594
2059ebf76cc89cdef83b8ef0a77df29cfff1804d,gilenya,1,2,1,0.13622819133476166,0.6601678539444626,0.20360395472077567
56df1d10ee3291b48ffb5b3d26d62c3db3e4ce3a,humira,2,2,2,0.12107488484427736,0.22479498680392776,0.6541301283517948
7875314aa0c74c8e0e47ad71ff5655967833fc9c,humira,2,0,2,0.4019499453207089,0.19132418310537797,0.40672587157391316
a2ff12e5365ae6ce4855ac7462feff13b4e71a86,pemetrexed,0,2,2,0.1272078581928534,0.06724580515413864,0.805546336653008
c6acf30aadc3160cf7cdeb733b25dc48fb27006d,gilenya,1,0,2,0.2682856701559528,0.10520112641946726,0.62651320342458
0e75328f752841a003a21a03b038a7152bfd3639,ocrevus,0,2,2,0.14510419587963688,0.23523386379793834,0.6196619403224247
1a31ab50183bec73b2e9f2d10e4a0ba93135deeb,ocrevus,4,2,2,0.11934897884721873,0.10073891369204133,0.7799121074607399
34e90f213fe8724522038e989fa9b5893319ca51,ipilimumab,4,2,2,0.1065748128648277,0.13943340698308793,0.7539917801520843
0d88f65aeb62f2a655e302e4a2a61b49caaeb573,entyvio,0,2,2,0.2609942646765837,0.15794204539002926,0.581063689933387
a6b804ba91e896a1c7337d10b3872b028c33f330,atezolizumab,0,2,2,0.19893062988094373,0.1835217571671793,0.617547612951877
b29171ad144bdb61e9f1cb7fc233992c06d1b011,ocrelizumab,1,0,0,0.49152515367140176,0.22101706161051565,0.28745778471808253
33c99f776826f19a3f16c14f4fd4d28b173837df,ocrevus,2,2,2,0.17218646208621702,0.18206574345953844,0.6457477944542445
3a4b4204ce4147848c5c27ea7c8c640c631a37b4,humira,2,2,1,0.10024045406379031,0.5223661966140044,0.3773933493222054
f268cf42c2f46a1a3b08a58b980e865d4a5303fe,gilenya,3,2,2,0.10530353547125545,0.29887013698005654,0.5958263275486879
41511369c0d8e7caa33da7b5dc038b53513bff2e,ocrevus,1,2,2,0.1427799421718747,0.08435745251181437,0.7728626053163109
05f5b943dec0f5d521f90cabcdb7b73cc10686c7,ocrelizumab,4,1,1,0.19262191454859687,0.5602653530144989,0.24711273243690424
bb93a16facecba100747d132637a961fe0c6d5a0,tarceva,0,2,2,0.23452379649619007,0.19307098126483863,0.5724052222389713
fa2a688beebbb84350eaf1bda5c2c102ea137a76,opdivo,2,1,2,0.21036447511494272,0.30883661403562146,0.4807989108494357
0aad11db0e4cdd419af39f0dcc633e1dec0b27ad,gilenya,4,2,2,0.14966460922348673,0.3278712078566205,0.5224641829198928
38f387a3d8d940cdb81d57522aa1e1eefdb2069b,keytruda,2,2,2,0.1555841693634615,0.2618015079516737,0.5826143226848648
ae6f0426f58abee92786fbb5ee487470fc77ec2c,avastin,4,2,2,0.33082991703793874,0.12105977220436584,0.5481103107576955
dd549f34365827cc0bd205b37af19b46b671af64,opdivo,1,2,2,0.20553881679479002,0.22381646460460283,0.5706447186006072
424ff27eec33790c6eedc0dd15b765b67f725ae5,remicade,1,0,2,0.3334257812568576,0.3306861526715272,0.33588806607161514
e13b0bea3d44dd90cf1b69e2bfdc8768e2292ef1,lucentis,2,2,2,0.39009774973044126,0.13589324252657045,0.47400900774298826
183bf0e2703c4ed76a57b2e9706fbf345a21d6b8,ocrelizumab,2,0,2,0.3917576711190181,0.12428723377172059,0.48395509510926127
4066dbf2dbf6ae0a69caaa0a633678d5497e07f9,alectinib,3,0,0,0.6127413269704302,0.24731300707904202,0.13994566595052793
d4b720be9b5efb212b0d70a5a8164c56f63e532b,gilenya,3,2,1,0.16957137885708734,0.5690971873147187,0.2613314338281939
80efb5e3e44d5d0e0ba4e0509a73526f2376751e,gilenya,2,2,2,0.1495749512992148,0.4156316266983922,0.43479342200239285
cf8bfab75037f1ad728e0151f8e72b48ee310631,keytruda,3,2,2,0.170794792163639,0.22996527677127068,0.5992399310650903
3ed181082f53b25b78d5c35bf2c3874755fa7c4f,ocrevus,3,2,2,0.18320913745516368,0.1675716469101426,0.6492192156346938
496289fd1a340ba69b6a6b28ccce737282e560f0,keytruda,1,2,2,0.20679288824488745,0.2784027688143125,0.5148043429408
2198fba04355c25dc608c6f99678efe877602ee6,entyvio,4,2,2,0.21452358981676423,0.15347939138797978,0.631997018795256
c8ae093259e8698dd777bf3c7b430783635d89b4,tagrisso,3,2,2,0.08246564485596046,0.09425164313698267,0.8232827120070568
43c5dde2d5171ba971bd089ea047af166f263a03,aflibercept,0,2,2,0.28506851399144606,0.2628873613320543,0.45204412467649957
a7daba9500615fbd1142b597bd9a21c408319f58,ocrevus,4,2,2,0.15759892742028736,0.18098833976899556,0.6614127328107171
0d620390310de27ce2713b126df38736f26d090b,ocrelizumab,4,2,2,0.10633082943699439,0.13843849555786453,0.755230675005141
2e4cded0261b17221938df98efc0efa3c0cae18e,ocrevus,3,2,2,0.21479486176390936,0.1311596234448545,0.6540455147912361
15bfe50f3a3972c0568e139c15036112add04e32,tarceva,3,2,2,0.2643241774147515,0.10823557223908696,0.6274402503461616
a4d4151b0641c49a387589ee5bd5d13c8abc6ebc,ocrevus,4,0,0,0.5426437922849644,0.08460074643868082,0.3727554612763548
f258e8f4abd4a854f6c70adf6cfd4e37e35a9f2a,ocrevus,2,0,0,0.5089366688875547,0.23081358245277547,0.26024974865966977
f642d353e87e8775b23729a817475da7d107c16e,xalkori,2,2,1,0.3768959716164201,0.38682830573006927,0.23627572265351066
8eb6a82aba7915ecb39d4d0e058bf8b0db674ae7,entyvio,2,2,2,0.059502822561290254,0.08262569128352328,0.8578714861551864
b052f786b656336e68bbb958c8b79aaef4076c8a,erlotinib,4,2,2,0.10397825463304884,0.09337625646460994,0.8026454889023412
b299801ea9acefc1a89303e8b51506362fb942c0,humira,3,1,2,0.16090757789049123,0.35121296632801896,0.4878794557814898
03a3bdad048270e7e7c89e732572ea20c5ed77a8,cladribine,4,2,2,0.35660437359154823,0.1805324043223071,0.46286322208614455
6aefe1abd5a56e95693484a623bfed1e3bbe0a63,crizotinib,2,2,1,0.09533419630426218,0.6785738816917769,0.22609192200396092
29feadfb63dfaeb92831aabef9b5732afa5247c9,gilenya,2,2,2,0.26213205602099304,0.3689289999096734,0.3689389440693336
e3eb14f95130c6ca936b637a079fea45a00b64cd,gilenya,1,2,1,0.18829862334553826,0.47489454186551566,0.33680683478894613
e0fe90261f4921ba6bc323c6f329d84b0caa35b1,cladribine,4,2,2,0.2392257305799523,0.37846783831460246,0.3823064311054453
13b8988443617eb60e0d429c3aefead1bcc64f29,humira,4,2,2,0.15256805756761352,0.16710791979640968,0.6803240226359768
f294d230d93b81ea07019984c3744f8e1ecbd1cb,gilenya,1,1,1,0.2919189588832025,0.5521144625522243,0.15596657856457327
1e44ea998efe09697c93b2bd0959c3502b8063fc,fingolimod,3,1,2,0.13020409357883692,0.13411949917412866,0.7356764072470343
70b4d367198732606f22cbb441dd4548bdbc5f9d,gilenya,0,1,1,0.3796214082179685,0.4332392197059305,0.18713937207610085
198b97094c2b6bd0ddd1a4433bf5a7d92a7969b1,lucentis,1,2,2,0.21807851110563883,0.14284713878395375,0.6390743501104075
ac2b8e4323aea8c254916abce56849697601fd34,gilenya,0,2,2,0.2633157884740229,0.19357328669463122,0.5431109248313458
53259d810e3ca619e0d4ef6c127f0fe6ccf5c36d,ocrevus,1,1,0,0.623402749577487,0.16916011610397044,0.2074371343185426
1ec49010ce45ee7a7b0bfa38fced243348449070,fingolimod,3,2,2,0.29206201996858927,0.1362121894912927,0.571725790540118
363b34a4a272e7da30fd9a453fecd2bbf31f737c,gilenya,0,2,2,0.1846254237360366,0.3865945423575927,0.4287800339063707
0f534044c27fe35961e3bea6c6552b0d161d1c11,humira,2,2,2,0.2693836888258068,0.321485205327694,0.40913110584649914
9d35c7270d213fdc868896547194b8c63a58f48e,afatinib,4,2,2,0.2509067324885122,0.07311839127682977,0.6759748762346581
86dc48b507a10f2f17a811c982b293eaa0046bff,opdivo,4,0,0,0.5975513364250653,0.12285850835349645,0.2795901552214381
820b88df2ec2daab24a54461acc47c9b869e850b,pemetrexed,1,2,2,0.18546651876633516,0.07495275101654861,0.7395807302171162
213fe4240245c85bd98aed2fa28c5f6ca38004ea,gilenya,3,2,1,0.19224355241562052,0.5123126387870883,0.29544380879729104
9b3c06b58d4a972e4955a9a78cce6e07f728e341,gilenya,1,1,1,0.1658176495868137,0.6418813225450992,0.19230102786808714
50e384d3c571e7b659050fb9eda0076df6991e76,ocrelizumab,1,2,2,0.34142222547049755,0.09256295635622859,0.5660148181732738
977c35c3bdb77ca3d5990e20568173d4c6916b76,humira,2,2,2,0.10045381693050481,0.11127238072844578,0.7882738023410493
977257e9c986a2a2f6b83651fef5af5935639e16,tysabri,2,2,2,0.3247197909496825,0.2254629960343607,0.44981721301595684
ddbe52302e0218c7366d2fe9164f3edeae5a54a4,ocrevus,4,2,2,0.13721283993926026,0.24757281221957608,0.6152143478411637
9ef266cd225addb6a77d87ddb3c6d4e8b404370d,gilenya,3,2,1,0.17270385977471622,0.5369403102710756,0.2903558299542082
ef1a2cf4b276aa7b480433d02c2c843b8089337c,keytruda,4,1,1,0.28110302322459735,0.5264711277364229,0.1924258490389797
bc0a3c97a3442f609168ae2123135b74f0dc7eaf,lemtrada,0,2,2,0.190562747997252,0.1411477127587789,0.668289539243969
1489cd324eb496c448cd4aa3c7cb304575acfb11,entyvio,0,1,1,0.1525468311373015,0.43419013528594874,0.41326303357674976
e8ba99aa3a962a88b9c7a478a5142ebb8d08308a,ocrevus,1,2,2,0.3572319182205045,0.27396796594171535,0.3688001158377802
f33039d9086fb1bc6e13b766558e0e21dbc29b34,lemtrada,0,0,1,0.31329198654188717,0.35488540334985996,0.3318226101082528
0c77f1ca3e8ee8047681a28bd3bbdfd19f5bee9c,fingolimod,3,1,2,0.2775944455853001,0.26331146729366806,0.4590940871210318
604d63d5a5224ee93c9d1a7fec47e99d802008ad,ocrevus,3,2,2,0.20456630454009145,0.2144400526797557,0.5809936427801529
5bb6b5ea848db2751b378202d22e4c44065d679b,ocrevus,0,1,1,0.17774873489607665,0.47207365127008616,0.35017761383383716
ea4db7eb90ed45340c832372cc96ed8bab7b024f,ocrelizumab,3,2,2,0.19200801386088104,0.08327440190421354,0.7247175842349055
95bf56ff6cd2dab39c2d3aad7440b8c677b4fd7e,humira,3,1,1,0.130033414065297,0.5107328203936772,0.35923376554102576
c283cbfa3e55df7ab9500465db4f40f1d5f7bf95,ocrelizumab,1,2,2,0.17082771628395144,0.25673649382374186,0.5724357898923067
58884256aa6174e13c4926617acb8db343ff6dfe,ocrevus,1,2,0,0.43813739639260435,0.20717571831888984,0.35468688528850584
d9baf8029ebed3ee4ba72b3621b4c4662149386a,cimzia,4,2,2,0.08446649378929438,0.12079709682528625,0.7947364093854195
6ecf30d8cf748eb1aab96dc4d86da58905a31321,tarceva,2,2,0,0.3403363127430108,0.3373263426889202,0.32233734456806895
e1dc696d553a64e20f442c53dffe110da64e1add,tagrisso,0,2,2,0.09303583194290488,0.12002681569322456,0.7869373523638705
8a0b3a68d82f13d8201bbb495e308c0de6d99f31,xalkori,2,0,2,0.3282642826317117,0.20576053772394995,0.46597517964433843
0245c52d8b29d9bab3be847860f013df59856f99,opdivo,1,1,2,0.13958650404269216,0.1824956490052452,0.6779178469520626
83c6c22719ca4f8ff82dc2c3c22bd96ff96289ec,humira,3,2,2,0.05684376865015096,0.0776641057338752,0.8654921256159738
49f4207e2abeb320f1c1ad2323079a94a79fdbaa,stelara,1,2,2,0.1602620406602581,0.09534225619708339,0.7443957031426585
56b265a00dbfa6686253564c5c8ec2c01269deb3,fingolimod,2,2,1,0.19740316622472728,0.48011013814179615,0.3224866956334765
6e13612793cbd5ff2ebdb1884634a53dfd60b5f0,alimta,3,2,2,0.15950843574818774,0.21992295711145593,0.6205686071403563
d94d41bc598cb54bdee8049df2539bbf8a1580e0,ocrevus,2,2,2,0.12861232877287157,0.13944913327838224,0.7319385379487462
bcab7fc7a14f903e9d523eec6ce59a86ddcb6f8b,ocrevus,3,2,2,0.3255584314382752,0.29811737171316827,0.3763241968485565
434ae79e7679162e28f70c7cbb4393a9b5c5e696,cimzia,2,2,2,0.10247127979292131,0.14098269343632827,0.7565460267707503
137ddd9b96860cee0c6efdf9f65e3caf334f5d36,lucentis,4,2,2,0.31490193756235396,0.18144225595738783,0.5036558064802582
e08dc3c4e90c2a80db91185ea832bb217b12f731,simponi,2,2,2,0.16352789869722206,0.2786197953568785,0.5578523059458995
cdd7c13e4b52d90fd73cb0048b5c4ee31541a22a,opdivo,2,2,2,0.1944073321057346,0.0999748680551879,0.7056177998390775
2b7d5ccf8d91eb86778313777677c2e3a8cb5ad2,gilenya,2,1,1,0.13228571059699004,0.6812418358323041,0.18647245357070585
811b62c3c80ecde83e9e70a5313685fa67bcf3d7,cladribine,2,2,2,0.26144865817144436,0.23993210247829988,0.4986192393502556
e846a8a64b93c9fb927b13c0d55dc87e9e7084c8,ocrelizumab,0,0,0,0.4028941356126666,0.26508555047239385,0.3320203139149394
02a6be5d2d0a2919a6ebbc5d533f887112ca6b6c,keytruda,1,2,1,0.11944363308779288,0.49290348650956506,0.3876528804026421
3bc72576d04dee0ed1165db91abb488b9933bd4e,opdivo,2,2,2,0.18202005799019036,0.21937370213673885,0.5986062398730707
c954c0d1b1d849c31ead8a7e4533ae9452364a30,ocrelizumab,2,2,2,0.2600461961564432,0.21343493152241705,0.5265188723211397
275066cdc1457365f9c6e48666b191daf5cbd8a5,cladribine,1,2,2,0.19574270444607608,0.24574452635657704,0.5585127691973468
f80f4bfb42deb1e09ddab0174cc45e37edb3a63f,mekinist,4,0,2,0.19659572636019493,0.1345337987743589,0.6688704748654463
bf4c589d1d9d9bd7de167817e4ae4cfd38b4aeca,ocrevus,4,2,2,0.24050735979045143,0.10875139697715538,0.6507412432323932
25a41e0f551dc060c0e14eb14bf9e0ced9a39f46,gilenya,2,0,2,0.1705355999027195,0.2595440243637534,0.5699203757335272
f423e2b1bc6f8896245d3dc1e63012673900868a,tagrisso,3,2,2,0.3120337849571886,0.14714740435678036,0.540818810686031
843a1594b3f8dff58f3c6e610dd9fb4f56ed7664,keytruda,1,2,2,0.1597084310320295,0.19405840497701798,0.6462331639909525
bb4c0bd83352a6f4a8ab0ff63499a0b2e8ed553e,tarceva,4,2,2,0.11004890826576644,0.11431216971621402,0.7756389220180194
34f1e56cec0035209f6c65c14ebd0e89e67eaf21,lucentis,2,2,2,0.11613336409072163,0.1209793364577283,0.76288729945155
9d9e26df332f5ac65bbd01f9c03f535094db80fc,imfinzi,2,2,2,0.24941046753516763,0.1707288125125328,0.5798607199522996
8d9681daa357cd684cd8ffecb053cbfea6716d83,gilenya,3,0,0,0.430681404369512,0.3860657438654884,0.18325285176499967
6b42ad506694a2ebebe4c24a93b94eb3f4a961c2,stelara,2,2,2,0.287983895474393,0.13711191804485523,0.5749041864807518
cedf47ac5faf635809d4e0cac3017073f047fa37,ocrevus,4,1,1,0.305726539817721,0.4828921763119859,0.21138128387029317
7f2c670d0aa661b751fb176bed462851fb926d2b,gilenya,4,2,2,0.06268087091763878,0.18161108687254263,0.7557080422098187
a6254dc757acc3c922e63efaa2a74c9188a148b5,ocrelizumab,0,0,2,0.3608399727791229,0.1822519477334609,0.4569080794874161
a0e0d23b83220c253ebea90544cbe4fdd61fc286,humira,1,1,1,0.10303169337762524,0.5844111645409098,0.3125571420814649
d89c14b5de7722e0a4c3e2f48e9d8bd32b1a6080,tagrisso,0,2,2,0.15041719731132974,0.17607515603763144,0.6735076466510388
dd44b55b60e06ff75df394888f4c82b5987bf582,humira,1,1,2,0.07046997721925882,0.41702730537266325,0.5125027174080778
4933dcc95e70d0372b028e7cba9461f141f50c03,tagrisso,3,1,2,0.2002484336969599,0.3382295703834908,0.46152199591954934
35959840786f632e6f591e5ed2dcb1bb436488d9,avastin,0,2,2,0.08325274844003723,0.08361074349552772,0.8331365080644351
37e413448ab0d8aff2b7b795765e411a338bb458,osimertinib,3,2,2,0.2498807930826216,0.15398875853081176,0.5961304483865666
12df26ee1055c65c7bf3afdbbf69bc73e2710150,ocrevus,3,2,2,0.39192040080738083,0.21166661982520635,0.39641297936741277
cc8935fff2e42a3e2b8f791824ac017d3752f45e,pembrolizumab,1,2,2,0.29371908829719046,0.24857464416275846,0.457706267540051
972ea3ec7a04260762c376068dfd525f418b9faf,cladribine,2,2,2,0.14834308858184206,0.2077893920989458,0.6438675193192122
87a985448c61ea23c09d22635f0ec3df3e06d46d,keytruda,0,0,2,0.3584560573074164,0.14993781130813114,0.4916061313844524
d667130c8cfc156e3ed3fddb286ef37b8f162eb1,entyvio,2,1,2,0.0703796481312059,0.4633837155409932,0.46623663632780094
fb4d57d89ccc758761f26748951605afaeccc3bd,ocrevus,0,2,2,0.14366610956724662,0.22694820289201706,0.6293856875407364
e2722cd4d614975a23993f1d0cbfac51b8e3db35,entyvio,1,2,2,0.1843609578913079,0.3331180429013147,0.4825209992073775
41959f1fc0ea628721fa3daaab6789b031bbfa31,ocrevus,0,1,1,0.30089060257466266,0.3647241078531741,0.3343852895721632
cf7e36619c9717bb2c5339c25fc197d45ab68abb,alimta,1,2,2,0.22262491756195305,0.168103141145037,0.60927194129301
f1e9c8373daef1dc558b6086fdad355b4d1a2541,ocrelizumab,4,2,2,0.34131056464777704,0.2508051205529435,0.40788431479927956
e4758dadc1fe219927322bcb9f2d9f27bc8488ac,mavenclad,4,2,2,0.10213037073472116,0.07642276922969156,0.8214468600355872
966013c8474368357bc72898254f17997f0dc637,upadacitinib,2,0,0,0.5194902618149217,0.1437206289151152,0.336789109269963
60a1cd31a718c3e1d7aa06f92b97565e13702429,ocrelizumab,3,2,1,0.34793157007631054,0.38331424347142373,0.2687541864522658
23d260d623ad864728a607ff4a6484a696d05f70,mavenclad,3,0,0,0.5112768425793135,0.13824202653467738,0.350481130886009
1c6e721c335db9eb84ff569bc7f8a43567398475,stelara,1,2,2,0.11152727350080957,0.12375788484434146,0.764714841654849
53edf59df41675f9c741664243118f7de4a050fe,fingolimod,3,1,1,0.18742464276967957,0.5272081961401931,0.2853671610901273
0b84cb1ed32b87a4e9e038e6922eef18f7f4ef57,ocrelizumab,1,2,2,0.06151983832866652,0.0829262183719872,0.8555539432993463
ea8a6acb383bcf7942ab43a96061d77f2c19e4e8,entyvio,3,2,2,0.12338794356918391,0.10483326666148278,0.7717787897693333
73a1972f946779ffa15e5f8a251c447cda4931f3,ocrelizumab,4,2,0,0.41590771373554103,0.27317953020856994,0.310912756055889
acd60606c949fecc67c95589bae877ed7c695066,ocrelizumab,0,2,2,0.37132504540963185,0.2547625332976513,0.3739124212927168
69172ca7ae62a39ddb40d81214db648baff4f851,alimta,3,2,2,0.2586115141201857,0.14409428821219603,0.5972941976676184
f35e94ec245d151830f642a5baaa6861e2d4e93d,tarceva,4,2,2,0.07614476404827958,0.12210223728611173,0.8017529986656087
c7ce0436949107be9a0c1a2e21a647d3d8e1e403,gilenya,4,1,1,0.13759431117000226,0.6984204239366026,0.1639852648933952
5e3a4ab181f7d12c8785308061bf78d9a458580c,keytruda,2,2,2,0.22156046293788284,0.1878633538566842,0.5905761832054329
494aa491a1b73aee8bb91c75ff3866e38652363a,cladribine,0,2,2,0.08301794850150199,0.15046977757914745,0.7665122739193506
daae9a38ba8f9b365e58ecfd98017fa1b11da409,vitrectomy,3,2,1,0.13862193241426862,0.5070215716361887,0.3543564959495428
51cc00d042d48ba295e94a7d9dd0c14791d1fef9,vedolizumab,4,2,2,0.037839686371287345,0.07708806877140399,0.8850722448573087
14fc2481c912da17f471c882399823b3b814499d,gilenya,3,1,1,0.22723467947707474,0.4963078173620572,0.2764575031608679
640fa9011703c39e635c55a7372ff728b260ea3e,tarceva,3,1,2,0.18805021039043332,0.2760767069552754,0.5358730826542912
a8c8e5164ae3a28860023366f5308103386fa3ce,tarceva,1,2,2,0.19783114743160457,0.18260550884869853,0.619563343719697
6d1f669aa7f972ebdff83bb35bd0d2ccabb8f026,alimta,1,2,2,0.11612480810861464,0.13562603091364495,0.7482491609777404
ac483e3b5918ca5b70878276c9b70bb4d93c0fcc,cladribine,2,2,2,0.2483585256411266,0.1687308552038107,0.5829106191550627
98c235ad34a9f62a3a48410d30d2553391115bef,entyvio,4,2,1,0.28298635208112694,0.39411703947066273,0.32289660844821017
7a67f763ee6e55747c70372ea950ab7b8efd3469,cladribine,0,1,2,0.18477018721968433,0.23993567870035276,0.5752941340799629
291b051b6202a6c584c417c2420033a49899908a,ocrevus,3,2,2,0.1824425258325623,0.17411675495414985,0.6434407192132878
5a5dda57d1ddb3c29e200ea7a355533856e47d4d,pembrolizumab,1,2,2,0.29516436777850497,0.1492325354556428,0.5556030967658522
7f993378763f80e2e44ba846656de0df58d77d7e,ceritinib,4,1,1,0.1956001794552668,0.5615735190629768,0.2428263014817564
d3aaef75d9c1aa542e5ff7c405b7c2339e743414,crizotinib,1,2,2,0.282904115307282,0.16924851047614073,0.5478473742165774
72813417b5e362364f0e71392f1c50b41f3ea931,alimta,3,2,2,0.14643607181550056,0.11445095806525482,0.7391129701192446
f9ea8531605bc0ddd0d1cdee05aba8a2bdb5322c,keytruda,0,2,2,0.0760199424178329,0.10017815581813055,0.8238019017640366
150b2cfebefe983172add7e617abc384d552d069,ocrelizumab,3,0,2,0.13564208520898854,0.1659938505677414,0.6983640642232699
9820a7629c49b697c3adbb82c60a06d95053b902,eylea,3,2,0,0.43768576428899614,0.14798726892786063,0.4143269667831432
100a11aa90ebeedf0af7b45f1a6ddc0a4163f2ac,tarceva,1,2,2,0.19971007655374504,0.1244836136387686,0.6758063098074862
dc508273207da32d6e2e8e23e2e615113164de27,entyvio,3,0,0,0.49148504217761124,0.26511681027211026,0.24339814755027858
9e2fd54c11753404bb005a013971e64c8c6968d0,ocrelizumab,0,0,2,0.1981821848062593,0.2255913037243346,0.5762265114694061
7321e637562f66417766411ac280ae40064e07e3,humira,2,2,0,0.5313032526449445,0.2003442839269774,0.26835246342807795
787850fa0bfc5f5057c5adfe74e67d09f0f94169,ocrevus,1,2,2,0.2142646136280617,0.38372584801117615,0.40200953836076214
954cff301e636f101a671da278fa8451617e8039,keytruda,3,2,2,0.22819650970136862,0.1727194463766658,0.5990840439219657
61f585aba0ccc4d2e6a5c6077771dd8d27510028,ustekinumab,3,2,2,0.18793677504844614,0.16303076111099746,0.6490324638405564
b2146417619da5cdae6fa18e01d669d1eed8b0f8,gilenya,0,1,1,0.17143687140764094,0.6121309580205074,0.21643217057185174
d596b0773e783891e898d7c884abef8126c86674,entyvio,3,2,2,0.08659834303499392,0.100499723870971,0.8129019330940351
3a9837f8e2f0ecceb154f9055ad94e4bb2e023c0,gilenya,3,0,0,0.5827526333833151,0.16057391655550113,0.2566734500611837
c5c9ecc1827550f7a3f7dc4aa676f91def740bee,simponi,1,2,1,0.19038890881328813,0.4088912704658972,0.40071982072081463
7e9b8d99c4bf3b23da86891f83788500df8e5aa0,nivolumab,0,0,2,0.31834341785131204,0.3249985588604935,0.3566580232881945
0ec5e13d2aa2b4c10b973cec960fccfd5d4a5620,humira,1,2,2,0.10411501068845175,0.07715831332066518,0.8187266759908831
598f13dbe2a81c5e14ad85e2fde5570663b1cfd2,gilenya,1,0,0,0.4015552361074535,0.3990066010470149,0.19943816284553162
c08ad05d1b9d0e77b66c3f13055744a9b5c9c5af,ocrevus,1,2,0,0.4382443301468299,0.130516382555098,0.4312392872980721
507b038667027d0ccebdd535954f2bfed0be184f,stelara,1,0,2,0.3245922528849701,0.23992115879141188,0.435486588323618
368b8afd019acb7cd357b2369789e605c771118d,humira,0,2,2,0.08090001002131925,0.2553473117158085,0.6637526782628723
f6fef208dc5e8bf97d15bc5d515fdd900ddf8b8c,ocrelizumab,0,1,0,0.5875308191162032,0.20320375496179596,0.20926542592200092
a37aa84a9c0fea58f5608c015c0de126dbac9832,opdivo,0,1,0,0.3764842670621667,0.24767451353913433,0.375841219398699
e279d0fd36fdcf11da3082f9ba12f86e0cabd222,entyvio,4,2,2,0.09118411916317369,0.2287434725286656,0.6800724083081607
e176c878d751d9d89fc52d07f680b3ae5cdbd5a6,nivolumab,1,2,2,0.19004281491714461,0.14618625791486922,0.6637709271679861
4bb215b138e35f6c2fa2fdc76078d364140d69fb,gilenya,1,1,1,0.1501854292192158,0.5619469842461619,0.2878675865346223
4a860550f23214c398bc235a309de75345b4983d,tagrisso,1,0,2,0.1258719633570604,0.08335978902041033,0.7907682476225293
c380f2979d756bb2ed8d5f694bcc4693ecd1dba5,cladribine,3,2,1,0.25659483055650045,0.45569007070435413,0.28771509873914547
4fd23224bdc51ebf3cd4c831bedbd39953bb35f1,stelara,3,2,2,0.14778143449567552,0.31270887112322193,0.5395096943811025
0b992036fb781757bb79d46bb3f3c8556805ae29,fingolimod,0,1,1,0.12777959157646115,0.6257198248945427,0.24650058352899612
6e8bb24aeee20591b1ee0e8daaeb5cdee2193afc,ocrelizumab,0,2,0,0.481374006875529,0.13359760706517837,0.3850283860592927
db99333ac78974e4aca2cfc3e319dc7813f00ee2,ocrevus,3,2,2,0.3190776904274171,0.17753389415390408,0.5033884154186787
91094bb72a10d645cdcd4953c48d8ee64b8acdea,ozurdex,0,2,2,0.29804193498068504,0.17321580055192137,0.5287422644673937
1504903cd1b79d813d3704ed2df115164b62af3a,ocrevus,3,2,2,0.3631184692141895,0.23249421380998342,0.40438731697582714
abe7e6ffcd996f8e000ad697d1cd72513b871ed8,pemetrexed,0,2,2,0.22884636011015896,0.09898562367739801,0.6721680162124429
cf67b09ce7da03a28cfcd5720848a9c37e95fcff,pembrolizumab,1,2,2,0.3694973557403009,0.09575875578396888,0.5347438884757302
594ba75d47e45da030958124a13c178218b66f4e,remicade,4,2,2,0.11502867541073769,0.1495526420779183,0.735418682511344
00079516b7e6aaa53300f35ce3b29039ad357d69,humira,2,2,2,0.08353588571609222,0.09267014063923548,0.8237939736446723
7723e46bc7656f4c0ab96f6cdc8ed3f7ec70ff30,fingolimod,1,1,1,0.11874178183662241,0.5496989771730459,0.3315592409903316
a2edf260bbb35a80581ae8e9cd4f677ad1a82b75,keytruda,4,0,0,0.534238745303131,0.25320409124873455,0.21255716344813447
d6049b2a7889306d28cff1d51d1d0b588b024445,ocrelizumab,3,1,1,0.24715523441084533,0.3950789724831086,0.35776579310604606
be845790ca05fe7b33ef248d1b11814e8b47b8a9,vedolizumab,0,2,2,0.04596634876072243,0.0739258137240366,0.8801078375152409
d30a344221982fbec0ef8756c89beb8afc681144,ocrevus,2,2,2,0.2354467874340556,0.1950023966984758,0.5695508158674687
e299fa287bc40bf5b90628fa46f1797b80ae797a,tarceva,3,1,1,0.09464899715230306,0.6341380682229313,0.2712129346247656
e2f034e8fdf771d4d9f8680ec52b9d27a08da62d,gilenya,1,2,1,0.15389092366176205,0.42419603983099685,0.42191303650724116
becf888df64324a1b3bb8c1a267256cdce7c335f,ocrevus,3,1,1,0.29116260263867527,0.5360895100387773,0.1727478873225475
afaff3b2c285ad4d11df94c46fc067178570b60f,keytruda,4,1,2,0.24546542564294074,0.28330186621165837,0.47123270814540097
8ca426cefd0b926f188203bbee2effcabee1800e,avastin,2,2,2,0.10424751078637702,0.08458597954150755,0.8111665096721155
18aca1e4a78b94b6d236856f003ca2b73b6af853,gilenya,1,1,1,0.24110872916045933,0.5158243521513858,0.24306691868815491
5f2502b9c2a410e9edb3b3b18e4c81e0c1dc0b61,ocrevus,0,2,2,0.1839352143224749,0.2917107066870566,0.5243540789904685
9bee4d5ba7d539aca902226792e1721f4993d429,cladribine,4,2,2,0.3504686815813252,0.22931873067749173,0.42021258774118303
4df15fb1d435902728edd0473e7a0c8890cba9a1,entyvio,2,2,2,0.16453015295144538,0.24043181087901286,0.5950380361695418
bacf6e2fc6aa7d051bb1553c3db70846d9963255,entyvio,3,2,2,0.21082072989320755,0.06704780791954176,0.7221314621872508
6cc0366e9bcebe4ff46e10cb957a4542a0b0fcec,teriflunomide,0,2,1,0.1031326292055556,0.4957744620609756,0.4010929087334688
0ee3c5263a1f05412a73b35b9c589fa7ade74504,alimta,4,2,2,0.13403766667686584,0.26263855636698985,0.6033237769561443
1ded131e90d0831ba34490ef90deb23b13fe436c,ocrevus,4,2,2,0.2538968261649168,0.3687009617541925,0.3774022120808907
7dee915b9f90ca865f021f1205cde30619f90c53,gilenya,2,1,1,0.3321158687506302,0.4130291032575981,0.25485502799177173
07256f43f8e8b1356d5336c4ae1a8a8f7757c48a,tysabri,3,2,2,0.1624793601891208,0.09747222241333504,0.7400484173975442
a4fa90c067f802fc6de4224bb20f2ce143b1d910,nivolumab,3,2,2,0.20328791821434872,0.1396235114698681,0.6570885703157832
3168b331575992231ad2cb253dab10af9346e782,ocrevus,1,1,2,0.2509833791771353,0.3053925100919889,0.44362411073087576
94906a8deb1ce2e16dfa889706ccff0ee196611c,ocrelizumab,4,2,1,0.3337293452489123,0.3573853797233024,0.3088852750277853
25177bb48f3d2be740ec073720b1038808f172e2,pembrolizumab,1,1,2,0.25714365651173043,0.1631619428203455,0.579694400667924
e995e573b49ff05b1babcb60d3dec91a6f1e69d0,humira,2,2,2,0.10098032551577198,0.10007553367844871,0.7989441408057794
d08225cb58afb188cd3f87a2732a8097c2619248,gilenya,0,2,1,0.23020547892599294,0.4074875801892806,0.36230694088472654
ce9219bcfbf9af19af6ccdc22022f585a3d3992a,gilenya,3,0,1,0.1825050346962188,0.4266640452139699,0.39083092008981124
b6cdeaec7317b977280af43c12ce4a3b0723ddc1,entyvio,0,1,1,0.0980375545864126,0.518076521193005,0.38388592422058254
1d6fc2cd9225fa41a411a396985fbedfdfcd1038,ocrelizumab,4,2,2,0.19998972988939784,0.34099346957532983,0.4590168005352723
dc874b7e1016f1ced29ce19086341efc20af74c6,ocrevus,0,1,1,0.3541687528843547,0.4404903178826838,0.20534092923296152
fb295a870b3c04a12e87accaff3f61455f0a199b,opdivo,0,2,2,0.1745567980411177,0.20740065776568753,0.6180425441931948
5d4e186dd444729cd81ce05e2c5074bc599029d8,cladribine,4,2,2,0.37022960681539074,0.21267060087504389,0.4170997923095654
33f7b89a3b7020abeffe9b76f2d8a11738477dc9,ocrevus,4,2,2,0.114303331151244,0.11065452934186139,0.7750421395068945
8a4fc461d55da166b8221bf8919989b38953989e,crizotinib,2,2,2,0.09824792250526002,0.07421764383421758,0.8275344336605225
dc42ff0944a9837e9499819a1df36bc29e2b7c89,eylea,1,0,0,0.5446703168489283,0.16490545703451215,0.2904242261165596
c63d338d40ed7b53fe49c511c41dc0aa8b232fee,gilenya,0,2,1,0.2685961465294259,0.4477002234714011,0.2837036299991729
dcd62248deb93f3f4c88a5bfa9fc57b62c6262ec,ocrelizumab,2,2,0,0.4801872679970129,0.1528576933091728,0.36695503869381435
ff83804d833b53efeeec9c680a413c757137c041,entyvio,3,2,1,0.23483853088428283,0.4882749850720351,0.2768864840436821
f0e2331a29a52a2369903549fac1279afef82e7f,ocrelizumab,4,0,0,0.5245172522407394,0.19879365275164604,0.2766890950076145
d1a7761d893c23d0b262b27f01cf834741b2216e,ocrelizumab,4,2,2,0.13279086184726016,0.1972013237375043,0.6700078144152356
05f20f7a7071eb9ba4e9028f66fcf861807b69c0,gilenya,4,2,2,0.1885970415232011,0.361280773920655,0.45012218455614406
492085d714c678ad83f1ab89832c37c9c08d492d,humira,3,2,2,0.2893349728752092,0.25028761123709503,0.46037741588769576
48d01f340b24463cf55ccd0898bac5b55be4ef84,ocrelizumab,3,2,2,0.15928674453454844,0.2637591670545937,0.5769540884108579
cd949171609e6355407dc7213240670fb771782d,avastin,0,2,1,0.34733998512718345,0.3473858594713814,0.3052741554014352
ee88f46d0e3ced96efeebeb3072e138939042a6e,tarceva,1,2,2,0.16392913650342802,0.15612537478260902,0.679945488713963
02604c105f7275e1523aa24db9111876e0b7fcdc,keytruda,1,2,2,0.19689550908895306,0.1674304760017949,0.635674014909252
86750a9c28f7839d5608573b41be046b677ea014,gilenya,1,0,1,0.14168722263827851,0.6929284748238066,0.16538430253791497
cf137589d4699fa4fffff6c4d5615d8e9fd79af4,gilenya,0,2,0,0.4444342188072509,0.17532355550923,0.38024222568351906
2fa6eab526395f68185bcfad3a761476f8bb2d5b,erlotinib,0,2,2,0.11706576079886993,0.10969900963028827,0.7732352295708418
ff24e954bd60260b0fe365c5bc4818e735b0dff5,ocrevus,4,2,2,0.219157741958014,0.08159216657247663,0.6992500914695093
020ff8da67dbf56b256ab04fb17b463ad56abe8a,ipilimumab,0,2,2,0.12427379569081481,0.1012229722067884,0.7745032321023968
1eb7dfd06d181c0d38e0672d42117bc8b3be2411,keytruda,4,2,2,0.15682743080190253,0.09958031185162167,0.7435922573464757
aaf174c874034b7f847d29e8a39168241492e367,keytruda,0,2,2,0.16193308333464768,0.1276213728952304,0.7104455437701219
c2e496daac12f4283ed41d0526e9bc22210aadb4,humira,0,2,2,0.08226879878182516,0.12153785907693664,0.7961933421412383
def5d18b07af095af0d9471626dc2821ecb77033,vedolizumab,0,2,2,0.12710024827824984,0.19030335305238513,0.6825963986693651
95079f6d91526365c63021a78ad0d484a8f75342,pembrolizumab,2,2,2,0.27019204081589343,0.24145664057510594,0.4883513186090005
3dd106d64fac1576e5857930782b7cb01c4a3ba3,fingolimod,0,2,2,0.09030993478070329,0.3605786346864569,0.5491114305328398
d823836d8bfaa276b4ffe855df5468d7423706da,tagrisso,4,2,2,0.2845034839929868,0.24958663150500612,0.46590988450200704
66b1a043cb77cdaf67fb9d4ab02a1b60f5240817,keytruda,2,2,2,0.24927240025206865,0.3212028939247779,0.4295247058231535
e8348c47fc8870f2915d43979e2f68369a95bb6a,fingolimod,1,2,1,0.19888446858332362,0.40139241773865336,0.399723113678023
a73b2e9c060c2a620777e793e0112c9f04b48d47,gilenya,2,1,1,0.14711625997222136,0.6623229047533378,0.1905608352744409
58481809fa40f68da51f8dd3dd9dc275b0b152f1,ocrevus,2,2,2,0.16054754260594134,0.11886261244731602,0.7205898449467426
34faf11bcb583584157204946545e03b51f8ff31,eylea,3,1,2,0.21056360819824924,0.3506110428889319,0.4388253489128189
46dbc6b1d0085d9b70034f013129a01416bb6c2f,humira,0,1,1,0.2735694420347589,0.4378498571468206,0.2885807008184204
853aea2a5469eb3245edea418ec01bfadecfbe43,ocrevus,3,2,2,0.1348123781714916,0.18471696316453642,0.680470658663972
a2d4b7597101841c2a4b0fd6d6d2ba3a039ca7f1,durvalumab,2,2,2,0.39355292584027884,0.08794733800028812,0.5184997361594331
99457c39cb6b94f4d67f90bd9be56312bf78a4b3,gilenya,3,2,2,0.20156510854909923,0.34555410532179603,0.4528807861291047
5f0b2ba37e625fd42c7ea49a9f397cc54648d4a4,humira,2,1,1,0.2618175983494606,0.41410761753411,0.32407478411642937
946565798a3cafe072ac2f15c99379bb973d4a56,alectinib,2,2,2,0.36065752652116395,0.155302493212693,0.48403998026614303
cd00152d8d0bdb2ea5d13fedf13b45f7aafba550,ocrelizumab,1,2,2,0.18672151406442966,0.16113161854579394,0.6521468673897765
b7854b1b16ba81e6ad9949436d5d1e08e6302d54,keytruda,1,2,2,0.11989576163255052,0.21421655873804774,0.6658876796294018
e2be7750c9cd2f66a32f9e38c24c29c6e4ffe361,ocrevus,3,0,2,0.31046839760642997,0.2023778793388794,0.4871537230546907
477adb541d0977b0323ff0f9fad177299e9d24f7,pembrolizumab,4,2,0,0.572302804807273,0.12157872281789761,0.30611847237482925
3ab73925bdb5af16508a5f428f8d42823a812c8e,ocrelizumab,4,2,2,0.1090005956622938,0.19584542987562745,0.6951539744620788
13d00816da10c4182b6693cd9f1a9716ee92cbad,gilenya,3,1,1,0.23366928095160808,0.4539203452898582,0.31241037375853364
f275e928df77f875dc61f97c791b40519effc58c,opdivo,4,2,0,0.647515171784319,0.17191319483648107,0.18057163337919993
d0a7044790a089ed4c1726bc32789055a1743670,ocrevus,3,0,0,0.4693391075858132,0.15198160673869804,0.37867928567548864
f3c60a50586cf3b488bbd691f4e870b21870c78b,alimta,1,2,2,0.14566522200349943,0.26807925499099167,0.5862555230055089
af07c7815fed31347f52bd235ecb98b4709c9eb2,humira,3,2,2,0.261030706757038,0.23375824949606486,0.5052110437468972
38c722797119434803ef229ce0a8c504759c9186,keytruda,0,2,2,0.29606867632674666,0.30043049850933407,0.4035008251639194
f4d8d79facafc7434ca92472d9428a471bcdc0a6,tysabri,1,2,2,0.11254756467309382,0.0874604238596798,0.7999920114672264
21bea3f2643ae5b095fe65a43b5285836674e82d,avastin,1,1,1,0.17204362380685326,0.61356263276812,0.21439374342502682
7867c64ab9be846880175cbec479b6d6cedc329d,entyvio,1,2,2,0.06260119465029396,0.09080975906112991,0.8465890462885762
05ba805fc53271356ec623df86ea378478ed9c45,entyvio,0,2,2,0.037357077028881885,0.08017207860368127,0.882470844367437
cd0e062dede71bae14811f8ff21a13e02fdfae58,aubagio,1,1,1,0.1808188564016497,0.4599491806802496,0.35923196291810056
a7e987024b611f6bbb7322a7c7eb3cd33a3cf8d8,keytruda,2,2,2,0.29379994872329607,0.20665292794301152,0.4995471233336924
bff969d323614419b72f848a7bbdfef3ed17d5bd,remicade,4,2,2,0.11709829976410763,0.20551937586528712,0.6773823243706052
d21b316e479f26baebedcd54179a20c540954b30,fingolimod,3,1,2,0.2757890240204732,0.330147345758992,0.3940636302205348
e6549d59bb4049e44c27e9f2ff6d50b87185d9b3,afatinib,4,2,2,0.215516546110531,0.135180403878993,0.6493030500104761
3380fae615a005227be2f6187084218ca5e681ee,keytruda,3,2,2,0.07354618074601169,0.1342656946467954,0.7921881246071929
5a56e505f20e1fd99d3c14310e3d11cfe5d097ad,alimta,4,2,2,0.1612565964685387,0.21283855792733566,0.6259048456041256
cc7efdecb76eff273efa5ebe12e9bc156d7af090,humira,2,2,2,0.17639202970576565,0.3123499120577193,0.511258058236515
179c84218396d8a50fe60912751659bb02668a0f,ocrevus,3,2,2,0.27109851551231745,0.2690299412914787,0.45987154319620377
24835921817b7c8f07b879bf86805b5ab070da5c,vitrectomy,4,2,2,0.2113145770298297,0.3811255933324027,0.40755982963776766
e84e33d9e60901c1109fd50073c76ebf3f30fbc6,tagrisso,4,2,2,0.1384845823030471,0.17083518550850763,0.6906802321884453
018dd818e3a2118b0de1784691238eafe35c04fe,stelara,1,0,0,0.42921142411395297,0.15356017080567194,0.41722840508037506
9503c06ebf63f35f543978d2dbfd3bcb46e003cd,ocrevus,2,2,2,0.33249078606741356,0.23074821647621,0.4367609974563765
340f21c3ba1cb5a6f8d0c97c1c3d499b8cbfefb8,humira,4,0,0,0.4970600421488075,0.3247463972733495,0.17819356057784302
b26fcc9a3a79f96a59d4472df6549f4febb0d32e,fingolimod,0,2,2,0.21530145522368663,0.11224114742080644,0.6724573973555069
dd40794667ef395a179402940409c20595e603d0,fingolimod,0,0,0,0.42388439091965946,0.20593575943615694,0.37017984964418366
aadc4edb9de511f07340a4e16dbb22563b97b01f,aubagio,1,2,2,0.39532961165457847,0.19510818349612583,0.4095622048492958
81556652a7765e2f381db8a07cd844e0cebcbb65,remicade,1,2,2,0.2782358673123645,0.18231159882628423,0.5394525338613513
add02355559403e6241f10b4d6e55ece4844869f,stelara,3,0,0,0.538887000329048,0.09584427692232682,0.3652687227486251
c87ad445671d77c57b1c313bdeccd0777969dfbb,opdivo,3,2,2,0.3635761582987234,0.11063655441605354,0.5257872872852231
eb85e47bd1cfced482cb35d9a42f7b4d8ad58067,entyvio,1,2,2,0.16241203022126124,0.1800580067380476,0.6575299630406912
5c34f502aec54005db65cc8d90cfdcf59ac325e8,ocrelizumab,2,2,2,0.4261842300778017,0.09706048455635644,0.4767552853658419
4df88c5dc998d438dae3b446f17b8d1041286089,tagrisso,4,2,2,0.201316235886578,0.37430265320377115,0.42438111090965086
89ec519680f5a6256146e5d0692b5b274ab2bb8c,ocrevus,3,2,2,0.2693706888456147,0.3133569575271117,0.4172723536272737
f26f6c7d56056d646c4438f9747a4548ae59b124,vitrectomy,1,2,2,0.20077836475011804,0.13779643105453004,0.661425204195352
a25d834b60a285eefab3b1c60016e203f3312aad,ocrevus,2,2,2,0.15392352873301607,0.36035876734997285,0.4857177039170112
080836bb8683e23070eabe74f2e7cec220ca8862,remicade,0,2,2,0.16764411971363138,0.18099968845248843,0.6513561918338802
bd453a7458650516e4c352e2fc0e260c14756685,tagrisso,2,1,2,0.20238482342829317,0.3383874374242868,0.45922773914742004
39e389361c6547ec57162e7c102851c94464ed7e,ocrelizumab,3,1,2,0.17412340511656088,0.315345623616826,0.5105309712666132
db7d4f4202824bc1a4fd95b4bf4bb40d869307d1,tagrisso,1,2,2,0.2481551116066241,0.16880235988023545,0.5830425285131404
fecbd8b79052d349db70945911997bd0e8cf4d01,ipilimumab,3,2,2,0.15642727826453912,0.10957002837049616,0.7340026933649647
f23b31f30e2c7c7dc3596ec0a696e31a03849f82,humira,2,2,2,0.31397933741379697,0.2550377387062669,0.43098292387993614
8b5a4538854cc35825f823dd166013a9244ab73c,ofatumumab,4,2,2,0.30683047139370656,0.1298149941898067,0.5633545344164866
2a8c91bd7a492f14f467157e931314964480a4c3,gilenya,0,1,1,0.3533213144452857,0.48742270358424644,0.15925598197046792
e6e33e4f5eed701907ab87097ad558eb14e9100e,ocrelizumab,4,2,2,0.3070740230232317,0.19657433291685691,0.49635164405991133
4b394fa1e9b91f11812f88bf2895c31c58bbe0dc,cladribine,2,0,2,0.32206829568105383,0.12458759970323616,0.5533441046157102
5f72826bfdeacc3031f3e6f10a3895058d916ccd,ocrelizumab,4,2,2,0.24102280475194415,0.23605478319551754,0.5229224120525383
2b7d48dd3c022b0736c0faf8404af8304516c46c,fingolimod,3,1,2,0.1529963048766076,0.4008209909991389,0.44618270412425354
4963fda4670069f1375ba448ebca6169da9f516a,ranibizumab,0,2,2,0.11525120207971025,0.11914206851005665,0.7656067294102331
55ef1b122be491bc08c717664bfe0f00798a34aa,fingolimod,4,2,2,0.2140400302411505,0.21828572339875293,0.5676742463600966
ad6d34da3a8936d3966b98e32142930e3445e0d7,pemetrexed,2,0,2,0.30005599017611484,0.11048907250759671,0.5894549373162884
9cf290d2fb8097d9eb0c42facb79bac5f019dd9c,eylea,1,2,2,0.24353310060223976,0.08736946276484937,0.6690974366329108
eb4417a8a705587530cbd5a31eb0e03274b00671,humira,3,2,2,0.13180234659045623,0.21747536523922498,0.6507222881703187
b6026df88f0cd5e563f1ae153bd47b783cea9335,entyvio,4,2,2,0.07075526829262213,0.11640673508900826,0.8128379966183695
abfc59ecd45fcd7df9623b235ce42517f0a7379e,fingolimod,4,2,2,0.07760539485116433,0.08845889436726294,0.8339357107815728
c4ab34edc6e83b1b57eecac2850791893e9e09f8,gilenya,1,2,0,0.40224908136015924,0.24294172401898714,0.3548091946208536
d884da9ea0cca37e555e8ce4ca4351f85f4a4a4a,tarceva,0,2,2,0.3213276374005929,0.10734467448001464,0.5713276881193924
0e3fa842b4722cae9a8f47f94ab5b3f999e45b83,ocrevus,2,2,2,0.4126093278298918,0.12250917419204493,0.46488149797806333
b43a254a3c8c7d95e83d02cc17e743c2b485bd0d,ocrevus,4,2,2,0.1811901137563333,0.17820859837900388,0.6406012878646629
b0135610749a020cc37b72707ca4487f292f6a09,alectinib,2,0,0,0.6674014519874625,0.15397598341744234,0.17862256459509512
23c5c8c069534afa38fbbe871f55da4e4a99d24b,cimzia,2,2,2,0.32741684641255153,0.17184477206537213,0.5007383815220763
57b888efb5537f1ed321123a843dd5f405ac2112,opdivo,0,2,2,0.19826339397863638,0.13758887211282722,0.6641477339085364
2a89c041932959deef539b99ecc62cf41e0a9f40,fingolimod,2,0,2,0.16480832732900413,0.31845686456520933,0.5167348081057865
af760a4926e71b18d061efb4ecc551d6d8575e4a,humira,0,2,2,0.1673425373415724,0.23762261998407513,0.5950348426743525
d2273958674b548994257236eaa9e6ed00668d57,fingolimod,0,2,2,0.13338475917762252,0.07828433433661731,0.7883309064857602
89e1c464f64390753b843cff446b1f38e8250ab2,cladribine,4,2,2,0.07285287540960418,0.07463035963551302,0.8525167649548827
07568783fb0edab2f80f878ed0c0b22353d4033e,gilenya,1,0,1,0.16986681198789996,0.7241132960689045,0.10601989194319554
32e87e14a3f1014a757ef6b7a3a9ea6694819e22,tarceva,1,2,2,0.2477963668704482,0.2634756994613231,0.4887279336682286
9c3e5a29868d9707de5bec5ba6f5bf98296ba7f7,keytruda,1,1,1,0.1996336566366268,0.554873574150711,0.24549276921266222
142b4e239135f075760843f1aa6dcdce760a3287,fingolimod,3,2,2,0.18736076243391092,0.08989445426534297,0.7227447833007462
ec7e61d829b3d09dbe999154c706abb902a6bcda,cladribine,1,2,2,0.09097924029111686,0.09201217577761314,0.8170085839312701
909c321e570be461971c00dc004572cdc9bbe374,tarceva,0,2,2,0.22556903929744027,0.13892011505075608,0.6355108456518036
600daa741e264b0b3cb595ea876a850fd0fdc5a9,ocrelizumab,3,2,2,0.39175503055624905,0.11390820029407264,0.49433676914967817
6cd28c19eb5f08b3356dca87c3485fb894cf2414,afatinib,3,2,2,0.22704657120049287,0.3568251287846305,0.41612830001487666
5c4cc6e68b6a1a0db604744d56c4e58c2cd75e05,cladribine,0,2,2,0.30396615455691284,0.33588078846414104,0.3601530569789462
95d6cee49011a2c407b03fad8c4d04b0d3551279,fingolimod,0,2,1,0.15714407880689893,0.43432415490377146,0.40853176628932975
ff6503d110f9c21d4fdd577b15eb4eaf7407b729,entyvio,4,1,2,0.2031300979203782,0.2415889850837553,0.5552809169958665
3e4dded6d9c4d761f5b460b88d977dd7c304fdcd,opdivo,2,1,2,0.3085414152068371,0.28321385957797124,0.4082447252151917
9bd1bada9125df5d13670ec715ac754a7d4616d8,cladribine,0,2,2,0.23278151496263885,0.1622428644418093,0.6049756205955519
f0884d404eb952326b7c1502bb526e46c5c022de,gilenya,2,1,1,0.12820384487537692,0.6515639277019789,0.22023222742264417
afad3f47927a19c8720b79227e896693b4253c7f,fingolimod,4,1,2,0.09561892325767776,0.3487532817167916,0.5556277950255306
07cf508006294e2bbcd528e349003840da888778,ocrevus,4,0,2,0.25230113506621404,0.1551247529850286,0.5925741119487573
ee919fef3a4b24a61d8248762c82246dc0f14936,fingolimod,4,1,1,0.1748693621567162,0.6699125695329018,0.15521806831038196
07a5eb599dca012af0f526f478bbae927ed3fcf9,gilenya,0,0,0,0.48110382452664113,0.26351875602554137,0.2553774194478175
bdbc55abdaf3f5c3f1fca68a23d4f71221663ab4,humira,1,2,2,0.2663316938500308,0.3211732280669501,0.4124950780830191
4677d68a126b04eab429c03b779f5dc11cdd1f13,ocrevus,0,1,2,0.1711368586655457,0.18259934527566307,0.6462637960587913
0e289e64bf4e6e859316c4af25de94380a6b864f,entyvio,1,2,2,0.33654064820836416,0.1047259685140053,0.5587333832776306
e7d6bd81353a5cb7adf9152bb2476ccf5cecda44,opdivo,0,2,2,0.12456620224114501,0.17313729880755882,0.7022964989512962
0638df2ef220930e6faeb9887ddad20225b1c514,gilenya,0,2,2,0.1956129561372193,0.35872928696280854,0.4456577568999721
7f5d57e3b59eb366a9879d9eae4ef6697dd6711c,entyvio,3,2,2,0.034327411808746586,0.10810513184196434,0.8575674563492892
7083d62b5ac7d1737f7c9cd02f55472c261c48fd,tarceva,3,2,2,0.12346943277113871,0.12494616620699919,0.7515844010218622
b1bc584cf40cfca43fd78883c140e934d6876071,erlotinib,1,2,2,0.3732159166595463,0.17960777702881148,0.4471763063116422
2c87ca8e5ac654e710f5355f5a2ae24446228593,xalkori,0,2,2,0.261801385921464,0.1904208048584695,0.5477778092200666
41f499edf0eee2382a37288238ec6e08add39bab,fingolimod,2,1,2,0.2110745645099938,0.3328970211481855,0.4560284143418208
c25937248833c5f21dc033d7714bb443cdbbdd4d,tagrisso,3,2,2,0.28134934414574514,0.20164498584173485,0.5170056700125201
7f859a34c5075879f4751e87a56efe6fefa86f2f,cladribine,1,2,2,0.12083456081683427,0.13804373587381033,0.7411217033093555
9527f337e769d9205e9290c70b806b0be33ecb38,gilenya,2,1,1,0.2829237668961393,0.4184425303206472,0.29863370278321355
3ede2a0aeb165c7b2283f9594cd0215fbe41b3e9,ocrevus,0,1,2,0.20964603451144517,0.3739568806249993,0.4163970848635555
77d4321ca3ac7123e15e362a428b571bc475e8e2,ocrevus,1,1,2,0.28717714380330794,0.3065587150371371,0.40626414115955495
90be60b245f2cab589e304fc9d9aecd12073fad5,durvalumab,2,2,2,0.09467632930828308,0.06132914431052019,0.8439945263811968
9cb5896f46a8e64c08eabd6637d8ce2c8ea853d9,fingolimod,3,2,2,0.23533332731683135,0.16446602220880677,0.6002006504743619
804b249f395e159525296d906b701fe4878f50a4,humira,0,2,2,0.17023514945841559,0.1354238818799653,0.6943409686616191
af7514c76294e39220eb8f858abe728c24ac6cd6,ocrelizumab,2,2,2,0.35607225590301106,0.14095738084972223,0.5029703632472667
81574a5747fd1b822726374110bb7891ededec80,ocrevus,3,2,2,0.25551802918896394,0.360980034518782,0.383501936292254
15bc4d526a637b7c8eaecf3273b0f968b15af376,crizotinib,1,2,2,0.17475689368980157,0.14161917695345239,0.683623929356746
d3c1ac4fc39d2fabdd2e393f400069e34b2a0b29,fingolimod,2,2,2,0.2843500399619909,0.22394343316684284,0.49170652687116634
c5435bdb4768e47f8a5d8cbcfab05626e7aeeee0,durvalumab,4,2,2,0.1667633286715428,0.16153466338398145,0.6717020079444758
bc1aaba9807059148a0fd6f61c50b1242c91cb10,ocrelizumab,3,2,2,0.23304709694751474,0.17614105639121272,0.5908118466612725
fab5d77591f3adfc6cc10d1a9e47a26544c11437,tysabri,2,2,2,0.3143661680659962,0.27834698733273494,0.40728684460126874
c58217de9565d16f4382cbd6c5816e159e4908d8,humira,4,2,2,0.19825009528621018,0.31651677001875617,0.4852331346950336
9ac8d84b4ff21984f63fa595507b900b7962c39a,xalkori,1,1,1,0.11341375259045207,0.5993964655121643,0.2871897818973836
d2a0abdbe1878f8b7a65fd812d7d831a29ff5b9b,tarceva,2,1,2,0.1706016235639722,0.3969633666765029,0.432435009759525
461a856cd75b74444450b782d9f0307110b4a216,movectro,0,2,2,0.3239356689194644,0.14660828065146259,0.5294560504290731
2d2ab1bd1b4ff8244616c004e4f977b2c4ec2dbe,ocrevus,2,1,1,0.16974277922756303,0.6741640932329686,0.15609312753946844
f3562996b4358451e907fde343008bed737f4e8e,alimta,1,2,2,0.13499837722144753,0.1633290804016602,0.7016725423768922
02bb912ac75e3ef91876eb2676ce6cf9f6dbf128,gilenya,4,0,0,0.591493297035374,0.23231660296898796,0.17619009999563803
5ab1bb988f316d2d6bd25f570f325f0ec0356d30,gilenya,4,2,2,0.3605710104266947,0.17681297910861,0.4626160104646954
c4365e495fda50ee0dd544f3c77c74273beb1aea,humira,0,0,2,0.3935554512195399,0.17883195491017553,0.4276125938702845
6c3f24062e6577f93e90427f6ab14609fef82db1,remicade,1,2,2,0.2068176909763595,0.34264816535289033,0.4505341436707501
db97e950e5437248168fd91269f2336b19aa3dea,alimta,3,2,2,0.17241480522627078,0.13207632731459537,0.6955088674591338
d9f7ebf1be9be1fb9cff251ec2d3b355a719caef,gilenya,3,1,1,0.35200369851286933,0.41046751743182336,0.23752878405530733
7eb5cd0a8fccf78ba842a56050c48295d852caeb,ocrevus,3,2,2,0.11587762165860364,0.14387302535375518,0.7402493529876412
8ba036aeb1f31a53c533efeb5ca7e30656993184,avastin,4,2,2,0.06843917555962022,0.18015269656259789,0.7514081278777819
79944f0dc77aeb03797cad6e64e18a51f530b19d,ocrelizumab,2,2,2,0.2568305746314834,0.35325506765646725,0.3899143577120494
0b9214e1445519527802ff342ab78bbe22052d17,keytruda,0,2,2,0.2160023247801577,0.13917100049935885,0.6448266747204835
319a5361da79bc1b42a301ed1a77849297dc1b6c,ocrevus,0,0,0,0.525638696656724,0.24371569985960528,0.2306456034836706
0271d8730830719303dd0f3d3c0fd94409b66c84,ocrevus,4,2,2,0.2969012190019009,0.1632068345178849,0.5398919464802142
c5048649a7f612970027309e50a60536a4a67751,humira,4,1,1,0.2397400287874268,0.5428541231127143,0.21740584809985886
7f5e5eddccbd99a59189d1c088cc9c96e93fdf09,tarceva,2,2,2,0.14657295193095599,0.35960268617289187,0.49382436189615214
0745deca6156da45317f589ad0b4089d5d26eeb4,opdivo,4,2,2,0.23918162653093133,0.20893848955942332,0.5518798839096454
14d0f0ef8d8641d1d1f0999bc55859d5e026f2e0,ocrevus,3,0,2,0.3706758333029045,0.17672876954849834,0.45259539714859714
6b6ff5190767bef38cca1c8e1f3a6693ed7cc615,ocrelizumab,4,1,2,0.1876918318389458,0.26965355288155746,0.5426546152794968
07210fc6f53fd2c9ba6c8643482a2dee48aa4b28,alimta,3,2,2,0.09113086027665343,0.22962722611533798,0.6792419136080086
6a584c31bc0887210ffcff8c6981aee0d9d6bf74,entyvio,2,1,1,0.13552330402637575,0.43500217069988295,0.42947452527374125
06758ec2d3d9c4c5943234bd57786c126b71bd76,entyvio,4,1,1,0.1356427592759852,0.43474603792729677,0.42961120279671794
7344bfebf70497a1f22514c0487de143e915d297,remicade,3,2,2,0.19350104758674416,0.39728728068423097,0.4092116717290249
e834990a92376ccd2c0535408b772571f7b05fb7,gilenya,3,2,2,0.34359227285078664,0.28973973213917853,0.3666679950100349
2087976a2e8d6fb6a1def5977b6ec629e8528b67,tarceva,3,2,0,0.4172854407263707,0.20959998397017535,0.3731145753034539
ddcdaefbfd6f80c8d30855a6c74cf606064bae9a,stelara,0,0,2,0.34160938818141046,0.17345012515955874,0.48494048665903067
1edeadd7478292b964ce6807b2314579698d60ff,entyvio,3,2,2,0.21457417714168445,0.11991222754367246,0.665513595314643
20207837ab6142711bd2ff8a5dcbee662c26a6e9,ocrevus,4,2,2,0.31242931894724857,0.2771511604216893,0.4104195206310622
78176d1d7b6f63c402cc74a2dea3406b37a4cd01,ocrelizumab,0,2,2,0.21142496684139223,0.3290294427272406,0.45954559043136717
88253830698900d103cda067ad78efdf368cca42,ocrelizumab,2,2,2,0.14028415655543924,0.16925082767714453,0.6904650157674161
78e0bd22341c8864357b1f2d15af099aca1f91f4,entyvio,1,2,2,0.13699472050551825,0.2204484603491865,0.6425568191452952
932288992dd1e82187c44e1d208c34df468be873,cladribine,4,2,1,0.23288243530126304,0.39665936251767153,0.3704582021810655
c8c9ae8abbe651eaa967b92ae4bcff87240555d8,vitrectomy,3,2,2,0.17246014811070606,0.1693022847010196,0.6582375671882743
72f6a8ed322da1161dcc79cd6e1b9c382b44b3d9,keytruda,0,2,2,0.2286105205327523,0.18524832170600622,0.5861411577612414
4a003d5ce56035fadd32d87714477d7171f1f48d,remicade,2,1,2,0.3213804875335109,0.27402362428202776,0.4045958881844613
0cabf930a82853d365247b20a1527366f12c24f8,remicade,2,2,2,0.10357100347408638,0.10408217156777022,0.7923468249581433
11d3bd0c038b32ef4938179771630411feac47e8,tagrisso,0,2,2,0.1589384337874699,0.05712495845751353,0.7839366077550166
9da39236723e9407a9a5c412c1f6aff27f072bb6,gilenya,3,0,1,0.24128326658051086,0.41214013273759853,0.3465766006818906
9346a09ed380ed91c353954151cad4b4ea165ef0,alectinib,3,1,1,0.245879509988685,0.43843642929126353,0.31568406072005134
80730405cf58d5002e038f68a8ba9bc6687c7ab6,gilenya,1,1,1,0.07109254753931292,0.6670769452276558,0.2618305072330313
93f4bbcdaa6c6ae3f1bf820c72d2a5574b4028d5,cladribine,2,2,1,0.3085489759740166,0.4009263025716591,0.29052472145432423
f136c6ed4af78235f0fc575126e476d5931e3875,ocrevus,3,2,2,0.291323419182251,0.29427413597068836,0.41440244484706057
094a5236a6b67ddc1f1f11a978e6208acec8537b,fingolimod,2,2,0,0.3556220534015532,0.32124650873408334,0.3231314378643634
aa05148ac9e67705ea591b3269efd61c0656e9b8,ipilimumab,4,2,2,0.1978838109143454,0.10160681325513203,0.7005093758305226
c83424d1e99397ae7097ea8d124723a293a8a28a,gilenya,3,1,1,0.2670462127440561,0.36924143408427623,0.3637123531716677
ab4524d36e0bfd080a0880cdd27f4efcf3a6fda7,entyvio,1,2,2,0.12357315082391618,0.2091959388943111,0.6672309102817727
82dcef99f92a6948b7eba91fd98fc013dc7a7e59,remicade,0,2,2,0.08304740905042628,0.11754284427231478,0.7994097466772591
263915e1e3707343c3b133d58698f04e48307e90,ocrevus,1,1,1,0.30026402499854754,0.37683745737570024,0.32289851762575233
66a8fba6c95abf072d5202becb3ee52cca3e772a,tarceva,1,2,2,0.05599639743453062,0.08332232498812131,0.8606812775773481
65c6cb87d9726803119773292a382b1d66351867,remicade,3,1,2,0.23786036776526398,0.33128802538530494,0.4308516068494311
e6df06c65667400bedf7d753c024db7d357e8865,gilenya,1,1,1,0.13946098145696018,0.7023193766774888,0.15821964186555107
057bee2db99d7e8fa45e6479ab0af1a3dda415d7,gilenya,2,2,2,0.11164941370904392,0.33798991505193526,0.5503606712390209
cbdfc00ab0edf70b51917a686a5638f66b35abad,ocrelizumab,4,0,0,0.6001473584092927,0.1436500214094318,0.2562026201812756
ed1ceb46a7eab11b9be5777724d27601d4a61fb7,gilenya,1,2,2,0.24526543843996187,0.28571864029650973,0.4690159212635283
cecaf2414252b564432bf4e3339512f3f0ba9169,ocrelizumab,3,2,0,0.5906120526930575,0.12286011201177695,0.28652783529516546
e3223207a4664b2c9baa3be7b094c21a570b0683,tagrisso,1,2,2,0.23206940929833364,0.2306743712919828,0.5372562194096836
f11a0fc58c446d4d77e54fdc835c6cef027d682e,ocrelizumab,0,2,2,0.3391058747451051,0.16674882107799663,0.4941453041768982
853c5a69527c5fb6c212bf609232263f64cdbf7b,ocrevus,0,2,1,0.18232801087483416,0.44475832487315475,0.37291366425201117
17eeda03f1e78dec5500f754b1578928377e986d,tysabri,4,1,1,0.18724836365185743,0.6320620049631324,0.18068963138501012
633517838e15787460be3e28c2f31983fea2a5e6,remicade,3,2,2,0.05560426322481034,0.10085691782158861,0.843538818953601
a7bc42816ba7807a9b3bcd02304fdd1d0c3d6582,remicade,0,2,2,0.08549149117162409,0.1559305909673449,0.7585779178610309
cd501a35d73d09ee328aded6e677b82fd3b70d12,entyvio,3,2,2,0.17344692682247484,0.1143805573512402,0.7121725158262848
b3a3fa0b45d5925257f9c9bcedfd5f32eb2edfc0,tysabri,3,2,2,0.2625620524153379,0.20167635978332316,0.5357615878013389
65442bf7fb7db8d19e5a58a5cfd02577ba07cd9f,ocrevus,1,2,2,0.3147703256795003,0.2618540166335845,0.42337565768691515
90ba65f27750004e874e94de055e8966e367ef59,entyvio,4,2,2,0.086503545954369,0.177982418655432,0.735514035390199
994a8a4797bbc875ad9943d808f671e41c4f2346,cimzia,4,2,2,0.08102717198074966,0.13287572342213727,0.7860971045971131
e9309f70764c29514cdffd531628c5b34819e9ff,fingolimod,4,1,1,0.12320644431495979,0.45497007656795346,0.4218234791170866
a8ab6994431fbd8ea3b8b2d9b8658d2628496c3a,lucentis,2,1,1,0.33873498570264365,0.41204422562706144,0.24922078867029485
dfb64a0ffbcb98af9a0a29165f7cddc9c3a00782,avastin,1,2,2,0.1048570205533374,0.1066563063973529,0.7884866730493096
34e91bb3c88ac55a958f97b548237c471d41b6dc,lucentis,3,2,2,0.16786037701195877,0.20644675821576108,0.6256928647722801
a5568fede7234402436bbd7d64f6656f4a76d4b8,gilenya,3,1,1,0.30122669534784896,0.5193178057323536,0.17945549891979742
f3d329a0497b9c9a2902bdb994dd5374ea716479,ocrelizumab,1,2,2,0.13740904902653692,0.16941393955757955,0.6931770114158835
d1f407df24f178c253c8e067e028fdd0882b3102,tagrisso,0,2,2,0.13510506491688298,0.17047321786782776,0.6944217172152893
11d9d04cc3bbd606f33bf432b3f63b2826dd2911,opdivo,3,2,1,0.1514766920685406,0.6336632178397743,0.21486009009168494
fa3f67ad6bb7a44cda2e2fe132a157c7e84b29a9,tysabri,2,2,2,0.17418638746655327,0.3460532109568438,0.4797604015766029
fd7e21d22eb0cf0f86b712c4e9048985850635c6,lemtrada,4,1,2,0.24202132521099012,0.35819294038096067,0.39978573440804915
b8ab8d7c474ae4056756d123907a9ddbf09fb515,gilenya,2,1,2,0.22138407410882804,0.3814432933804643,0.39717263251070767
80cb438f32822875bb454a618abe12d863a079a9,opdivo,3,0,2,0.38640568434206723,0.1677413446921885,0.4458529709657442
95dbc31b3d276a3e12e7958c4d98844d94bd5c08,gilenya,0,0,1,0.2989469275014957,0.44888482366090315,0.25216824883760125
ea6fb25f84ed0122f8a42db17ef7b7efafd8c0fd,entyvio,0,1,2,0.2091444831527508,0.3887878409316031,0.4020676759156461
d7e7528a0490aaf0dfdfd89867c30bcb0ede9f89,stelara,4,2,2,0.3311272712784588,0.2638818099715175,0.40499091875002374
7849e3213e752a8861e789a5b12869e9fedd4848,tarceva,0,2,2,0.1949621238048271,0.3123734399277323,0.4926644362674406
b56b4920c123e0e995c0afc2d6d4b3305d4278d1,nivolumab,0,2,2,0.2880366266428698,0.12691365925782822,0.5850497140993021
4bb2f6fa142fb3f40b78e2d7df8d9d1a665dfd24,ocrevus,2,1,1,0.33053202837086126,0.34910391826868875,0.3203640533604499
f4d34e3e3cf6188caf32db85bd3308eefe8435f1,ocrelizumab,1,2,1,0.26686356239234515,0.4400929502242183,0.2930434873834366
a724d59fbca4f4369aaaab56b121c3ae828aa15e,remicade,2,2,2,0.14496120956549738,0.1547763007029436,0.700262489731559
7ecd21cbde8b5794e3054ec75ce89c42a606e39b,vedolizumab,4,1,2,0.06838194067011244,0.14334306879386963,0.7882749905360179
b7ed5f5413e49b3358d692e69805504efd90c7d7,entyvio,2,2,2,0.14452064969825218,0.37827098210375637,0.4772083681979915
04c1d75c3621be65b574d042058170137d6cd461,ocrevus,3,2,0,0.3857314477565271,0.22932195352177798,0.38494659872169484
4be9d4a006e7fd02dc31655fe31f03cd58d9ed15,gilenya,4,2,2,0.1453256559435175,0.2288484858927136,0.6258258581637689
d0e555ce4a84fd223ad080746d02143d589c4a54,ustekinumab,3,1,2,0.13637058672853672,0.22743539742909002,0.6361940158423733
15cd29009955f81a2eb7704604299bad62b710e0,siponimod,0,0,2,0.3628290706875827,0.20966407649710161,0.4275068528153157
26a9b1201b0c3274596e13735e7ab2145e9055eb,tofacitinib,1,2,2,0.417479589392137,0.11332038795641539,0.4692000226514475
4c5199a2bf6cb060902255fbb72a532652326d3b,ocrelizumab,0,2,2,0.14119791501244858,0.28282213198018935,0.5759799530073622
c9ba12dfaa5143bad69fe2786651c45ff6dcbb22,ocrelizumab,4,0,2,0.3316419462188846,0.25250145125765217,0.4158566025234632
cf2f071a9c8ffde70421b112ba816399f8d159eb,ocrelizumab,3,2,2,0.2972936057515237,0.2278090283476217,0.4748973659008546
a295c64e2376b58c65d95acbddfc77a9fec1033a,keytruda,1,2,2,0.13761856760863272,0.2361737939719453,0.6262076384194221
c2fa1010bccee6235f1e8aee624a03fd07688c7c,ocrelizumab,0,1,2,0.3452426947159406,0.21285362047031092,0.4419036848137486
3e4305ad78ce397d68aefd110e04b342a9f75fab,stelara,0,2,2,0.15850178900053669,0.30735017609037424,0.5341480349090891
bb3ba50031a819169d649e8e48114deed79625ee,keytruda,3,2,2,0.08685876034275497,0.06706975059565083,0.8460714890615942
2bbb7b7554fc8014f9def6ad7e046a7c2f3a3a34,ustekinumab,3,0,2,0.3648887817943038,0.19956234611113735,0.43554887209455884
4ff125eb7cea7aa5abea8701b6037571877cbd10,ocrevus,4,0,2,0.2940817233528636,0.23248100803139837,0.47343726861573815
c15e10f229da80804debf8e1c2ea63d05bbe4a32,remicade,0,2,2,0.22847593237139366,0.1334688209623435,0.6380552466662628
c5e2e23c2670867a6793567068a091a4102de1eb,fingolimod,3,1,2,0.2417483766942989,0.3225298852362989,0.43572173806940223
62ab2bd211652dad4fb4a358957a8998a6675faa,entyvio,3,2,2,0.2966990409036765,0.23493159564123536,0.4683693634550882
6a16c51a7b3d02d894ff1b7182a0da46471b22c9,ocrevus,4,2,2,0.25204413753429206,0.2251937389908309,0.522762123474877
411a388f62d44fbad10ab91dbfcbc6d36d59c14c,ocrevus,3,0,0,0.5436631015916071,0.1943248992085679,0.26201199919982504
892f9a9a5618259a58c426bfb02090527aa86fac,ocrelizumab,0,2,1,0.3140439950622389,0.35368313861670925,0.33227286632105196
b75eff5db65206e99075edaab5787e43239d524b,alecensa,2,2,1,0.27122372151272944,0.3685524293655582,0.36022384912171224
4ed81d250478217778f597d921db20545a5fab41,cladribine,0,2,2,0.3365871344306421,0.15382148678072294,0.509591378788635
2bf2003c4320beed99aa0906e1353e493607c051,vitrectomy,1,2,2,0.23893425846733582,0.1387981317059549,0.6222676098267093
b2394f769fda813074a4196cacbc707457ab4e15,opdivo,2,2,0,0.438593896384068,0.1689109392559098,0.3924951643600222
f073bf205c1ad1c5266de67ecc698448a8adea4d,entyvio,1,1,2,0.19376907539896776,0.25282701218544085,0.5534039124155914
eea4706889a3351b23ae66cc177316ddcfdebccd,remsima,4,2,2,0.16443826630812447,0.09613700053188455,0.739424733159991
c809c433d590ca3ada4cd62568ce1b27499fffef,tagrisso,2,2,2,0.08786847000766772,0.08388526694981975,0.8282462630425126
f796fac24d422d7347e57f786f7cc186c99b0f77,ocrelizumab,3,0,2,0.07742582459751102,0.13364017006953965,0.7889340053329494
320c4d4a697192bcb09d6b3043a0a40a9fb8cf49,imfinzi,3,2,2,0.18261417008066413,0.17430885526242385,0.6430769746569119
f6fd54dd27966ac50af43fd2367c4ac82cbe6bc8,eylea,0,2,2,0.22368730505982082,0.20527788516272308,0.571034809777456
5d197f912b396fe0fb61a9f8095c581dc22786fd,alimta,0,2,0,0.4665049822298341,0.15611625901500426,0.3773787587551616
2f56428887f23d10450b195f60095818b1166e51,stelara,3,2,2,0.2418696385376107,0.15387700671618873,0.6042533547462005
bafcd0188907817d99daf8e584b60b63fb24b9e5,gilenya,4,2,2,0.33380748894398565,0.295573377298974,0.37061913375704036
4dfb9ff79637a6acba890fa536646161ab3baaae,fingolimod,2,2,1,0.21816238864246215,0.440046977486423,0.34179063387111475
3353015a95ba4cfbabea9c108566b45667a1203c,remicade,2,1,1,0.21079868897165624,0.44184041021426645,0.34736090081407733
e9bdb46b8b6ce92230c406de47e657ac3e80ba64,tarceva,3,2,2,0.1288844226563916,0.24133239869261408,0.6297831786509943
e57c9630355944a10608811c364ed173af6d8a5f,keytruda,1,2,2,0.13119991365991102,0.15661560041746322,0.7121844859226258
4d350d9f409501c5ce2273c9eb3be4c8ada2c424,ocrelizumab,2,2,2,0.2144512185761055,0.19094864191755664,0.5946001395063378
f018161bb8242965fcea51f94e6ea6d046634444,tagrisso,1,2,2,0.160659843188459,0.13726428272713168,0.7020758740844094
9bee61617431d3a288a7b6c6d451eaf9ed508aa5,ocrevus,3,2,0,0.5118132360632965,0.21571801742826585,0.27246874650843766
4c9bf0b30d5fb3dd41454474a00072bc2c5284fa,cladribine,4,2,2,0.272113324809701,0.31549061928715,0.412396055903149
b1b4a93c78dc64babf1ed1cc26c78583bb5513c0,entyvio,3,2,2,0.08501998720552413,0.13996472383778433,0.7750152889566916
5f6b98dbc814727efe90be97fb295df15c402b29,stelara,4,1,1,0.21279434728167593,0.39761183487873386,0.38959381783959013
fc0d1886bbd8bd1f87b5a0989c3bb03ddc7c0b44,gilenya,0,1,1,0.30935939810797664,0.37796879752298024,0.3126718043690432
c80e52d9000b68eb0feb5b3eedef9fe0055f0d0b,keytruda,0,0,0,0.5056263869133969,0.19407164365440221,0.3003019694322009
0e6ffe6b74260ea52e580851c856c4a38d7ad212,cladribine,2,2,2,0.12276087727000755,0.08055302376168619,0.7966860989683062
1c43804b2263c8f7dd0d08b850614b95caae927b,gilenya,4,1,1,0.16188431415775653,0.5147817060470914,0.32333397979515205
7632fae9f8d4beff9618a95b0050ca291238be49,nivolumab,4,0,2,0.3002736935385515,0.29701237061956154,0.402713935841887
695087f1462f7c07ab23f27cff40534e5501e0ff,ocrelizumab,1,2,1,0.23576769163151062,0.4014056271623966,0.36282668120609285
04dc225d1f7a42ee069330ff32346e1d095a44b4,humira,4,2,2,0.12101904703005306,0.1371689855517259,0.741811967418221
af81e7b3d73c398293ce8d363a0b986f998f6513,pemetrexed,1,2,2,0.15859986664799555,0.07818165048338327,0.7632184828686212
b7ee8991faf36ef886a8d399716e97b68a995eca,entyvio,4,1,0,0.43943554112303834,0.3291466047950737,0.23141785408188803
20bf0873a730336db54199689605645c5f2dc6c3,ocrelizumab,1,2,0,0.4051929767745973,0.28199563189058474,0.3128113913348181
d533c15d0340ced616713ce4fde57c6e9ee946d4,gilenya,4,2,2,0.08365485631545261,0.08680311323869777,0.8295420304458495
fe6db8cd7bc1102d9006f9c60ccd284db6a14cc9,crizotinib,4,2,2,0.09735339233681528,0.20215404868123918,0.7004925589819456
0d253f45ffae95f53818d96199400ad5f9e5e704,ocrevus,1,2,2,0.34797704416391895,0.2552104430096615,0.3968125128264196
884c97bfe25fa989d57bb52f4c6f7ec17d932b72,ocrevus,1,2,0,0.5283561096447319,0.19214849127254297,0.2794953990827251
99d4513418141fabdfca4254802745d43e007c80,gilenya,3,1,1,0.2236111423010571,0.6778927065462185,0.09849615115272442
502857d2a96a4ae29e7745d5b5c529ab6460a432,ocrevus,3,2,2,0.15314252349882507,0.2293447532776121,0.6175127232235628
0ec57e5553f4c86927be4699ba82be9c6313d3d4,gilenya,2,2,2,0.12419354550851569,0.11349733677328974,0.7623091177181945
be67815ad64b6801e53ffe249b4ce4d04d532343,humira,4,1,2,0.14996472638931468,0.2513687992592766,0.5986664743514087
25615e446dd398d9006304bc740f732678d6c1c6,tofacitinib,4,2,2,0.32624586823677204,0.14962941362287846,0.5241247181403494
b1b6a71a96a3bdc8c16d8cb5712f8d745baaa33b,ocrevus,2,2,2,0.16002865851785344,0.21665634044364152,0.623315001038505
e1e5fcad6965520fc7ea3c71dbe184749db13a52,ocrelizumab,1,2,2,0.30799494931691646,0.28986858633922863,0.4021364643438549
b46c5cc4d962e130422de67379f50a3b24091a46,ocrevus,4,2,2,0.25245044362389757,0.3348395400990354,0.41271001627706716
cac07c092eca9044f50651618d1e48a06267fb4c,gilenya,0,2,0,0.3957995332577293,0.3423900828336682,0.2618103839086025
bbe0a27b2aea6539422c3bc325391c6de279c8f7,pemetrexed,1,2,2,0.22388450167289875,0.1988037702600659,0.5773117280670353
d0e553ced1b8165d9eff7e41fbfa3dcf10a4f7a1,fingolimod,1,2,2,0.14821356281360637,0.2804285626255047,0.571357874560889
6f2de7070fcfb7a678c50c37e742fd79c8490f28,vitrectomy,3,2,2,0.15706839606361617,0.12169343671671946,0.7212381672196645
bba0b70ec6de26f139329896dec45e2b317c46c2,ocrelizumab,3,2,2,0.21734147148199504,0.09737511732342904,0.685283411194576
dcd29f5bf4df2068a0c5d9182159e228cf7e7d80,alimta,0,2,1,0.1693230915458539,0.5240574251333135,0.3066194833208326
cf73c028fac1d50d29450fe16437839d9287a6d6,remicade,1,2,2,0.08856042238962536,0.21498053759586633,0.6964590400145083
901ce19eecbc25e0247aec7038bcb556fab162c1,tarceva,3,1,2,0.24956502055909285,0.28784818062279444,0.4625867988181127
2fc2107aa43d2deb1712880104f8801d6914bf4d,ocrelizumab,2,0,0,0.47021197470529874,0.19555426345047897,0.3342337618442223
e777487dc0a07dd54c6a1b829dac444f60f79098,opdivo,4,2,2,0.2901116961977109,0.15662477148503406,0.5532635323172551
a24ebdf895c1ac87c8f38472020fa8b6f51d4b28,keytruda,2,2,2,0.26408357079835487,0.16527953802803486,0.5706368911736104
6b349238bc5fecd9ee5f4f0ff38c39914869aa31,stelara,1,2,2,0.07339485739441345,0.056972023441036655,0.8696331191645499
5587828309ee83000ef705884fa18850b96e942e,humira,4,2,2,0.08756005385125992,0.20407853480080243,0.7083614113479377
46a0fd247cbb5826437243069f549c5a5e34cefd,remicade,0,2,2,0.1267735079899232,0.2870526025716863,0.5861738894383904
d4d40cc0e184a66281726e65436c277158310382,vedolizumab,4,0,2,0.30127057487828834,0.27589248678556333,0.4228369383361484
841b235b0975c5216fdd487c7b910594101d20a1,ocrevus,1,2,2,0.2850745809523918,0.22876968719556037,0.48615573185204775
0a8cdf410a9e243be794945aced43a66c380827f,stelara,1,2,2,0.1499846201703529,0.18084136668109893,0.6691740131485482
429a6ed8e4dcafe3c3a0c8bc61f7a72ba694c6d6,siponimod,0,2,1,0.27225858822488114,0.49053072473585985,0.23721068703925893
f6b60a19c4694adcc73b374ce6243a74a0aab12d,alectinib,3,2,2,0.35305694903198054,0.2429344844074786,0.40400856656054096
ca79e6d26ce1f2e885851e8d79d1fd248f5250a6,tecentriq,0,2,2,0.22909492748453283,0.1600246269022579,0.6108804456132093
1d0028a39af0b09a35aaf863bd4b97fb77e505ce,ocrelizumab,4,2,2,0.20319254757836522,0.13315404624176091,0.6636534061798739
28fe724815b1b75d14c38339c031241ae0765f0e,alectinib,4,2,2,0.3811951725657243,0.17673329414805924,0.4420715332862164
86664b630ce2efa2b9b40ff15379d998c0796067,stelara,1,2,2,0.10553014577742353,0.06740959185603035,0.8270602623665461
c8da7e0049513130d9f102aaefe6b5f006f08453,tagrisso,3,2,2,0.18715690677896624,0.17141410273089025,0.6414289904901435
d7e7d2e8ad9bdb404788bacd63b5f262dc981440,keytruda,2,0,0,0.3895402384684405,0.30283085236381085,0.3076289091677486
48e66d7cf0a2edc97ca27cbbdbf959d2158939ad,ocrelizumab,3,2,2,0.3879900997331071,0.19535009622451063,0.41665980404238223
5e5d2c7fe9ff002c7a44cf8e54414096290906e1,ocrevus,2,2,2,0.2665574066608643,0.2072825626578865,0.5261600306812492
cdfbb199cd14118442fd48d5fa3ab805f7114be4,humira,1,2,1,0.22720862848881393,0.45070235849738743,0.32208901301379855
b44c2dad8e0ea352d56749f00124d3b82c6d721e,opdivo,2,2,0,0.4501058812294349,0.13410048146290401,0.4157936373076611
035289cdc8bb02413d7f2be4e26f44128834b3dc,cimzia,3,2,2,0.10606038869736183,0.1367840066298774,0.7571556046727608
fe38360e7325fbcaa1a355497b39a94a1d034449,alectinib,0,2,0,0.6098882707217179,0.14047843304792293,0.24963329623035904
88f095732105070ec6749884a1c61bfd62f5fa26,golimumab,3,2,2,0.09596272859405161,0.15195241233275167,0.7520848590731968
42d63a9bebedda6642a751f794f9ca3b0af037e3,remicade,3,2,2,0.1669719742894886,0.1498407755355045,0.6831872501750069
1fcf06946e9464b5b8694680b9ad7482b22aadec,gilenya,3,2,2,0.06299930874449108,0.20083236486755787,0.736168326387951
e496abac9dfaac767c064745fa33dd414270a452,ocrevus,0,2,2,0.1646447036589095,0.24620635451499043,0.5891489418261
ab5e6ddab368f45ae4fd076970abdf3813adcb7b,tarceva,2,2,2,0.2987832469740045,0.27418464207845694,0.4270321109475385
412bc53312a5f37ec0f6130901dff2804a866ae5,gilenya,2,2,2,0.2829457197212775,0.2864977302697109,0.4305565500090116
ee282f61362a1f7ed80d0ae1045a4ff8d27f485a,keytruda,2,2,2,0.0758026835405594,0.08542964888193892,0.8387676675775018
0fae60e59af1702fdc734f25a78c71334299f58c,entyvio,4,2,2,0.1465312678608441,0.0928992883724896,0.7605694437666662
62d4f703af4b0d57391f66ca71886a787dd357a4,humira,1,2,2,0.0859063992228629,0.400864660539689,0.5132289402374481
c8af9ae646834ce819276b144e00f1ac5185f99c,vitrectomy,4,2,2,0.24735500617977,0.07088633191777527,0.6817586619024547
fd56d08ca5032412f5a9f57eee41e2d4547b79cd,gilenya,4,2,1,0.2043419281325888,0.6472562926143746,0.14840177925303677
8edb1558fe948759ac7173d12fed4e7ff1b369bd,alecensa,3,0,0,0.43156675951932066,0.17857326346474087,0.38985997701593855
c987fec9f4006148bb09880edbfe4f32a3a38f25,fingolimod,4,2,2,0.127602290645604,0.2556189525671723,0.6167787567872237
c761c8f4de26169375622b41ccbe862817418c18,gilenya,1,2,2,0.1837134290409855,0.24364116169029087,0.5726454092687236
1e4c9430b0ab2b5135badd334e50388669f9f0b9,ocrevus,2,1,1,0.38877331668777343,0.4381936960672083,0.17303298724501834
165adec1fdcba22db1dbb65cd06f1745c88b5f72,fingolimod,0,2,2,0.1950859337869373,0.2167996480534281,0.5881144181596346
76a468d4192d940e8870c44540a19eee51295d27,gilenya,2,2,1,0.21981764486677025,0.4954884439637285,0.2846939111695011
9c4986603dd465cacc3b6c84b7edafe3860b2628,gilenya,0,0,0,0.4384881728536849,0.328716211090028,0.232795616056287
5e5a5291f0b9125666358f58072130e3bafe436b,gilenya,1,1,1,0.19266460444084035,0.5256960950181867,0.2816393005409729
e7e8edad6678a3a60a0f3a5110c35d7cefeae428,entyvio,1,2,2,0.17709336384741825,0.4004769858689636,0.4224296502836181
0cf018d378fa318e35505ebe1ce37af55d52ddd9,keytruda,2,2,2,0.3062085063941375,0.24004274716117976,0.45374874644468277
7d1a9f0ead7f87829802666cdbf4901005ec76a9,ocrevus,4,2,1,0.23520161337877007,0.40544404262920314,0.3593543439920268
8a23ee6a3f01970e1628c68c1b2bd85c730f93dd,lemtrada,1,2,2,0.21264245968756457,0.3880703211857749,0.3992872191266606
126e8b20513dc7b63c388f0ca4f39931077144f6,ocrevus,2,0,0,0.6315675039374531,0.15381721086052857,0.21461528520201834
9b6c05ef6d6f0475e5731103ac1f99fb13f022ca,keytruda,0,2,2,0.3167688255799306,0.15422744702034097,0.5290037273997285
243099c24ceec820cbffbcbde15bd6f556c5ecb3,nivolumab,1,2,2,0.13044970833147043,0.12830525030608964,0.7412450413624398
145a343fcc38734a8f148e4206d8d582b6ed41ea,humira,2,2,2,0.17249791809669882,0.21839909878598265,0.6091029831173185
3d5a36b8e60dccea00b69ffdae834c53c9b6c2f6,osimertinib,1,2,2,0.13092596361595119,0.11679711182847094,0.7522769245555779
99d1da4c910d8723e315d80ac35b4e8b619c921b,entyvio,0,1,2,0.15465785009078106,0.41096110445604966,0.4343810454531693
733ce26fe43717b902a16e1e5f5f531a4c7d30d7,necitumumab,4,2,2,0.21109293797581677,0.10113187262539028,0.687775189398793
89b3ec03f6ed3cda35101c7f9dcd598671d56734,gilenya,2,0,2,0.13146499277497345,0.2826533762185162,0.5858816310065104
d03393bdd77cf4a4cb225705fcd2252fa1f40f38,tarceva,1,1,1,0.22254490188371576,0.46308265417920863,0.31437244393707575
a3294efe00877a82c46874a91118834749918897,tagrisso,2,1,1,0.20812376125282336,0.5052253797715305,0.2866508589756462
f05b50c7bf82679c0035a4a22a9bc8b97bf48273,ocrelizumab,1,0,0,0.46366559148652536,0.22811996728701722,0.3082144412264574
7b62250e4f8bee88ac73bda2a3de1cbde3b3b41b,ocrelizumab,4,2,2,0.1800885861240744,0.11736834500323819,0.7025430688726875
7fbb9d93307cd417109200a8af769cd02bfb7cf6,remicade,2,1,1,0.06942708200218341,0.5918748637367447,0.33869805426107186
0143fe0c21d4299933fc01a3f99e796a24ad5feb,humira,1,2,2,0.12529402823719488,0.08825454735550621,0.786451424407299
e9645dc06d42880a1e78dc5e91ffe8c846bcede5,simponi,4,2,2,0.06732764694825862,0.24518658441060187,0.6874857686411395
e3f127f437b1a36b0d3b9cbbe4f35c1ef6ebbccc,ocrevus,1,2,2,0.1752735882112504,0.23342707249145977,0.59129933929729
29225e21320d75c0a3aa620e0eb2775199698aec,cladribine,1,0,0,0.4504243877124014,0.2314531301988876,0.31812248208871086
8045521fb85f42816ba50ba188f184e8cd0767c9,ocrelizumab,1,2,0,0.599193884057369,0.22949263504535672,0.17131348089727425
9c925cb3bde5c04b335cc9245c03a9eba14a5ab0,crizotinib,1,2,2,0.33603893253829736,0.11788351347851954,0.5460775539831831
b99a49c40817bdd9ce75c0b319837485e51cda5e,aubagio,3,2,2,0.09981970057901828,0.1558755628594741,0.7443047365615076
d8a3b17c968493fa1bb6a648d718311b3b5936a3,entyvio,0,2,2,0.15022526625542995,0.3065038102428046,0.5432709235017655
80c6ec7839887cf20d0fb0c599e190035c035e61,erlotinib,2,2,2,0.21857305214445655,0.117495709179971,0.6639312386755725
7411e834c7f925f4cea43603650c2d3239d3e696,ocrevus,0,0,2,0.25899708710142705,0.2461981040904675,0.49480480880810535
a973d13b0d9fd049320fb2c8953e28429cef9dcd,humira,0,2,2,0.1728906972219804,0.2853980562747771,0.5417112465032425
2f4b8dfcac70d4bbb2777aef4690d1e76c096cc3,ocrevus,4,0,2,0.2940921006114479,0.26216631997833223,0.4437415794102199
94c23ffd81fbd87639c4adb31e040ebd28a1d945,humira,0,2,2,0.1268548859836007,0.23376037185191173,0.6393847421644876
cc07f12b804e39de810d461becbcda17cb70084e,gilenya,3,1,1,0.1838829936313986,0.5925930635383615,0.22352394283023985
9061edbf0a7223c9ec96c6d49e965776edff702e,stelara,2,1,2,0.13011500551249688,0.2789550891691475,0.5909299053183557
abefb6079c702fb44c24bca54af8bfcb79c40e2d,tofacitinib,4,0,2,0.4312747060752728,0.10768086009448441,0.46104443383024263
6122273106dbf63c01ae17ea4de88b295ad63c76,tecentriq,3,0,0,0.6660922508777569,0.1810497645352158,0.15285798458702726
a782f4e24d2a34637f07141d508eef7e0a766bd2,entyvio,4,2,2,0.13773686216049047,0.23623445982355018,0.6260286780159593
fd4bbbf1de5b4fcacbd24e640b3596c15dfbc978,gilenya,0,2,2,0.1510689341722343,0.307774315613124,0.5411567502146417
ebebc7e03ff4d0bda63b3b30f10a973133816951,tecentriq,1,2,2,0.33428104306497414,0.20784386458284396,0.4578750923521818
e2487cef304b923fa6c81120338507db82212038,ranibizumab,4,2,2,0.16807161990461103,0.1666725358206219,0.6652558442747671
89b306e51c19659e6c3b338107e0c29f95132626,pembrolizumab,3,2,2,0.18047609559246355,0.1511214595658514,0.668402444841685
7b97e2f2d1f4eccc403abcd4a41f8be611ba276e,cladribine,1,1,2,0.29288588769278484,0.35047365134464986,0.3566404609625654
43af2b0ddffe54154e353fdc31ef6f49a39ce6b0,gilenya,4,0,0,0.47952123721236095,0.252908692579267,0.267570070208372
0353596e757ad342fef223533209558a60896f09,dexamethasone,3,0,2,0.18752093386478924,0.20683378022868876,0.605645285906522
c084bec068b3cb2553cbf14da2e39a052d9e5afe,ocrevus,0,2,2,0.16549853187706157,0.36551203690491973,0.46898943121801867
8c0f91206fc6a04a31c50cd0cdd44bfa49ddc45e,ocrelizumab,0,2,2,0.28213626129906405,0.21479745238107006,0.5030662863198658
a46309c5135f98ecd1937c4f92d1a04d6e80b0af,avastin,1,2,2,0.09429957398416083,0.25112389077848135,0.6545765352373578
94f18fe2efbb47703d7557131ee9bc4c803a4512,ocrevus,2,2,1,0.22658793647424572,0.489450186430014,0.28396187709574033
a23cf28cdb782b283b03b62bedff1789d2b5a305,tarceva,1,2,2,0.15374346272596756,0.19380293798929663,0.6524535992847358
dda9ba2e226a75fe26e9411ede0f3cfa0b5a4880,gilenya,2,2,2,0.20965664099188425,0.3703164641509811,0.42002689485713474
a8ae4dbfeabbae5ef7133168490fcaa8e90eb58f,fingolimod,0,2,2,0.18135922862395373,0.37274240914301343,0.44589836223303275
5ffcfd708d522e80fd47f7504cd6b8d8e2b2d42e,entyvio,0,1,2,0.1472664433688755,0.3557210608185066,0.4970124958126179
a22f16309ddb99a9ec0af42eea483dbddd4dab4d,ocrelizumab,4,0,2,0.3221332361065042,0.21582372610088968,0.46204303779260625
d9864ae275693c214beda47412ad01277f0ee5f6,tarceva,2,2,2,0.15764255582106,0.1894645901000641,0.652892854078876
a6e08cad4527bebf9458d82d71501a3089cc285a,fingolimod,1,2,2,0.21175760558626824,0.1958039976486782,0.5924383967650536
49679c72f3c4831a7f5511541f1c04acecb787f6,gilenya,4,2,1,0.2244266596910773,0.4379090281492917,0.33766431215963094
bc786b0ed55d672030926b3cde3eb2e03710d742,tagrisso,0,0,2,0.31609355103517467,0.15882566958495575,0.5250807793798695
8a8ddf9f90c47f9b9facebed6d07f7f7359cb0b7,ocrelizumab,4,2,2,0.1618865509335671,0.32628274385333333,0.5118307052130996
e17e7be628fa8417ea2f7c84028d85eb875257d3,entyvio,2,0,2,0.2831189524801411,0.2730734085050846,0.4438076390147744
0a52dd35d3cbb09b9f618df71647a162e8d2ae6f,ocrelizumab,3,2,2,0.2589817966729977,0.07870652462255026,0.6623116787044521
3a428e5e7ab65d2040aaf178543ac76c7d59c1ac,fingolimod,2,2,1,0.1571327159190007,0.4589474983210864,0.383919785759913
b813a6a163976d185faf0a3eb32f933a5437c7d3,ocrevus,3,2,0,0.5354340866719367,0.25417557328602564,0.2103903400420377
c92b883d2eb01d43bd5b2ef6ede44114d6882541,ipilimumab,4,2,2,0.1317080186724412,0.08466220796281392,0.7836297733647449
6da6a6b5636ec3b21ffa54aa63e844795aeeae72,crizotinib,1,2,2,0.12214787900812384,0.12846235390935862,0.7493897670825176
b3cfa5636e22df1a0fc6dbbf1d79783ab3f14ed4,tarceva,4,2,2,0.14882941615395498,0.24658673251774585,0.6045838513282992
295977edefd454e46e7c795169be96b552cbaf30,opdivo,0,2,2,0.23633644892194475,0.23810318408348508,0.5255603669945702
90670d332c7dd51c69717be30c28e13437365efd,ocrevus,0,2,2,0.17887191828395826,0.15269712086849002,0.6684309608475517
a538618c2d73097fa2798a9caf216a8defe537f2,fingolimod,4,2,2,0.17848956641705635,0.2780069101397798,0.5435035234431639
88b4530e00de89cca5d2d6a10361c46d076475c3,entyvio,0,2,2,0.15510630830990868,0.2779058352773886,0.5669878564127027
bfda1c96c2daad0a420068cc5799a09473a60230,ocrevus,0,0,0,0.4379344641468037,0.2036316979705387,0.3584338378826577
c52c6966a5440491dedb67c245c0565a090da263,gilenya,3,1,1,0.15588970089685036,0.6700824088027364,0.17402789030041313
7661c40b6e125e9d6b133f1b5c1c5add116d35e0,pembrolizumab,2,0,1,0.3358811644978558,0.3843481371294945,0.27977069837264973
b3050e024031a4d4f066e025ab789d40379051d6,osimertinib,3,2,2,0.16555125502792048,0.12100486136166809,0.7134438836104114
1ecc901efbacffb62be71fac87b2a398e1f8ad8e,opdivo,3,2,1,0.2922874312665177,0.5345670309780964,0.17314553775538585
e3e77ad95f18698fd3df364982969a08f33cab3a,opdivo,3,2,2,0.12230821271884873,0.2624325669443475,0.6152592203368037
467b3f9a883c4119a8a70b1fa9981bec7e310124,gilenya,1,1,2,0.2857540870796232,0.3363465370948701,0.37789937582550664
3fcc79ca540306014ad848e6b36041edc58d438b,gilenya,0,2,1,0.1623262256788596,0.7216517360436697,0.11602203827747068
ff34226c1061e8f546fe86ba189e80948d240b12,entyvio,3,2,2,0.10530938072371798,0.23515287118058417,0.6595377480956979
06cf02c8dd20a2fc8e90dc07a3450e7a2b24d7bb,alectinib,1,0,0,0.4520803456189901,0.2733765799336543,0.27454307444735565
d7d2de67948e92485d8966109e101d990b7f3a88,nivolumab,4,2,2,0.4031094957703462,0.09444968261920783,0.502440821610446
b88e742f2f8bcc5f4a9aaebb342b5b2b209c1f52,ocrelizumab,2,2,2,0.20936069732553492,0.3132276184172156,0.47741168425724945
79e5c8a4b8057cb9a9fc4942522b41d067553f49,humira,3,1,1,0.15715669299835847,0.5441349139574477,0.29870839304419394
6ee03976792c5e9fa60b01b8863fd42bb4554688,keytruda,1,1,2,0.15100605247969914,0.39328781038199045,0.45570613713831043
9aafc148ebe82eebff4bb088742fe5230a9ad881,portrazza,3,2,2,0.10306146249055405,0.06848727213220801,0.828451265377238
1e3d3903acc0890ba4c65d45080f67bd0e58b095,ranibizumab,4,0,2,0.3592736155110503,0.14709861263083665,0.4936277718581129
e4ed6e8d39409944e5f5def97c08c2f88e457484,tagrisso,1,2,2,0.23882860225815933,0.25393803759514655,0.5072333601466942
2cbc268ef0f38a08e31a55c05de2d6dab2aabacf,gilenya,3,1,2,0.15974911925089902,0.396686600992798,0.443564279756303
19b803502c880d762b7ff6d1d6fec326f6ba10b8,ocrevus,0,2,2,0.23322036676607938,0.24791978555629388,0.5188598476776267
172fd22f5140d071bfda07e184aa75817c331184,entyvio,1,1,0,0.3573663129065043,0.30487728386946517,0.3377564032240305
34434402620f7891453df9eba5063d7b0e33213f,gilenya,2,2,2,0.304720602720668,0.17032279443478243,0.5249566028445496
34df429cb9e95511515e426c0014f46453c70668,keytruda,4,2,2,0.14354194011526017,0.12406164817887937,0.7323964117058605
ad70171b4a9e32706621da09d6e8717dd1e8712f,tecentriq,3,2,0,0.4634571352362774,0.11922134375680764,0.41732152100691494
ec2f6a8d904a1d4e6cc92ee7ea86fe40a13aff57,stelara,1,2,2,0.14464997408243807,0.08113441666699364,0.7742156092505682
b9030ee2ec195f3ebd4b23f09209f37929700abf,stelara,0,2,2,0.24442420710299936,0.20974705172048613,0.5458287411765145
6d77bfa57b49b6cbd20a6d2883a9f0e921dff48e,ocrevus,2,2,2,0.3336850144644281,0.25381283361206103,0.4125021519235108
2cc68210ec3c56e43ae3074d8ba2376566ee9227,gilenya,0,0,0,0.3981579118137108,0.3772269827473136,0.22461510543897573
34ce55fbbcddc5e260ff67048a4a8a741048d46b,pemetrexed,1,2,2,0.2465853320024848,0.09616007439096083,0.6572545936065544
d8e513722c60e41b776b60454abc755d25be152e,alimta,3,2,2,0.11455785905434727,0.28703439414379606,0.5984077468018566
903ccde5939265df58350eee204dfd56b49290b0,gilenya,0,0,2,0.3364065907879795,0.1897057163728871,0.47388769283913335
43519487f87f2c1cb4ea905b16c365ee0d31c3be,ocrelizumab,2,2,2,0.12475665076862913,0.21701755633851744,0.6582257928928534
883ef965a2f28227bc93ea464da1f7ce403b4999,cladribine,0,2,2,0.2966163714277723,0.13898286164290108,0.5644007669293266
0f601495b0ce8cc908180369ab5cc9d13f3dc02e,gilenya,3,0,0,0.5203383306203464,0.3566441695661101,0.12301749981354347
4618416eb3cd4e2a714eaa7a47205c494860da20,gilenya,3,0,0,0.5773364481704221,0.29555481449048854,0.12710873733908937
c3b9742672e5f39106ec084a45a94ca157fd4daa,tarceva,2,2,2,0.21445592373738306,0.26195290449838987,0.5235911717642271
20d6a2d6ce20f074d7748f67aa9263bc86390f8a,ocrevus,3,2,1,0.20004016456804638,0.45504883245555283,0.34491100297640065
50d405dbe29d5bae357b89e436274f30f00035e8,eylea,3,0,2,0.34913514160568193,0.23664940221614691,0.41421545617817124
a3d02dd0fd9d44b2d049e936a7a135a62563b031,erlotinib,1,2,2,0.2692773442464418,0.10783386096677747,0.6228887947867808
1f91181644f7ce7e4f5fc3d544fd3267222c40cc,remicade,0,1,2,0.1743329902267282,0.3235188138197862,0.5021481959534856
3cc40aa5788849a4105896b81d8191b163713880,humira,4,2,2,0.13519970617301938,0.17606156655363497,0.6887387272733456
5b44909bbf10cce0573b7e5f471c897f3a1cf0a7,gilenya,4,2,1,0.3220555967140865,0.4309996534952802,0.24694474979063344
a93c87d027600c736d94663add5a872702ffa669,ocrelizumab,4,0,2,0.32464292240544557,0.2066153735921879,0.46874170400236664
ea76611e211faa8d8838c4646e9f199cdcb20006,fingolimod,0,2,2,0.13022234615366277,0.3350051639301908,0.5347724899161465
4082dfc1d9c899d9f2bc9d945b252d1959ddfbe5,ocrevus,4,1,1,0.3487107169038263,0.3946822601727561,0.25660702292341764
57caa4bf18f3c69f0faa6e9221e5c2a733e31a3f,ocrevus,3,0,0,0.37870792593800934,0.30300194583687273,0.3182901282251179
b426d1b9e2f3371c0c3c781c644895c3d57ef4b3,eylea,1,2,2,0.1981665221828764,0.2928407842033,0.5089926936138236
dfe4da67dbb52ec5578ef00f9bc98e02f68dcb5b,tecentriq,4,2,2,0.19891527682445462,0.13803277572779632,0.6630519474477491
9c71c616e928ce6d6f7d78f248bd572a06b8070f,alimta,4,2,2,0.16340470156824807,0.12810216726840543,0.7084931311633464
3a12f698b925bdf33525a1d4b8e90575e3b78fca,lucentis,4,2,2,0.07862343797638831,0.11298065308343469,0.808395908940177
3407586802638d8859f4b230ed58900673906880,alectinib,1,2,0,0.41113190636126434,0.2204510508703846,0.368417042768351
a4788aa4dfcf2a1bcd9db67557628422836cae20,alimta,3,2,2,0.318605141093743,0.0790384570638553,0.6023564018424017
f667b15262de9f5d5ef673d5f0be2dc7c10c1b71,tarceva,1,1,1,0.1903566971803566,0.5761395578673874,0.23350374495225606
d8313fa8709983c449bfc24f080dd5931d8e6fc4,stelara,0,2,2,0.14521263212326047,0.06873008434812707,0.7860572835286125
3a798890ae6df19ca8fc3bd9294090c5117d8b6a,cimzia,3,2,2,0.07894843138782401,0.12815166584560939,0.7928999027665665
ac9f8c5b42211206f93d767a9771586b04199bc5,ocrevus,3,2,2,0.3053756439213873,0.25917775883966376,0.4354465972389491
0b7d77ee5774c854d1ee4b5a6ea4d90bc0fe3b24,avastin,4,0,2,0.2036010011190852,0.1373673424296013,0.6590316564513136
1ce174731de82f292969d380a7391bdee08c50cf,tysabri,3,1,1,0.13774981673704118,0.7263856593992719,0.13586452386368686
30c91c182b967335ff982301d270799dd4a1c661,fingolimod,4,2,0,0.38923748608271963,0.37788064349742495,0.23288187041985536
1f63a980a79289612fb75a9b8ed245575874397a,gilenya,1,2,2,0.15615386470761625,0.07064659393166565,0.773199541360718
36f3962017f08d284ac2bd120830f0d67406585d,ocrevus,3,2,2,0.19694804552930237,0.20778745566460272,0.5952644988060949
06de401e9b6bcf41842617b260186f562aa17181,ocrelizumab,2,0,2,0.21676402561870595,0.13277518723832202,0.650460787142972
2c63fe842f1c945cb9231f93f7aa34906e186069,ocrelizumab,0,2,2,0.34126057837272483,0.22404323051647573,0.4346961911107995
da452f02d6e5ab6abfa2f5e99c6f28d09f2b80bc,keytruda,1,2,2,0.25178540569788443,0.3063896912201445,0.4418249030819711
3d798597f080b08be721516b4388a572c5ae654a,humira,1,2,2,0.08875046479069634,0.1227980109390665,0.7884515242702372
815b3933e4523af1458cc2047961b6893d9582cb,fingolimod,2,2,2,0.34026793118007975,0.15518151842287506,0.5045505503970452
1c67e373addb33d9cbddf2bb7287f5c344ea9a2a,remicade,1,1,1,0.30669322200797466,0.43082013187397394,0.26248664611805145
26ca6ff4c2efb417754cbe14cc454d32277c1a6e,ocrelizumab,4,2,2,0.29192228816274274,0.23766958287168966,0.47040812896556766
30eff5797ad9b911a69107e4adf5692b94d21ff1,ozurdex,0,0,2,0.24644097520443353,0.26170668500467414,0.49185233979089227
21af804d7efbcd16254351cd5df17e8b434b4221,gilenya,4,1,1,0.17988696804392335,0.5577413420113886,0.26237168994468807
4a53c8de7878cfe9ce9f1cfc959f7121adcf55ee,vitrectomy,3,2,2,0.13761618113527707,0.08328504089652985,0.779098777968193
2c7dd754abe741b34e12778bfa20c6e7bc12b6b4,crizotinib,2,2,2,0.1601636103590703,0.2626544151374819,0.5771819745034478
96ee6a21bf4e755454690659b35555591d879b4c,tagrisso,2,2,2,0.2380905111155728,0.10504891728826611,0.656860571596161
238e7f00c31fc35fe81d8ec3de04ddaeb461a5e3,ocrevus,3,1,2,0.2483369978461174,0.16804571427385884,0.5836172878800238
12edca8b45e3a90f1a99517370016710675efe2d,fingolimod,2,2,2,0.07871709484588268,0.2767894636495268,0.6444934415045905
819aa1e8372a937e5fdd8b1f2238c8deb3d4b6c7,gilenya,4,2,1,0.2865362608573905,0.37939779268120083,0.33406594646140864
133e84a970be5947878e0a3a50f88b158f9aa4b8,mavenclad,3,2,2,0.16698577727930608,0.15184971915433806,0.6811645035663558
eacd174013a4d7cf0652fdb5d42e021427df6574,stelara,2,2,2,0.15829215557706092,0.23796249585632573,0.6037453485666133
2dc7ec69d33206fa4e19949eb0db1fa5d0d4468f,alimta,1,2,2,0.26896027460073213,0.24511493212610455,0.48592479327316324
073a606b9033b323ec460fe3cfd5d2fce72c10f6,cladribine,3,2,2,0.11099305021576249,0.19334234950193338,0.6956646002823041
60a5f610515df9cb9e8c02cfe3473697ae66f704,ipilimumab,2,2,2,0.09520149596571652,0.0987172125333895,0.8060812915008939
498d2e09582025e2bc7b422cd41c69bb669348db,ocrevus,0,0,2,0.15820310496861273,0.31852326289122257,0.5232736321401648
5917bd8471c94cff2090cce684ea8db71679b402,durvalumab,4,2,2,0.16209243531652207,0.3827407768118144,0.45516678787166354
7ad53436c0c98ccc98e55140425764218441112e,alimta,4,2,2,0.16239211993471203,0.12549945293781556,0.7121084271274724
97e3f6dcb06824c46f85f18d46ca523f2318f19a,macugen,3,2,2,0.11954759524552497,0.08353447893347148,0.7969179258210035
e27321fe9112bd7d0cc5dbb58dd1ebe5afbbd100,ocrevus,1,2,2,0.12228129230313833,0.21224335869742705,0.6654753489994347
e18828fa71fbd13640bfc4fa4b867751512665fa,ocrelizumab,2,2,2,0.34222406030400615,0.11196212860600917,0.5458138110899847
e00ea2824b25849d9341b5c2d35c22f47230ac46,durvalumab,0,2,2,0.2254425470229242,0.19744225934270584,0.57711519363437
814eb16a1b7c379705872d4c45ec475b05cc187c,keytruda,3,2,2,0.11415778296612866,0.10972944648442146,0.7761127705494498
40019337581242e4ee749bce93fa2dcb09e40794,stelara,0,2,2,0.3449044624782011,0.16069045586671496,0.49440508165508396
a0302ce201cecc9be11d500c47bf55ea2785e2ae,ocrevus,2,1,2,0.2023277668662991,0.30967326057932587,0.48799897255437497
214ba1b528a419f39f1f524d22773df006a7cd01,cladribine,3,2,2,0.25226449335555823,0.2825401939062741,0.4651953127381676
7e3ad3e96747cadf239c7f5e467b9e5daf2e473e,cladribine,2,0,2,0.2907203703207038,0.10441386849053103,0.6048657611887652
44fbcda292ddbab30710fa6f34965653090a32c7,gilenya,1,2,2,0.3480788644865222,0.12581621195032106,0.5261049235631567
dbb20d65cb314bae8017183f0088318bc00ba3fa,ocrelizumab,1,2,0,0.440740180535897,0.13727862361734844,0.4219811958467546
a1e0a9466768b4be844cfc7c39a6cdb38aa1864c,cladribine,3,2,2,0.314481339198514,0.2046388433028992,0.48087981749858677
0ec72cc0a278cead483e6d54604675b881635109,humira,3,2,2,0.08927640694032817,0.11440454493855254,0.7963190481211193
41d22c47a1aeae549c9c17a058006edb8059f85c,opdivo,3,0,0,0.5541999200421761,0.1642079879634904,0.2815920919943333
7f58d46c2a53cf2004c9df938ee0f87ad610a1ec,ocrelizumab,0,2,2,0.3081144164002068,0.11469390614323394,0.5771916774565592
163409436fce5b7f662a743024fbdd0ae5a32f87,eylea,2,2,2,0.1971493141413134,0.33349684467793833,0.4693538411807482
7cbcbee920e35dcc3b402d351db465e479d8bc77,fingolimod,0,2,1,0.15533287475277424,0.45719385772389487,0.38747326752333083
7eaa28a45dc78b0c63ad55882d0c887974761c39,ocrelizumab,1,0,2,0.09340727109680348,0.1386884379673768,0.7679042909358197
e3592624b6a76730a9fcecb3e1905b23d7d0a2d4,alimta,3,1,2,0.15373195260782846,0.3612652590183478,0.4850027883738239
9e0404f3fd8e28362326df23e351113746ed49a7,tagrisso,4,2,2,0.18003852822183972,0.22271384759158228,0.5972476241865781
f39b9d1442a885a02dd03237fba56ac01efb640e,lemtrada,3,2,2,0.30841534646722735,0.2776416207601561,0.41394303277261646
83bdd848739890f07a9db8c62359d0b9cf1582fc,ozurdex,4,2,2,0.2084710516002213,0.23743251405298135,0.5540964343467973
681d7990f20e221d22dcab36e809645bc78c1efd,humira,1,2,2,0.11731933426442484,0.1632223323460065,0.7194583333895688
a73f5b099ffa88ac16336cd5c89264e6e5c230ad,cladribine,2,2,2,0.2594806834932113,0.1770348077218456,0.563484508784943
86e7305f749f628348e8ec6477f8f46a8a18e3dc,tarceva,2,2,0,0.41183309700277676,0.2235230040975231,0.3646438988997001
43e5cabe3964f912b44579d8cdddfc3715d14351,cladribine,2,0,0,0.6583354718074896,0.13481773060846425,0.20684679758404614
8a4db5660866c5452f3bf7e1849190890cbdbbc1,tagrisso,0,2,2,0.14186249275044552,0.11045113141472646,0.7476863758348279
f6a20b448a372e2607a2d64e57680e225cd75888,ocrelizumab,2,0,2,0.22420992003586407,0.3561956443925974,0.41959443557153864
3b44954491330a9284f9819ed4aa6c5798af8ec9,entyvio,0,2,2,0.13200369303055443,0.10138971835205886,0.7666065886173867
1ab11f995f89bc6eb2433b2efd68b1f5d0330cff,ocrevus,4,2,2,0.1231224999800785,0.1703452217534339,0.7065322782664876
b397127d3afa80cc0066d6a59b4be9c7d915407a,tarceva,0,2,1,0.1588352607414693,0.4255998226146389,0.4155649166438918
81ec63fc58c8c6cbea3f0cdbf3125b2752be9ab6,alimta,0,2,2,0.12106435096652991,0.09313212797080522,0.7858035210626648
8a67f1db7e4d46387575d191b5f432b469572f43,ofatumumab,1,0,2,0.1816774529507179,0.09391831293740162,0.7244042341118804
7dbca0bf4f936e306dbe1df5c32c5519ed1306bd,ocrelizumab,2,0,0,0.464671879315765,0.29105102025122265,0.24427710043301235
35612f632a87a072950fd2e6ceebb57eea84a7cb,afatinib,2,2,2,0.27889327824835,0.16909878524069924,0.5520079365109507
b87bcb891399727f30254d1583d5292a93701f8b,osimertinib,2,2,2,0.31336940172083344,0.162376605118273,0.5242539931608935
e7290435d3a9045ce51beaa6450c207039e8ada9,pemetrexed disodium,3,2,2,0.1542316455949069,0.1552118378819411,0.6905565165231519
567bcda568af212c894db19cc7e06c0cb87faa5d,xalkori,3,0,2,0.394165798319023,0.2042613160599385,0.4015728856210385
02c1c4a466754e75eef67ad285972a9743516d51,ocrelizumab,0,1,2,0.3094338876856485,0.3286758959458284,0.3618902163685231
b413f8145665ee50fadbd67672f3d08ba4156359,gilenya,0,1,1,0.3367739076659542,0.5591062603494109,0.10411983198463488
9db86c33fda4bf8d19e4c33e6a9b13ec48365726,ocrevus,3,2,2,0.18058559538065866,0.23150945874492823,0.5879049458744131
02676052e6a3fe36fad7a9530134fdb23adf6a69,tagrisso,2,2,2,0.1060782112050968,0.1251598823266121,0.7687619064682911
046c7d299fca4ccc562132a530a99cc4e82b81bd,ocrevus,2,0,2,0.15983042293165473,0.11111787724427628,0.7290516998240689
f6567977c644da68550771ab7ce1fb0f249718e1,gilenya,0,2,2,0.19428129420026083,0.15178676215719125,0.653931943642548
647f2dd01c00c5b96604225bcebd0d14ee7d290d,inflectra,2,2,2,0.11828441316687992,0.09403056178229965,0.7876850250508205
eb97373e5a608767f3d82c93b7d7ca07628b607c,tarceva,4,2,2,0.18603642670754725,0.362629227940321,0.45133434535213174
b6685698a89f4d5a88d421b7f308f557e39a491e,cladribine,2,0,2,0.38637572694912964,0.20535914673443154,0.4082651263164388
b58384add0d268333b4f54b30526e535c101a30e,lucentis,1,2,0,0.39237777513128747,0.3350644603207244,0.272557764547988
90405aec76d8c407f062a1b0152dc990c057fce3,tarceva,1,2,2,0.16024025194965155,0.18725739709747424,0.6525023509528742
2338ef8452582a40d20ec3f4c695da08c4c11505,lucentis,3,1,2,0.1897300640963748,0.19983396275359674,0.6104359731500284
97dfea87d525b1f66fea91bfdc6bdb1860635705,eylea,0,2,2,0.17168284041389667,0.09337181878784895,0.7349453407982545
2302130f2e0ba6e8cc0707739e67f501f570b1a7,cladribine,3,2,0,0.473272043569098,0.1455881073504371,0.3811398490804649
e97d94d7d5ebcd1a9263146d2b9c55802fd1104b,ocrevus,2,2,2,0.3050708514013713,0.22596960259486168,0.46895954600376705
f0b825f7bb2a633ffd7caea5507928427280697f,panretinal photocoagulation,3,2,2,0.2922141076402921,0.1659068411343683,0.5418790512253395
ffbcc57646556623d3cd07c3dc70b3c2449ccf61,opdivo,4,2,2,0.20026794969649578,0.2852283234313395,0.5145037268721647
6445a474c813d4c56b44ab8476be9ba31bbf5386,nivolumab,4,2,2,0.11679632253764106,0.2348258372063689,0.64837784025599
3aa058885f640c36ebfa7853b9679d49d1990156,alimta,2,2,2,0.29521773709118887,0.1842395530192125,0.5205427098895987
4b2fb8d691c9d3b339f82d4138c49130ce5570f1,gilenya,4,2,2,0.20254357875637896,0.20019924948942158,0.5972571717541996
df4e284f0aef341d5f42a51a3b16cc2b7ad14e31,ocrevus,1,1,0,0.43925269068542233,0.26305826065546384,0.2976890486591139
0d3bcbfd23d8c1eaf77599d85b6a522173adfa71,keytruda,4,2,2,0.24421544789305064,0.08242589268054784,0.6733586594264015
5df545a888ea3770c591c9060d7fd76d93e76ac9,ipilimumab,4,2,2,0.14351266992914774,0.0755742073059149,0.7809131227649374
9cd52c5718cf578a9c4b387af63f7d7b28f316e7,photodynamic therapy,4,2,2,0.40518415499690086,0.10601870857964656,0.48879713642345257
a45593eafdbd499c8b275577d18f503ee104453e,ocrevus,3,0,1,0.23055130888139685,0.4982608137417076,0.2711878773768955
2b9b2baa1eec55c9e279b33aca657faaff759200,gilenya,4,1,1,0.14065398635460621,0.6280681598715893,0.2312778537738045
fc174844d8356c280d4a9925bf7d91e38f0c3453,remicade,4,2,2,0.21682554146540023,0.3564825361652524,0.4266919223693475
d494747fddc7fc2326352e5967c54f14c6b4e4d7,humira,0,2,2,0.175548527030238,0.1915352147150346,0.6329162582547274
17d440db9594db5c5ed022bcddaa584a3f7ee9b4,fingolimod,2,2,2,0.3576682040011471,0.2816230520897371,0.3607087439091159
c8c7d89dc09be7391a3c7635de7f37465a8c3fef,opdivo,4,2,2,0.2444892412663151,0.25454323744434904,0.5009675212893359
fc6444bd0b6a6f76bd1011f0af8e6f06b15fb062,fingolimod,4,2,2,0.13220553277261796,0.10790015681406631,0.7598943104133157
8d28e08a134dd11093da1ea40fbe9e2c8dad6537,stelara,3,2,2,0.15805258942370878,0.15265504669404775,0.6892923638822435
f0fb42cf182ae7dce4af7cf800ef8feda574f85c,stelara,3,0,2,0.21215453753188337,0.17810236956060727,0.6097430929075094
9686a886cf0884f6aabe7feb6405482bea1f553d,ocrevus,3,2,2,0.2948995032166715,0.14255162783676428,0.5625488689465641
8a99c25c0f827d7655221e884773c67bd4bee3de,humira,1,2,2,0.1060796119021396,0.1713688323810038,0.7225515557168567
a5b937ffb4d7bf33239cda85fc0436541084f2d6,tagrisso,3,1,2,0.270128124630568,0.1617534841988019,0.5681183911706301
8a648a1be772010e34e686bfd379b781cfcd6724,keytruda,0,1,1,0.34210764268347343,0.40754190363150494,0.25035045368502157
b2552790b5361dd0da1420bd67124e15a5266247,remicade,4,2,2,0.20021073873944245,0.20415324180530714,0.5956360194552504
6ef1aa9ea4ed2dce647f26495453074972016679,siponimod,4,2,0,0.5318223924319592,0.16535852679428195,0.30281908077375896
41290dbc5ce8fec5eb15462bb91d5ddc917d532d,keytruda,2,2,1,0.26390594336254514,0.5074386823821698,0.22865537425528504
70ba7e29ccdf135a68abb80de5d26ce93a19a42c,lucentis,4,0,0,0.45673878066902945,0.15730183477537754,0.38595938455559303
f56238b5e5ba3062d399f06b0034af57804de46a,entyvio,0,2,1,0.09958404611223004,0.45736971012644917,0.4430462437613207
6dbf9fce59c08e76ff18ddb230677f304c5469a9,ocrevus,0,0,2,0.26191414290267895,0.2612708938486516,0.4768149632486695
024e8487504527fdd14ccac3f594fd7175918fdb,cladribine,3,2,2,0.08818965868324569,0.1898708123620257,0.7219395289547286
5626313b62422205468f55fd2e52f2e893c5832f,cimzia,2,2,2,0.15013054564384543,0.061646172532016,0.7882232818241386
f0a97f90232cf06881baeb33c891afc538a54fb6,osimertinib,3,2,2,0.17855951409789833,0.16711662961553003,0.6543238562865716
e3e26a4cdc8d9ce8484eaf7ee19cc8bcfc16e6c0,lucentis,0,2,2,0.09619237892991389,0.4003000089069103,0.5035076121631759
69b3089a6d2737f474ad0844d36f349769cf4569,siponimod,3,0,2,0.14334241542419654,0.13300887174070813,0.7236487128350954
743d55a5b52096e34c6aba28396434a4b44a9fd8,ocrevus,4,1,1,0.197852119098149,0.40977942958968816,0.3923684513121627
f57ddcc186c8557ad4201bb252244bba749f23cf,opdivo,0,2,2,0.15067532124059552,0.25806540785981485,0.5912592708995896
e90b54da87b5f03ef97da5f8d7095b3a1925c3d9,ocrelizumab,2,2,2,0.3655619296805972,0.1715376578729707,0.4629004124464321
e32dc13eba2b226dc1ac59576a4ce8ef707ebb27,stelara,4,2,2,0.11822399233666932,0.26937558300500397,0.6124004246583268
00a18ae88534fbab6c7bdbfd31be2c05dec6567d,gilenya,3,2,2,0.06044687934098721,0.15490703842341194,0.784646082235601
bb082d5e70ceb7c116abf8b881d3a9f52e8f8abe,inflectra,3,2,2,0.21080691931205514,0.11145222084992018,0.6777408598380247
5e2e8ba57d96a485e326ba92cad1862c7e389302,iressa,0,2,2,0.31474995022135005,0.18942649829618094,0.4958235514824691
ece4b7ca7501c82de00ffb549b08eb6778a120ba,ocrevus,1,1,2,0.09502939789903593,0.14482633355323743,0.7601442685477267
8644e90cf4e816f42031f82fe87f8cde4fc0006f,ocrelizumab,0,2,2,0.213344884948567,0.19136670097768652,0.5952884140737464
75c0b73a3ac694d172d7319199555e439908de69,gilenya,2,1,1,0.1339949038425426,0.7105424758577951,0.15546262029966232
d8f7775c18607f7582961c75002f7efe07220d97,humira,3,2,2,0.24815973175140094,0.324448494338293,0.42739177391030597
a3a513a6d440377b63fc1a57bc0a32f99c1e5892,remicade,1,1,1,0.08337083522226524,0.7862173648259292,0.13041179995180563
91eeedd5a00cd7cb5adb43a5f97cd5af8316cb89,stelara,1,2,2,0.14258564494051063,0.06139765772571621,0.7960166973337731
7c894a9a82017972af98f148596a1b01511030d1,lucentis,0,2,2,0.346205792676591,0.21473505724857414,0.43905915007483476
848a28139e3e523c34b47f5b1876691e756ce241,alimta,4,1,2,0.18157517327833583,0.20797646988763688,0.6104483568340273
0370fd73e90b38229f198e34221e09148aa86db8,lucentis,2,2,2,0.20050400902395243,0.2765072489245688,0.5229887420514787
80babacdd651771c1bb7a0df5f48433970da4d0f,gilenya,1,1,1,0.22699922134481765,0.5307535853339357,0.24224719332124664
9524f4e4df2574e49840ebcc6f65ed9cfa314021,tagrisso,4,2,2,0.3355884322948373,0.25614331902090054,0.4082682486842621
71eb14a11721cc9dd9fde454390c9f64cb3d8f62,humira,1,0,0,0.3990109339014123,0.27276401151765567,0.3282250545809321
fe5c348b36241df4a1ac9b34dc24dcd2d7749321,tarceva,4,2,1,0.2095556018529721,0.49162619189859696,0.2988182062484309
f4489c9e85b63a50662533bbdeffcc76f700156b,alimta,4,2,2,0.20844723600283904,0.1392327320591741,0.6523200319379868
ea324cb0516b1215d72f16cfe20fb7f556d95f75,renflexis,3,0,2,0.30234021765035585,0.15501571346778764,0.5426440688818565
df023aeb911dbbd08320f6f3e82ee78a8c93184b,gilenya,1,1,1,0.26677377453153756,0.38680549678393605,0.3464207286845263
a0a8728b98e2c4be7fa82392da91bc1d96e5fcfb,tagrisso,0,2,2,0.172164756171799,0.3023286296730464,0.5255066141551546
e7a43a0ea2de06356b08cb0355476d3fbdf31aab,nivolumab,3,1,1,0.1777190723571593,0.4674385499278795,0.3548423777149613
7c8ed31b0b80282f787ca7eadfa07208631654e1,remicade,1,2,2,0.2103191312827874,0.2039627264297381,0.5857181422874745
8eb64150cad089e7df50923e9438bedfc794b86f,ocrevus,2,2,2,0.3196420772639218,0.24350140815389376,0.43685651458218444
175caa5121207fc997feb957b81d7fc4d6788360,gilenya,4,1,0,0.39208415204276564,0.35781128265534223,0.25010456530189207
a6313acba40504b4a5f8782e1e104bc64452c263,ocrevus,0,1,1,0.3037165044492697,0.4123697489271139,0.2839137466236164
56113696d3c8597b2508d48a1d2629d9c2c0eba4,pemetrexed,0,2,2,0.09327447470686355,0.0765984753670442,0.8301270499260923
db11d31e7435a7c8cf75db6da7ae74e3701caf08,gilenya,2,2,1,0.135734665670815,0.5359739584554001,0.32829137587378493
cb22e51c3c8aef55df5e8acb7128a23c2b2f091e,vedolizumab,2,2,2,0.1547334036377361,0.20071765484804432,0.6445489415142196
7938d96232234a39f275177f954d70f102e8bc25,ocrelizumab,0,2,0,0.5092967279194685,0.17775955252658357,0.3129437195539479
2d2e2aaafdc1769b2fe45333a8986fbebeb4ee01,bevacizumab,4,2,2,0.179050010288681,0.2805161202591132,0.5404338694522058
d83b9cc8b0326ecccd4f5f1a002001ada873e6c9,cladribine,3,0,2,0.37738580565352264,0.12295062761851892,0.49966356672795836
931150deb596fd9f5aa9288ac947b2289fa04be5,tarceva,3,2,2,0.2138827992464175,0.25436979547992383,0.5317474052736587
4bb4c9b6dcb19a41774ead2c90579d27d6614eb3,remicade,1,2,2,0.1531733782216226,0.17414381684148925,0.6726828049368881
03efb9052878c68ee5427b7f0890d83553e17a74,tagrisso,1,2,2,0.10605792486731144,0.15340913972614603,0.7405329354065425
0f35fdfc6cbee48a12ee28a636292a140c954122,vitrectomy,1,2,2,0.1568092240226727,0.33788235031695074,0.5053084256603766
1e478e9a56231fe8f6d5232568e3a117f87bfd92,tagrisso,1,2,2,0.09982378404988636,0.2035204583143154,0.6966557576357982
5007d0fd773aca77ebb0b65659db3ee261e29c48,ocrevus,1,2,2,0.369283889286655,0.20731193556379549,0.4234041751495495
3737f45815ec64907fce2c11b376cfb5fac5586b,gilenya,1,1,1,0.16965325113889823,0.6522924984544249,0.17805425040667686
ae405622c9a65d404348ca640f063549252507a1,eylea,2,2,2,0.2363752721124161,0.19577237056078486,0.5678523573267991
6525b40a3e274b9e7c254301f20cef7179a03b45,gilenya,3,0,1,0.2795536009818702,0.4106344994531586,0.3098118995649711
1d0d15c21ec722f9c77453307591a3d21d52006c,ocrevus,4,0,2,0.36934259862111735,0.2446368616766513,0.3860205397022314
a82719a1286c147b1caae18241c95bfbe1bcc049,fingolimod,3,2,2,0.22701553420247012,0.21316334511571783,0.5598211206818121
9604524e05ca599c9bd32dede7e9a53246122bc4,ocrelizumab,2,2,2,0.25963293643218516,0.17965772851253226,0.5607093350552826
1d75385e8cd35c8b0f21c16339bfc37b05877326,tecentriq,4,2,2,0.2883513704974161,0.3055630646531807,0.4060855648494031
e83ce493b6ab0354b21a1827a79ae7f83f2aa7ea,cladribine,2,2,2,0.10965187853966335,0.16018394843792108,0.7301641730224155
446475294f6ab86bfaeaf1e43947d1c04a9cecc1,keytruda,0,2,2,0.108020594152437,0.21068082275996577,0.6812985830875973
30701063c43552dfae5bc9360c18a6295e3e4e0f,nivolumab,3,2,2,0.2693360873240806,0.24770733745653026,0.4829565752193891
8326ea69a1b0c21c898c0e04765ded58476f806d,ocrevus,4,2,2,0.12572677296495371,0.42238956065073446,0.4518836663843119
575513ec696865c91bb041588659e248a33dda39,gilenya,3,1,1,0.18818188313849582,0.6222234797748604,0.1895946370866439
d87b52f7de897b972070df2cdd6702bfa01ed331,humira,0,2,2,0.08713616706918813,0.09554685782821652,0.8173169751025953
4826e2f492d03a41b8dc3720c1250bd88f8bb66b,ocrevus,3,1,2,0.23030014416644398,0.24462697962587912,0.5250728762076768
2d86b84249523aa067b40f4f83eb975a23828626,ocrelizumab,3,1,1,0.30994969651993426,0.35710000006816944,0.3329503034118964
8bb84645123f39a7b2ad5e3dde0e25587cb5a2d1,lemtrada,0,0,0,0.40694853518697127,0.3130960916068413,0.27995537320618735
e94f0c0ef9241335c02a8ba3d86904f2e650cb8e,ocrevus,0,2,2,0.303932778030359,0.09776459736582799,0.5983026246038129
4c5720a75782536b09fbf40d1a0228c302c4262e,ocrevus,2,2,2,0.11500836883064094,0.19355912563661207,0.6914325055327469
10831a2383e51c91f2ce1c66b73f6b8607a813c8,ocrelizumab,3,2,2,0.24896729159729183,0.1892275025669798,0.5618052058357283
2d07dd6225862fa53c953bff80528847c8f850be,humira,3,2,2,0.0627788223797729,0.10689788183453146,0.8303232957856956
732a3070abfbcb5dc5df6763d6ffa96da0a5d98c,fingolimod,2,2,2,0.08000873907859024,0.250761254565394,0.6692300063560157
1107d47ea770531e668a320569a5fbbeb49e1098,opdivo,2,1,1,0.18352540111355678,0.47530318629275514,0.34117141259368794
d92be78d5271d80087a8f28839a3beaccb804410,entyvio,2,2,2,0.18193357072499305,0.28625906432012194,0.531807364954885
0dac8123fe1f9bc252d2093dc95317c05f6241bd,keytruda,2,2,0,0.4302081440730128,0.28752233121781295,0.28226952470917427
37d051e6ec4f4b9b05c1c9b5bd608d934be7a97f,mavenclad,0,2,2,0.23036606827168632,0.24347426645661854,0.5261596652716952
51c888c14ec9ba6f11c0715a6b562ec8e119150d,opdivo,2,2,2,0.382116787830171,0.16106682461238941,0.45681638755743975
192b61ae02f9be4ccf4f21d127d8fd8d0b3b343d,gilenya,2,0,1,0.20914549787854902,0.5426434636629247,0.24821103845852618
e7b14240c19e9c5bfefd05d7a175635dc8d91d64,entyvio,4,2,2,0.23946332793744288,0.211073799281255,0.5494628727813021
a0891f8997c1ed6bbfdff5e8e06ab4a3b9a3c712,osimertinib,1,0,2,0.22182855696627793,0.21852676885203784,0.5596446741816843
01d2b4cdc5fa8bd3f6b6090943f7770438ebd595,opdivo,2,2,0,0.4515535961205057,0.15207370937085748,0.39637269450863694
2fad901d6db1acd50f9c94949077ba565aee67bf,eylea,3,2,2,0.25497866265040203,0.3085616577123763,0.4364596796372216
c0ed77d55d9d188a1272073f6bd2de9dbb1e97f4,gilenya,3,2,2,0.2813460779350201,0.26263562504844046,0.4560182970165394
7b0f9f46bd3d107a4f2e69aeb035a31acc565939,cladribine,0,2,2,0.1888444352779701,0.14483122015612662,0.6663243445659033
286e8e738e33ab7d055682be8eadf05c9fc37f87,eylea,1,2,0,0.43262279179434066,0.20919353203938654,0.3581836761662729
92e84bc251acd65064c78873afba2b6e9ac99b31,fingolimod,1,2,2,0.18343675667286394,0.39298733959149235,0.4235759037356438
4dd8cecf5109e9ff4f9232f4c206ef6eae02eba3,tarceva,2,2,2,0.19941371394124474,0.09521778479321484,0.7053685012655404
9134f232b0151929d9e46a70ead7d29f1a99ef2a,ocrelizumab,3,2,2,0.3813229933393531,0.046167019195006626,0.5725099874656402
241fb8c228e75d96d108eebb5fd22c54669762c9,humira,1,2,1,0.14538970070606996,0.5359881889731727,0.3186221103207574
4fdd36ca6dd741719aff0f14e0ec37d2f3ab6a95,ocrevus,3,0,2,0.28326920847955106,0.29029401165595164,0.4264367798644973
65fb06982b3518557c8244b947fb36ae33b15534,opdivo,4,2,2,0.24866000467300417,0.3183918204009464,0.4329481749260494
37f59cacd42bad0c2cba27a15f89bb89a90a4191,ocrelizumab,4,2,0,0.4512034670932745,0.1404713919688441,0.40832514093788136
49e5169991215f0907e33b43dba49ac5f0f0cbef,stelara,3,2,0,0.42429862845781624,0.20160576079321466,0.37409561074896897
0c28af26a693e8398753fabfd5ece7a46ce172f3,gilenya,2,0,0,0.6014255688500191,0.17113878325247592,0.22743564789750487
7e4d46b93bb99228dbef2eeaa7575885baebbf75,tarceva,3,2,2,0.31025183769197723,0.16552498441704858,0.5242231778909743
e9793579fca5ae83385be26e5cdc91ed4e0ffa1e,ocrevus,2,2,2,0.31313126075455106,0.1437250981162004,0.5431436411292486
389b59f2ca504202aed0b9b52d6434119f9c5316,siponimod,2,2,2,0.30283393723511975,0.08534749866739723,0.611818564097483
ee597fd78e5aac57e212602aacb69012e8ca2f50,opdivo,4,2,2,0.14143142362428932,0.07557746639929613,0.7829911099764146
38ab2cdc4c16786591f1d0e8c1e36dba72572f15,ocrelizumab,2,2,0,0.48376305711234,0.16404346067467956,0.3521934822129803
16a160c638aee2dc14bf6156a0e57ecd65a346cf,ipilimumab,3,2,2,0.07589626853401953,0.062300190655254356,0.8618035408107261
b8a3775836a5005735ec1c74dcf075705aaa077c,gilenya,4,2,1,0.2854651351786027,0.5387386008048061,0.17579626401659137
4e342b9570b494b97ff0250d09c63d88cf0aae12,cladribine,4,2,2,0.2851879844026944,0.2330451296485899,0.4817668859487156
2661251d645bdfbe389b09f6c5c19c8584ae34bb,gilenya,2,2,0,0.36259255712167565,0.3492870468025495,0.28812039607577483
e8e512f471b6d983d9e3fa0196b672a15ce4d08a,opdivo,2,0,0,0.41478993085984694,0.2800785911884692,0.3051314779516838
a1aedc7de95ce698b316487d1b0796e9f23b9743,ocrevus,4,1,1,0.1158424726515384,0.6844674232448807,0.19969010410358082
1df27c5878ebf979864d104a4671ff11ca6adeee,gilenya,4,2,2,0.2172584679585268,0.38807443353955523,0.3946670985019179
e956946d580da52e71778b38840ed9c62fe309b9,gilenya,1,2,2,0.3976747596733094,0.13828278046037165,0.464042459866319
dbb24b0a263212a06a3c4204caa42ec3dd2bd028,avastin,2,2,2,0.12271815484192279,0.10507428671617217,0.772207558441905
ea903d8c9357d7b48e1bd059b53b5ed1f8cad98a,stelara,2,0,0,0.3954976371347362,0.3081183180468231,0.2963840448184408
59d1bde90bf019aab9b7b79d879cc3b75bd3dd80,cladribine,4,1,1,0.31249201954035793,0.4006102446387911,0.286897735820851
224829350147f05b55a40cb6a557dfe7b28cd0fc,keytruda,3,2,2,0.283223585082071,0.13755981283077456,0.5792166020871543
c107c25b7aba363c69a98ccde648dda83bf7dce7,eylea,4,1,2,0.13618618519707829,0.33390006550244405,0.5299137493004777
005e6af3fb7b0f4c914b8e41fd95338ca73173ba,nivolumab,3,2,2,0.09797588134007074,0.16300117490600066,0.7390229437539286
a20bc979fc7a94993b7a9d6fc7b37168ce7ba473,ofatumumab,2,2,2,0.264393205379411,0.14731188801489095,0.588294906605698
95d2adbb22fdd900f24aae4bec13873090078c6a,alectinib,2,2,2,0.18206851320334125,0.10763931157164443,0.7102921752250143
ba6e73ded608a4531f0d535e74e9f87952bda5d8,vitrectomy,2,2,2,0.1026302463425677,0.08657831807259682,0.8107914355848355
a38bb4628f3ec2c1c700b002052ac37cb464cfaf,afatinib,4,0,2,0.1927631516016485,0.08113823656880295,0.7260986118295486
809f4a25724d454b63dc372c9defcde4dc0ab515,entyvio,2,2,2,0.13276783119794056,0.19873661605923434,0.668495552742825
8f9465219be0e244d578aa4567275dbcc5ab0cea,entyvio,2,1,1,0.1312859779575836,0.4499095885920564,0.4188044334503601
19de39e35d6e168fc081263d8ae5290135e9ae80,ocrelizumab,2,2,2,0.31107213544732826,0.0990004567928933,0.5899274077597785
0a1eb2a7d2d13dedc9fc414d3d220cc7a8a9ab37,gilenya,1,1,0,0.3989418207696353,0.22839323735275763,0.3726649418776071
e08c84525f9ed16136671f015847b0cd1a9096ce,yervoy,0,2,2,0.0912919502078468,0.16820152911818226,0.7405065206739709
f544a15a0166645b9a26247f5e2fdcae800a36d6,remicade,3,2,2,0.1729744021679463,0.33323742309019494,0.4937881747418589
ecdbf7e1c2ba0701baa465bb8283fc73b1bad971,opdivo,2,1,1,0.2150917324163303,0.5414010821424375,0.24350718544123204
20fc29a44e08f6762c1da723edfac3e0c099639e,tagrisso,3,2,2,0.1139345335586589,0.09450769931262476,0.7915577671287164
7734c67a64e1a1179510f14fcd130ed029b5d75e,crizotinib,1,2,2,0.25770193588264867,0.15145429017713832,0.590843773940213
59b662465d6f52b66b03f5d0483cb48577833396,humira,3,2,2,0.19120150045459633,0.20158990913430241,0.6072085904111013
b6f14cf0f88e91990cfa362f98b72003a69987bc,gilenya,0,1,2,0.2646811426247042,0.35840026267107844,0.3769185947042173
6bba447231f71c79770547775b37ca7b66634a34,cladribine,2,2,2,0.09769708654081347,0.10187231061899428,0.8004306028401922
2ea40dbd5dafda12bd39a7fe9ddc54825237536e,entyvio,0,2,2,0.10435760866127997,0.17373910874846812,0.7219032825902519
6dc92982c51add4cd03dddc7ccb8de1fe033fd63,gilenya,4,1,1,0.15598288734593016,0.5801043263760202,0.26391278627804965
6ed44510a60feaa60cc43bac9ff98544c880430e,pemetrexed,3,2,2,0.17131471965882458,0.3613211265048119,0.4673641538363634
6b7b05bbfbcf0065e6364bc26970d19164f2300e,gilenya,3,1,1,0.3317864224554687,0.547624559708611,0.12058901783592019
36a1111ac22e542de89765ab653ab391ab902185,ocrelizumab,2,2,2,0.34363143908309685,0.19212971896571762,0.46423884195118553
2fa7c64509872b68ed2b49dbc99d70ddbeea8082,ocrelizumab,1,1,2,0.326633818843351,0.22002562530130718,0.4533405558553417
1feef825cbbe5629e4cd703b5e3d6f6fe746b311,ocrelizumab,4,0,0,0.5437791931691137,0.19000850958628687,0.2662122972445993
c24431a7c3700eab2d07eaff22b88ca8d68cc627,entyvio,2,2,2,0.0944243561867189,0.2481215687180582,0.6574540750952229
b874c219666a68a4b30fd19f707f90ec395d5715,ocrevus,2,2,0,0.3840446935716224,0.2863185846259743,0.3296367218024032
d4dc8749c2383a1924c338a2b239c64190f5e444,cladribine,0,1,2,0.24889753672542353,0.32793891158038424,0.4231635516941922
4728b37c04d15da3cc5f82957965b21b7c3f0e41,fingolimod,0,1,1,0.24968811001728985,0.4614850152962715,0.2888268746864385
c1b835df71e1768b44704601918dce42dbae1438,alimta,3,2,2,0.0876483227174309,0.12500147186201682,0.7873502054205522
dd1864719affa522d971f2791ca164183dc79a51,opdivo,1,2,2,0.13149792585490944,0.06990290143404553,0.798599172711045
5a2779c9b0c6b723726358c749f910df4a29e77b,gilenya,4,2,2,0.14987127379371482,0.3958781761977487,0.45425055000853654
820a0c66b3b5dd40b63aa5d5e22752f2c38987b4,tarceva,1,1,1,0.28198801147932084,0.4214968524182383,0.29651513610244074
7f6b4aef96bc5730c14309fbfd29282c9d30b621,tarceva,3,2,0,0.38841413670313696,0.26801893299788815,0.34356693029897484
5e14890a68f10cd53c142eb94238aaf4ce0801f8,opdivo,0,0,2,0.3236665803918778,0.1144381506258246,0.5618952689822976
1ecfec0d66ac7cde84d5daf4195d2cf2b829d2e9,golimumab,1,2,2,0.0410274596529558,0.06477356775279583,0.8941989725942484
ad819234e7b168c50d227512082a418cef44998d,ocrevus,3,2,2,0.17429975318407026,0.20321326912344428,0.6224869776924855
38ee72e50dd132eaf8aa232f1aee415f56fe80a3,avastin,1,0,0,0.3840212369136548,0.2594518664626911,0.3565268966236541
dcd85e254e5f6d6c5f9bfd3dc5fe36049c67fcd3,alimta,4,1,2,0.10582580950740327,0.422511724069642,0.4716624664229547
37d4ed8c58b59dd1414746011b52c023bed08306,ocrevus,2,2,2,0.2732664336422154,0.16932401225430016,0.5574095541034844
4a4ef66997853637dca463cdf07d8ec628956efa,cladribine,1,2,2,0.0973028235011032,0.07389459244283765,0.8288025840560592
17972a74111c1890d2e0664588b801e0deba5847,keytruda,1,0,2,0.32421975761526767,0.1503846478954674,0.5253955944892649
90a044ce16aa8814847f47774cc4373d7e038fc2,humira,0,2,2,0.11766629101086228,0.22975393550298828,0.6525797734861494
464fb3764c9f3628a1cbe691773cc47719725ebb,avastin,3,2,1,0.3268115057575264,0.35501487343687965,0.318173620805594
cb5633fd426492fc22f8310ff45e9f6fd1b228c8,remicade,3,1,0,0.48424740134524713,0.2861950009074809,0.22955759774727197
3bb4927d8a711212a58cd579851e4239878e81bf,keytruda,0,0,0,0.496190516197599,0.2520098990746577,0.2517995847277433
d77345c96c0e76be7ad7a2809a90ba0bff4e0218,humira,4,1,2,0.18158672453516803,0.2885349331932185,0.5298783422716136
09ea1a584b6f2d3c6ced7542363ffa290edf69cc,alimta,0,2,2,0.21136666670554544,0.2706311504648854,0.5180021828295691
245cb578da61e81a8eb019e551cb43829c58b25c,gilenya,2,2,2,0.10768982025456855,0.17045548364185859,0.721854696103573
c4b4fa64561bab65130e259e91918af4ddfa054c,cladribine,0,0,2,0.27116630643774114,0.1374886993707277,0.5913449941915312
dd874d928ba56c4342380d9d59e22d6542ca1dd9,cladribine,3,2,2,0.09692792120231032,0.4473500352655439,0.45572204353214574
d695288d80d09b0a752b839bbba35af8fed1810d,ozurdex,1,1,2,0.32826236541658227,0.25541180704529126,0.41632582753812647
3cdd0ef61b4a8f9b24ca69a65cfea0d3fac82f05,entyvio,1,2,2,0.08474792504202487,0.18696668649478207,0.7282853884631931
2d71ccf03dc8cf34b87a59bd644a119ce7ed7ef3,ocrevus,2,0,0,0.6035734079255949,0.18694661131243334,0.2094799807619718
71a9d6b5a84d8b6a42d3f01f4b38415892a98202,stelara,0,2,2,0.15952273982037798,0.1483085708685122,0.6921686893111099
2b6d335eddb5596085479c6ee46bd5a504ef0946,gilenya,4,1,1,0.28558972527286786,0.4905850034839355,0.2238252712431967
31eca6ac066c2db5cc26b30e97326b955f290949,upadacitinib,2,2,2,0.09924011940463798,0.0842816282090757,0.8164782523862864
42639f7cebcf24a871436800427c4c82fe228e84,cladribine,4,2,2,0.41156255398825564,0.14122281895876224,0.4472146270529822
aa967fc8222dc645aa925dc2836f7c9fed456da6,yervoy,1,2,2,0.1288710294947841,0.11300516604653507,0.7581238044586808
50236a28bfb2e04ca02b121fb06dce0395c20aa6,fingolimod,2,2,2,0.13300385163184633,0.3513209554955043,0.5156751928726493
53afa3e683ed3e066087e4e0748627af9d039049,gilenya,4,1,2,0.1829193844913929,0.2228260567982968,0.5942545587103102
7324b0c3ff4266a1c09a94f8c81bf4dc2792cac6,ocrevus,2,2,2,0.19487432131313615,0.256146477899302,0.5489792007875619
83494b155642e65839071e728864e260f79d608c,remicade,2,0,0,0.4539030395513145,0.14400197836514037,0.40209498208354505
9752c0b3173aac24d693edb2f06af712497dfe1c,simponi,2,2,2,0.05318858108493879,0.11684611692335406,0.8299653019917071
4dfceda4bd0ca0b30e5f5eba85e71609d8833616,gilenya,4,2,2,0.18196778272293193,0.2905975029032614,0.5274347143738067
4b723b8c49f3c9cc07babc6c08ed30b260516339,keytruda,4,2,2,0.13857890775604806,0.2835260141596359,0.5778950780843161
c43fe49ed42cf91a7ba5fc141782502d44708bc3,ocrevus,2,2,2,0.2599466689545311,0.20085688847255936,0.5391964425729096
8fc76073fac2ac1fa6d55fc55855c53546baf9e4,ocrevus,4,0,0,0.4259521131944186,0.19970489745427109,0.37434298935131033
b77a217fe83ef77017e085511df275ff755d0814,opdivo,3,2,2,0.23374053229398498,0.21844337957171414,0.5478160881343008
2a8b76a51604c91c5b878cff3591d29e787fd536,ocrelizumab,3,2,0,0.4513790675087317,0.20610000255191696,0.34252092993935146
46ccc4c27821cad11807e41be8d2a8869e13262c,keytruda,1,2,2,0.19409499077594777,0.2548566468569657,0.5510483623670865
75b928d1e37dbeb4fedaa07e89ac73cf847dedfc,ustekinumab,4,2,0,0.5337174078071197,0.21292505669349499,0.25335753549938533
1005b1a5450b293dbe01ddae798f6347b70338b9,fingolimod,2,2,1,0.11420652939560486,0.47724028959287973,0.4085531810115153
78006ce51f41400055a965ccde60914739a97570,entyvio,2,0,2,0.20998559587038357,0.25422402042510023,0.5357903837045163
b4b79c3cb158f199e747b3720a9636c9e3d7900e,xalkori,4,2,2,0.1877034480977078,0.3603214622010767,0.45197508970121547
224ab157993006ee23e52df1ff7f47a7dcfadc64,erlotinib,1,2,2,0.17070667986772448,0.14504089208824414,0.6842524280440314
2b5ef3c536b0f8d425cc010929fdb3b78b6df94c,entyvio,3,2,2,0.2445164182466513,0.23345417698653523,0.5220294047668135
5b257ee553a5d92d2f6ef071fbb1099c7bfcd050,ocrevus,4,2,2,0.15981004241699398,0.14497160889612962,0.6952183486868764
c15724f81f9b74f631f48d3e0143dc2424e9ca3f,erlotinib,4,2,2,0.09354599994003154,0.14032961116687,0.7661243888930984
2c4f18cb255fa31c7f8bf09a6bc4a8f832ce06d7,yervoy,4,2,2,0.16353734078741433,0.22511213069248034,0.6113505285201053
8d2c857f024dc4fe8acd84d2a30fdc68ef9df7e8,humira,1,2,2,0.08246065423810964,0.11292999918229608,0.8046093465795943
d3bd1dd205ac2395a0c609a2435c2e06704aecc8,ozurdex,4,0,2,0.3048049567135886,0.2779837643844465,0.417211278901965
0c03d14bc075e1ef5c2ef35abfc84ab7ef560144,keytruda,4,2,2,0.15523695264272372,0.08670650216858773,0.7580565451886885
d8d2a92084f7771bf5a6e4669a60e73416ac6219,pembrolizumab,2,2,2,0.13015464642534752,0.14472363585643522,0.7251217177182173
2eee04bec7224dc4270e47ae4a5bcb78da5993e2,pembrolizumab,4,2,2,0.1715756696679297,0.1369452499341411,0.6914790803979293
37beb00f5b79bed1ee39f9f57359d4be32c1c1a6,cladribine,1,2,2,0.3496689153796421,0.15059833137232234,0.49973275324803557
ab97d3f83b28f62c31e6049e90c0bd9ba9e2a1b8,atezolizumab,1,2,2,0.19356303581903117,0.08932633642503086,0.717110627755938
3c6bb4ab8ea1fd612061fc2ee0867428570caf22,remicade,4,2,1,0.3408826485738379,0.43345712212845744,0.22566022929770482
13eb21881a370586683de673450772c3911589db,entyvio,4,2,2,0.11126279133836584,0.15792317108189774,0.7308140375797364
7c5d8a7d5406e4b07cdeaaadc882b0ccfa834f94,remicade,2,2,2,0.16133523809652076,0.2895783239212543,0.549086437982225
0c44d8152d5cb619b2d798432ff7e062700c9f72,imfinzi,4,2,0,0.46314230777676824,0.21343166410789172,0.32342602811534016
6c3055cb55238345482176881bf4d38170eabacc,tagrisso,4,2,2,0.13609371552196958,0.11320693550234583,0.7506993489756846
00184433973ae7b29e4d1dc12288c0f969bd8ee4,crizotinib,4,2,2,0.17879511656608146,0.08497115705538094,0.7362337263785376
2a19ec06080777ea05f21a6ff763cfd7212879c0,opdivo,2,1,2,0.2577334087007824,0.19521771667285004,0.5470488746263675
3083df3f4333c13331d72d6db232a8fe313598d3,alimta,3,2,2,0.2527909016782367,0.1414888026808333,0.60572029564093
5dd8c7f9118a5d807f1dc022c3983160fc4d5f68,cimzia,3,2,2,0.05980650421571306,0.11674644568936215,0.8234470500949247
fc11c216e8eeda83f09fdd1b9e59b78dd59d3ee0,simponi,2,2,2,0.058261808167548085,0.12813309971687217,0.8136050921155797
8f9bf68a0df27091226aff815a9bc8afc356501e,keytruda,1,2,2,0.10725497283721305,0.12957887648006297,0.7631661506827241
b7c837a03494ad4baba20f5cbcc4cfb34770532b,tysabri,0,0,1,0.21156212684904244,0.42457063930875866,0.36386723384219893
565c5ee88d5dfa9fd28d8d51cf0a24146af31a09,ocrelizumab,2,2,2,0.22268919744525636,0.20338168557035083,0.5739291169843928
1f19a520b3ae78d8d443e1ebce75db2a0db61cf6,gilenya,3,2,2,0.2326076510894085,0.317994806648862,0.44939754226172945
db7983fd6c870db6d3ea0c56670ab12db8a78e1c,ocrelizumab,3,2,2,0.16076496823448239,0.14826880201153528,0.6909662297539823
5cba79c4b5c2bc631c6564bac5582d5fa24f92b7,ocrevus,2,1,1,0.3123529230820751,0.3767249691199399,0.31092210779798496
2b3afca548bad0102f7ce9e3f756d5a88b8338a1,cladribine,0,2,2,0.14941900758091906,0.11909656570472406,0.7314844267143569
e9d7e9dfaf77ca588ae88f94c46881499ca09f25,keytruda,1,2,2,0.06879071541106442,0.23597839678231647,0.6952308878066191
03f699b565c8ee1d6a6121b14cde20a4891346e1,gilenya,1,2,2,0.24973859763600345,0.3668911026116869,0.38337029975230974
71cb4ad8397fd6d930ace2459d5cb353418defd8,cimzia,3,0,2,0.16865867053421948,0.13347235397373672,0.6978689754920439
fc3836fa0b9d24a655b13353db68b0922857b5f0,ocrevus,1,0,0,0.4052527869531456,0.22732849562318838,0.36741871742366605
34f5301d40216de3944af2f97ec82371871feead,ocrelizumab,0,0,0,0.4439801875059987,0.30855665397977244,0.24746315851422884
2c02540aef223e2596398bbe38e9cbae52ed3846,lucentis,3,0,2,0.3696173336397501,0.11169615551934128,0.5186865108409087
cae3f6ad83ef2aba28ec63e69f079b356306c340,gilenya,1,2,1,0.25767630338445,0.4072712529909308,0.33505244362461917
434b74605f4e2fb74f45dac6c0e0769a2292ea85,ocrevus,2,1,2,0.26313911898521236,0.33521207911935097,0.40164880189543667
f6ccc04eadefc43e3079a471c7c5bce8a10cd944,entyvio,1,2,2,0.28866571891248166,0.1336134883898025,0.5777207926977158
d4b2f62ef0e43f304b8d845cb03d376a856773b0,ocrevus,3,2,2,0.13575861602063827,0.19244841904097126,0.6717929649383905
5f6dc1b01bcf20a6e6881d65998f1ecd93485d86,ocrevus,0,0,0,0.4568236957435969,0.1323835642827897,0.41079273997361343
2850b70647e7a1afb1ef90611e8775c68e1d779e,xalkori,1,2,2,0.34269371528077996,0.11789667934782556,0.5394096053713946
86d2515388e658c8de8f4d76c699a6146f1c0ef3,ocrevus,3,0,0,0.5502419466112451,0.25616324050264483,0.19359481288610994
6f1fe3d5fc910ca42d853bb984230f95fd168ca0,ocrelizumab,2,2,2,0.25076270860800204,0.2152188734280673,0.5340184179639306
87b9a5e8ebbb4df01b5469055fe65fd833c0d6d9,gilenya,2,2,1,0.24263467162105015,0.4210503712791018,0.3363149570998481
e643206f07419476d2c72732184b7abcb8e997dc,cladribine,1,2,2,0.12297872818480331,0.20073276222172792,0.6762885095934688
cf8e09c8962f4bfc75ab29f580373b65fa8aa957,opdivo,0,2,2,0.3107384268263978,0.15053629105408445,0.5387252821195178
cd09723bad44b7db1c17b4c753dc5ab5a6fdf9f8,ocrevus,4,1,1,0.24230023801840564,0.4862900152066473,0.2714097467749471
6401f3ff093ab266425fab47e557fc2bf05eb716,ocrelizumab,1,2,2,0.1167977156714642,0.17224641196108406,0.7109558723674518
3cf0509d73083c4b0b37155b1bdded3a0a2aa3f0,tarceva,0,2,0,0.4324234020370256,0.2079416967600261,0.3596349012029483
02e5c89fff761b2081b472f0e337a265f3260f9e,tagrisso,3,2,2,0.08195157341131715,0.09508954237414508,0.8229588842145378
36e3761521df4a0ac1a865b959275b35ecc2fdfd,remicade,3,2,2,0.2441983568471162,0.2621706992585674,0.49363094389431644
8a1905af5ca41c41652e2fed73e37dc7098976e7,gilenya,4,2,2,0.12510299025757757,0.3874262561383825,0.48747075360403996
bf759e0289e16c847b29351afa8214e59a3979dc,ocrelizumab,1,2,2,0.3524952724857857,0.20911479827606044,0.43838992923815384
35491b472c23f40c31e530c023e34b2909b78f9f,stelara,0,2,2,0.2781624881106297,0.1137266076418711,0.6081109042474991
887a312aa6194061bcbe9a008daeca0363dc4b68,stelara,0,2,2,0.21004946025817936,0.16822661258676158,0.6217239271550591
253baa65288bba2b7e6c69834ea1b37e7aa763ae,ocrelizumab,4,2,2,0.2459788520555345,0.1448384840285324,0.6091826639159331
49b05f33d5747cad2774626735403e02a6672a1a,simponi,1,2,2,0.27883010064932356,0.1096473884476936,0.6115225109029828
37790cf31d17f267c013d82df33196c0f7b5e53e,entyvio,0,2,2,0.14822198782196866,0.15262503226937962,0.6991529799086518
3bed574e80861c504131b78bfcee33683d40627a,ocrevus,0,2,0,0.4700232800646146,0.19919467835532062,0.33078204158006486
9b0f7a3cc1eef4a352f126e5834a9775f501fc4a,entrectinib,4,2,2,0.14385193488687564,0.14473494617960392,0.7114131189335203
8aa9f6651306b59af8b00d27c4b50135915cfb60,entyvio,2,2,2,0.09127607693509339,0.1940209903858056,0.7147029326791011
b7bc1562dd582e0e8395aacee87fcebd2d87b24b,macugen,3,0,0,0.4881246859302647,0.08413396757721676,0.4277413464925185
c28f93d2f4a996340c3e73fbe2a30c1fc4d2e73d,alimta,3,1,2,0.17707433595844735,0.3347802840615213,0.4881453799800314
caedd2fd46e012faa2d908c965c4dc094fbe0065,keytruda,0,2,2,0.1760500623593968,0.14038160944396041,0.6835683281966427
8b4d86f142de35366db0b9b5bc9090fa1232257c,gilenya,4,2,2,0.11611685184873309,0.30346770368357984,0.5804154444676871
dded88c3cd6ef262cd6c66019a1b9540b6e5e689,keytruda,4,2,2,0.11567193308050652,0.3042558270814736,0.5800722398380199
b7c075e93d1f1f0828aadc7f5d9a002f0fc340b0,fingolimod,3,2,2,0.12073667183326653,0.130625559032586,0.7486377691341476
93ba938a24c0c565b5d6c31f0d8ff7130f7cd64e,fingolimod,2,2,2,0.17026399420723182,0.16598174201309684,0.6637542637796714
73a4582708189bcd750c658ce2544e9e972b45ef,mavenclad,4,2,2,0.34801684799243576,0.267958098708904,0.3840250532986601
2c35d314311827daefe51e5f6fe4f239d83b96f0,ocrevus,1,2,2,0.3442014923424768,0.24917176667965568,0.40662674097786755
ce129b2a8002323af91764f56eb39aea9023e151,ocrelizumab,4,2,2,0.23221883226769557,0.2859493896901763,0.48183177804212807
fe1e0ab1930472ff268359cf545dd6c080490d00,entyvio,3,2,2,0.08382789410662403,0.11230897746896695,0.8038631284244091
aaebfd814d55038e1c8c0d6aa263df1117b62c19,humira,0,2,1,0.25879104609745385,0.41424805381801777,0.32696090008452855
b357fcf0aba65027d0088c0312c4a5563384bdaa,tagrisso,2,2,2,0.19967386730415723,0.37501771861340827,0.4253084140824346
46e849738b7ec48e72dd94b3357cc94dc392f3f6,opdivo,1,2,2,0.23376218466881427,0.19237242748451214,0.5738653878466735
6ab25dbf60fa05286b7af13e6cba4f1d8d637536,gilenya,0,0,1,0.3074129742262165,0.3515354906889787,0.34105153508480485
4de193cd5dd2211012f4e5caf4147a27d729d343,stelara,1,2,2,0.30379544418096244,0.08247598699516467,0.6137285688238728
b61c690fa900579cea3a37ed1beca7de6e85a16b,ocrevus,4,2,0,0.44521657076528026,0.2713945901719248,0.28338883906279494
0b27eb6be2319b39236aa6ea06b534cdc339a813,ocrelizumab,1,0,1,0.3330786591176111,0.34102199019048507,0.32589935069190396
ea082cdebde9036e0922fba187d482926f33dbf2,siponimod,4,0,0,0.6283828266503002,0.07927918675593439,0.2923379865937653
c1b635dbf458ac1817d1f212a5c49a0f840220e8,avastin,4,2,2,0.0772062864839014,0.11408022473414954,0.8087134887819492
2b2706279414a68f951e950f7bf457e531c0acdd,keytruda,1,2,2,0.14383345660463429,0.29488699261402007,0.5612795507813456
b6cfaef94f8859d149a5ee0cfbd55a4f07b98b58,tecentriq,2,2,2,0.23376724258759113,0.22235038415502745,0.5438823732573814
2ee8bdc1e8e4c186208eec3049fa0996ed3f9de0,alectinib,1,0,2,0.21866414303261428,0.1569130653262689,0.6244227916411169
d83cbbad25bd3665f5a7b94839f0e9732591fcdf,stelara,1,2,2,0.2251627071563659,0.2821826428865616,0.4926546499570725
4d0d9bc8cb57efa0a0e73d51f5c598e6d070c25d,alimta,4,2,2,0.15626311116296734,0.10315152917504132,0.7405853596619912
6354a6541ce94b2fa527067f0d17a5abd05f683a,fingolimod,2,1,1,0.10949889926590856,0.7015564645797306,0.18894463615436083
56c8a13fe23957a49f45ead17685cd6d4795e5dd,tagrisso,2,2,2,0.18927511764524887,0.3729216310655591,0.437803251289192
e9f330ec80dbd4b12e5052c923dc040507ce2bb7,ocrevus,0,2,2,0.14237170294431342,0.3019177099342441,0.5557105871214424
610a87270f82ec9d5d3a19a4f4946ce69b8a6928,ocrevus,3,0,0,0.3937201600282842,0.2536758659160949,0.35260397405562083
76c67870a7711510c0fa65d4f468fb0643aa4553,humira,3,2,2,0.0898174732942871,0.09525415407060189,0.8149283726351111
c01cd4d507cccec989fac7a08b1257d18dcc27c3,imfinzi,2,0,2,0.24191257959482926,0.1195032095440392,0.6385842108611316
08a3664957879374d127a6d627d0c1e8dbdf1f90,eylea,3,2,2,0.23904438163954986,0.2211667485507567,0.5397888698096934
8cbdbcf8ba3edc384561f08289558f15f4fa72a0,tarceva,4,1,2,0.14641287944869186,0.16236295669468834,0.6912241638566198
27af9b2e3d1b6226944a3176a5fed079719f7d9d,inflectra,1,2,2,0.10801110698650003,0.10893422701347963,0.7830546660000203
6758d490e76aca21c1f601a478ffea9ce1bca207,tarceva,2,2,2,0.10822653048676516,0.09382282314424656,0.7979506463689882
aeece5dd0dde2e05e35ab0736098c583cd454601,opdivo,4,2,2,0.3516680388385124,0.11821175827666329,0.5301202028848243
d9b005f012f68bdefbf3885d8a8b044968130f57,ocrevus,4,0,2,0.21086707621327952,0.21206681419457452,0.577066109592146
64484274405f6da9a4a48e3f6f7740cb3524258b,ozurdex,0,2,2,0.19829487879185398,0.1436178955727524,0.6580872256353937
c40d519b9b37c577ff6b385d3c639ef483525f07,opdivo,0,2,0,0.3683113309484877,0.332568758377817,0.2991199106736952
495a36af6c5ee7cd28b7a22845a42681e9ce000b,ocrevus,1,2,2,0.2951178675572777,0.23697845524058453,0.4679036772021378
a1a76fae02c3e747e908b129c094f1760504de06,tysabri,2,1,1,0.1898892278860727,0.6506372948123835,0.15947347730154368
8ffbfc193f6603dcf53d004c706e149dd019a270,lucentis,1,2,2,0.14335362925688028,0.22161534827093024,0.6350310224721895
f6a689033a5dd30dabb447cb1529e7554956de81,humira,3,2,2,0.08712078809804699,0.069193187724472,0.8436860241774811
fdfc8c7dd91844810cf1a772b2a3c4968c59d749,gilenya,4,1,1,0.23656498019048855,0.6931443379863598,0.07029068182315173
90289d439fb88843c5587a1f8305b934c19453ca,alimta,0,2,2,0.2041074301529692,0.19814211363713793,0.597750456209893
1859f20c63fe28d32f3e6473f152d553e24ef411,gilenya,0,1,1,0.216514821424964,0.568592073152526,0.21489310542250997
5a99d2f82fdf8df4d715bb7e6620326a1ce8a112,ocrevus,2,0,0,0.6073272188722375,0.2286834762192823,0.16398930490848013
847c8d6c0d33fe8fd73307f79b7b9a3823e3f734,simponi,2,2,2,0.0848436464817629,0.06331016722321492,0.8518461862950223
0bc2a6ad487168d97afa1bde420c146173050b9e,vitrectomy,3,2,2,0.12375515587866502,0.20441036714234992,0.671834476978985
855ba4589e5ffc70b5424637cfcf94c531277c35,opdivo,1,2,2,0.08218064253164863,0.17653263490712107,0.7412867225612303
77f02f9a09a93634696a0adf8d2efe7ca3053606,alimta,2,2,2,0.18167603876915678,0.1689734499694194,0.6493505112614238
6fd8a9f959564d23a73d5fabfe5543017ef8ca6b,vitrectomy,3,2,2,0.12738807662238838,0.3406779304250356,0.531933992952576
8e869f8f0553af7a55adb15873dd70e0967f1170,ocrevus,0,2,2,0.0938814201047518,0.12267279003937806,0.7834457898558701
ba5e290048aa25e2ba75dd2e12737b7c43ec7c1b,ocrelizumab,2,0,2,0.3417596616119897,0.15781040029507376,0.5004299380929366
2be8b83e14e91b16a49f8d4f45998183b83f46b3,tarceva,2,2,2,0.11107087197434176,0.1956310485133056,0.6932980795123528
81ca287b0e9a456ff7d592a50aa2fc731f554a1f,ocrevus,4,2,2,0.0827421531517955,0.09779162923440243,0.819466217613802
22c411cf43df86b795b6f0cbea18374fc589bf0b,ocrevus,3,2,2,0.31641814262929224,0.2922522139318282,0.39132964343887944
29351ac29279cdb8d4355b7ae9e14f53548fcdfd,cladribine,4,0,2,0.42352749706122494,0.13464345102136585,0.4418290519174092
036ab3279ba2b4b3026c30cba7c484ccfb258752,simponi,1,1,2,0.20651854352075816,0.08484935972701775,0.708632096752224
5eb000e673e9ee976045b7085829d00886cbf632,gilenya,0,2,2,0.30304671683009843,0.24133769942601813,0.4556155837438834
322a7fb88539e2948f847d5252b4034751691560,ocrevus,3,2,1,0.298857129400599,0.43031214039901994,0.27083073020038095
686d17da333728e44d0f2de8be926328359678e1,entyvio,0,2,2,0.1704768398427945,0.10950874337643816,0.7200144167807673
4b9a486bee5d25a391084ded364ee24bd14fd3fb,gilenya,4,2,1,0.2576403487101187,0.5521320397860069,0.1902276115038745
e1ad94fa46394c5aec80ffa9e4be4593e39762cf,tagrisso,1,2,2,0.1540222794551076,0.11405619723116496,0.7319215233137274
cba7d8c7aeb908912785ed6f3788d37088eab584,ocrevus,2,2,2,0.1149724383780735,0.12477932551360277,0.7602482361083237
7689853296bdf8042d4df6533b62d583d2b69136,ocrevus,4,2,2,0.1398068636226135,0.09006284928492071,0.7701302870924659
6d11118815007776555e7b70e75fddbcd2e3c768,opdivo,0,2,2,0.19379993216737323,0.2114447406716121,0.5947553271610146
cffb86e3f61d7b32d1a5dcedc9651ab0ac1f79f0,opdivo,1,0,2,0.19496112264781892,0.24227135848591555,0.5627675188662655
25b8d86aeb7e242ff630f7fc4eda16a4f95273c3,ocrevus,3,2,2,0.2918280509179491,0.1149616736572645,0.5932102754247864
90edfc48172154a423d5fd0371f42730e3de6c24,gilenya,4,1,1,0.28105879841742915,0.43354479202084273,0.28539640956172807
0f072d9f7c8349465ae429d84ee8a27ee304ab75,tagrisso,3,2,2,0.2144344927160087,0.19834440323678082,0.5872211040472105
071f70a6a1d173d2d63b41f1eee4aacc9c594365,cladribine,1,2,2,0.17721246424775655,0.335353219835684,0.48743431591655934
14ed29dbe9e061ad1c14def4b1dee372fabfdd9f,ocrevus,2,0,0,0.6372615801594194,0.11431884086345072,0.24841957897712996
2cb333a17d82661f99d2cfa30721fb6615bb31f9,alimta,3,2,2,0.2038368196327632,0.22692490803333526,0.5692382723339015
d8275d507156d15ca32598e6812298b39aed1c3c,ocrevus,2,0,2,0.1303958790138806,0.13801407192063458,0.7315900490654849
34f826ec9982bedd36647a9b3bac7676e37a156b,gilenya,4,2,2,0.14592264899596918,0.35204167150791943,0.5020356794961114
3e79a3305f5363605772b628b2785b7243a543aa,remicade,0,2,0,0.5122816943738175,0.2750138194359309,0.21270448619025153
9909ecb08aa3067da1f3cd735dfa98d07c32f1e4,stelara,0,1,2,0.2089441758195122,0.1987877829392796,0.5922680412412082
1e45dd61383b5782ebb8396bdfbf3abbb1527a26,ocrevus,3,0,0,0.5198361724487511,0.2089628186884744,0.2712010088627744
9b9696c5a10eb48def8a95dfe97720ad421123e2,ocrelizumab,0,2,2,0.38923619440580504,0.13801233245351005,0.47275147314068483
ded560ed6e1f4164b4094e185e7f094d70706c23,tofacitinib,4,0,2,0.37297944762411867,0.1387275459909623,0.488293006384919
a59679df1705f669287bf762fa8c8421b7592cb0,tagrisso,2,0,2,0.2640694485060698,0.21262164938789077,0.5233089021060394
76e62e2b4bf29c2231357134dc95e4f4938959e8,osimertinib,4,2,2,0.20063427016576202,0.08867172997896874,0.7106939998552692
a80b1835621690c3932e2a1ebb809a8a718e6855,tarceva,3,2,2,0.2747586997088792,0.21581695098792947,0.5094243493031914
f28596b1255fde61d09a0532a0fee849e003fd81,tagrisso,4,2,1,0.19424320863412334,0.5748025177951894,0.23095427357068718
4dc011b36c7afe66037b1235c3c0a2d354e82649,remicade,0,2,2,0.13437755647353591,0.12517801563718606,0.7404444278892781
6ef4a6476cb1fd8d6ef9b0765cd6efcbd6843b34,remicade,3,2,2,0.2110104521072924,0.20842691091957727,0.5805626369731304
189e6f24fecdc3b2189dba3e1150c71b01ea44bc,iressa,4,2,2,0.3595838720294097,0.1718675096712004,0.4685486182993899
498b73d7efd309d164f542a4e7e1675d8b634807,ocrevus,3,0,2,0.23842340136053702,0.199164326665267,0.562412271974196
798fb51e9a1ccfffc31afba1e66f3c48a04cce4e,gilenya,0,1,1,0.32934589007493664,0.5473292278672939,0.1233248820577695
e9ebf70f2b36903a3be01ece344a739e26c856be,opdivo,0,2,2,0.21252819453433558,0.20781791948311173,0.5796538859825527
91d0ee6805abd3b376da2028189b1108d4e819e4,humira,4,2,2,0.12346933874348567,0.2230419476400135,0.6534887136165007
6b4741b722383ac366fa94f91f92e1a9a1f4e467,humira,1,2,1,0.2617127440732347,0.40760268886942325,0.33068456705734217
6350f9da73ff84ce60a51cf154ae0245ebe411a8,entyvio,0,2,2,0.2487161601559807,0.2760455237919283,0.475238316052091
bbf33bd448719411fa9d2480b74323603858b074,dexamethasone,1,2,2,0.22082031323072096,0.162192141245441,0.6169875455238379
b60d16cbd64aad6987652e0bf28c9fcbdb993250,gilenya,1,2,1,0.19382377330141323,0.4105373698685272,0.3956388568300596
5de7b849482e60813c02ef65eb8b729f2c5f58db,tysabri,2,2,1,0.25251571884147983,0.5085137155212062,0.23897056563731403
97f2ffd284abe09725795258e80764f8f41243e4,ocrelizumab,1,2,2,0.20079077480158045,0.2861728932525066,0.5130363319459129
8554cd4547eb07ccde63210ab43431d8083efaea,ocrelizumab,2,0,2,0.3971179422361321,0.11706607613618697,0.48581598162768075
6fb9affc0dbe00de94b365738e1791fedbad4595,certolizumab pegol,3,2,2,0.10004840866525523,0.1834765563535534,0.7164750349811914
f94cf55f4e1e736a7a09ce35e9aaccb7d62ffd3d,ocrelizumab,0,2,2,0.31769977356821066,0.1627066266374638,0.5195935997943255
e6edae5f17ee11fc581a7b0b1ed12865346891b6,entyvio,3,2,2,0.10097740579336642,0.1613354549312346,0.737687139275399
32705df8e0cc0ccde934f595aeaf9fecd9afe9d6,ocrevus,0,0,0,0.5019238208156065,0.08105425486305226,0.4170219243213413
2ad73dd4115b4993f06d7d4f63a74c605b580793,gilenya,3,1,1,0.38413839422500684,0.40070260037033095,0.21515900540466223
42e2ce6ef2408377fa484ca8d5484e6a158ad278,alimta,4,2,2,0.21550659635763378,0.23409059582337993,0.5504028078189863
ec23855ed9aeaed74d27387e15728139e13fd3ba,fingolimod,4,2,1,0.22720779701864105,0.38819281465801786,0.38459938832334123
412f4f653c7da1bad60f7ffb6df41d2be41d5b94,entyvio,0,2,2,0.20817802997413884,0.24505153878531127,0.5467704312405499
18c2576efff62eb9b1a02e01933e603d3250d4d0,tarceva,4,2,2,0.11964718736098753,0.08233726798467712,0.7980155446543353
8ace24b55c9502a9228b92b19526e32de00b4161,ocrelizumab,4,2,2,0.32068458184156506,0.21069934444713911,0.46861607371129577
de0504ae8ccda4a7ea60dc35ca4d5f03e95d9c35,pemetrexed,3,2,2,0.11208972526317834,0.24365551109696512,0.6442547636398565
e4fbee027a404188c434bb3eeca8c466a45a52ae,keytruda,1,0,1,0.23791841811986958,0.4591308330902618,0.30295074878986855
83561ea2d93049d4cea8c9052f84dd27257ae0b7,arzerra,1,1,2,0.17178810593648525,0.2266886803676087,0.6015232136959061
176d99153cacb09ad9d3a88d689dfe4eb9bb5330,lucentis,2,2,2,0.39836866748540617,0.18712333496624048,0.4145079975483534
2e464f6609cf85f2924a0ae73f1f5a510447b627,alimta,3,0,2,0.2959546219490389,0.1892662288418747,0.5147791492090864
7392abf50d2963f460de8572bac84edf47fa855e,mavenclad,0,2,0,0.5266996577237582,0.17068930693584491,0.30261103534039685
5cb25a3cd2d37bc043359d8167804d609c976cce,gilenya,4,1,1,0.32126349793463954,0.5199265271446983,0.1588099749206621
d8664ca126104ff4542d231ccf7c8fc795bac3cd,ocrevus,1,2,2,0.23170227449753653,0.16908862110219067,0.5992091044002728
236a8be8c0be7c9e71276270595527bdb33dad9e,ocrelizumab,1,0,1,0.2787487260866985,0.3823265748512722,0.33892469906202927
58644a4af237af8610866b8e6055ff30fd971483,tarceva,0,2,2,0.21596700315692374,0.29929123435141464,0.48474176249166157
a4f0168545253fd54547c7c11ccca673a5cccbea,ocrevus,2,2,2,0.1742137779920278,0.18949286281061348,0.6362933591973587
bf5ae9c1e0d3b33e7ae74a7faada96feb005d76d,siponimod,2,0,2,0.39961176149812294,0.10581260453018504,0.49457563397169196
5b1d339dbc27a8648d9edd71562022eac12d65a1,ocrevus,3,2,2,0.07287012280929246,0.1321309342708433,0.7949989429198643
36f6840ba908ebcc9a92b31b7a0ffba9e3809f41,ocrelizumab,3,0,0,0.6679013780752223,0.13587175590391679,0.1962268660208608
d7f80bd1c57dd196cf102eae6ff5f7caae43b880,ocrevus,2,2,2,0.29888771432732303,0.20892786841261432,0.4921844172600627
5f1697cb9a588e0711e3b909670e9129fe1156b0,ocrevus,3,0,0,0.4498618611319286,0.17228680699125315,0.37785133187681835
e16773ec70df1f257bee53c240636b1d1c819e79,alecensa,1,0,2,0.29982013139019864,0.12448671036419562,0.5756931582456057
debe99a39c8389f70fc6fc284ce8699b8a70935a,ocrevus,2,2,2,0.1935917469868834,0.16118335436259648,0.6452248986505201
d9ce992819b231e419bc956a054c824a43f00892,dabrafenib,1,2,2,0.14397583902749805,0.183706916407917,0.672317244564585
a146ca507820a92a88bfa2902d589702de3475d1,giotrif,2,2,2,0.25649068402108,0.17084128568279786,0.5726680302961221
6f873dd3f0b95d3721e1a2f229a3db5c5d66fe83,gilenya,1,2,2,0.1452180843403684,0.3346977246218321,0.5200841910377995
9239ad25b14b1ff301f5db33e95d0c7074efac39,gilenya,1,2,2,0.1410870988917537,0.3240381574452356,0.5348747436630106
5e23657f467ddccf1c4ab9981e217c644fb52c78,ocrevus,4,2,2,0.07693352310653348,0.21344982685871183,0.7096166500347547
624bb866a99cf0ef6f09e5c734fe81fbec22cff2,durvalumab,3,2,2,0.2723815486536522,0.13863084724432642,0.5889876041020213
201278a5e2776437bfc1eb0cfe477d91c97584e6,cladribine,2,2,2,0.25324678279866125,0.1832043014078682,0.5635489157934706
9d6e00fc81f2055c636f3e9edfebf2be4b7c0531,dabrafenib,3,2,2,0.1506202946529757,0.18541820337847748,0.6639615019685468
74b94c72f36d06e6cc8d6f76d3a4c1ebf72d1aa7,gilenya,1,2,2,0.24150662989790642,0.3654831498542057,0.3930102202478878
db39690b6eefc80a4ed207e7f03c6648c9be60a9,gilenya,2,1,1,0.2353728342693892,0.5393739839000632,0.22525318183054763
20147a100c51e211b4008aea3d5d9711beb1637e,tagrisso,0,2,2,0.17206082654827076,0.11677979036263378,0.7111593830890954
935d8389ed545c0328001a195ed08dcb3dcd1d00,ocrevus,2,2,1,0.3504706854017365,0.37877161297737477,0.2707577016208887
8737b5250ee291a01af5a2acd4130ea9dd34cf9f,tagrisso,4,2,2,0.22962000894056372,0.3324336543190915,0.4379463367403448
c5f9e5e3d9b00dcf26f6165e0c6b1d07dc1886a6,ocrelizumab,1,2,2,0.32133181172419745,0.26777841505440647,0.410889773221396
0f23d90e1939323c0c847a7f45ab83af8b42731b,simponi,4,2,2,0.11018550562268452,0.18212380885388477,0.7076906855234308
66bd2721d6c123534bd368bffafa708b63114e0e,fingolimod,2,2,1,0.3035590989289323,0.3602923233981426,0.33614857767292505
9443d0a4a4f847670a15b04e76e8866a7c531dd8,ocrevus,1,0,0,0.3538667761943292,0.33188234406013295,0.3142508797455378
eaf9e78f407db78af571440dc1c6e2f3e449cd43,remicade,2,2,2,0.3164699070868798,0.24439758223142866,0.43913251068169146
5e8f690c45b69bedd566b578ee9afe8174fc20d3,avastin,0,2,2,0.22263118110016883,0.11495229127881734,0.6624165276210139
2299ac85314f162753afb79572b941fbd50672d4,alectinib,2,2,2,0.28572791585117085,0.1712154753594364,0.5430566087893927
8bfbbff0949e46b3ec5bb0ebd39f46921bdc5f58,ocrelizumab,3,2,2,0.31162220757268266,0.2346010756691949,0.4537767167581225
cb224029cd1b9c277fb822c35bdf1cdeaea534aa,humira,2,2,2,0.09910665968518671,0.21772912547907503,0.6831642148357383
fb209c6d722149601c7501da59f8a79bb8ece92e,cladribine,3,2,0,0.4426673202990476,0.1577000096738258,0.3996326700271266
59d1087a261a5457c80b2b52e4b3f365e8264fed,entyvio,1,1,1,0.11013391806612614,0.7319054562378727,0.15796062569600122
a6d12ee64bf6cf35aff7aa095c4e4b3571ea58e9,nivolumab,3,2,2,0.1299545562491577,0.11963536097329833,0.7504100827775438
d8d34f596d0930d0d4d4fa7b7fc3741815ef31c4,gilenya,2,1,2,0.2319503648319441,0.3732579332154685,0.39479170195258745
aac85b23944c2680f10a3f74ede8cd726b96d8c2,ocrevus,3,0,0,0.5106953376081267,0.31378424192898835,0.17552042046288502
0db82acec7e261afa8fa45d0db4692152ec696ac,vitrectomy,2,2,2,0.16361450614345754,0.13617310340863112,0.7002123904479113
1155e1896eca53caeb997360e8a61684d3d7dc40,gilenya,3,2,2,0.2735420004115435,0.3008771245653979,0.4255808750230586
4c88d6579c0a483124dffad7879e27a03ec6753f,lucentis,0,2,2,0.2570446890723624,0.16234613993737076,0.5806091709902669
8a65ca9a83731cf09398db10608aeb491afe68ed,durvalumab,0,2,2,0.20428383111043869,0.2584919747279444,0.537224194161617
4d291163959b0c7f247fb3a154dbdaf5561bb1b4,ocrelizumab,2,2,2,0.1471983695546398,0.1963185041289361,0.6564831263164241
9c4075208cbe58b50b300c4e6c0263a7386d5797,vitrectomy,1,0,2,0.2638547768267277,0.21673189262774176,0.5194133305455306
1f42c8a705ec73d0295256a65945c1a21ae17b78,tarceva,2,1,2,0.16505548951523694,0.1268259559241668,0.7081185545605962
b3c550b94cbe2cba9041837940f707596a2f8782,golimumab,2,2,2,0.2819597487705957,0.2982498583182942,0.41979039291111
5c7ab52189ecc4f88757badd95f6caf87d51f67d,tarceva,1,2,2,0.25784912831331624,0.11925650072646482,0.6228943709602189
73d3b339fba22e0da96bc6227d610c93fcd69a5b,ocrelizumab,2,1,2,0.23820297121057712,0.1541764944808724,0.6076205343085505
10385ffdd0daa066274bd8d9bb303a3fe0978fdc,ocrelizumab,3,2,2,0.226007778244353,0.3400518645915821,0.433940357164065
2b30b729c0ebe7da58dc8089c21786a9aa874375,keytruda,0,1,2,0.19315609478255327,0.36189557163103775,0.44494833358640895
cec6fee1f30b7af43c6a488f70be5b5fab2f4d3b,cladribine,3,2,2,0.18772848520802307,0.10898685495454531,0.7032846598374317
fb9699780c3caaab7ae9812caa1d207c1c6525e5,ocrelizumab,1,1,1,0.23100929175692414,0.5651684802894184,0.2038222279536576
259c58178ec23d67a33e13a0ba611a440715c39e,vitrectomy,4,2,2,0.25705685865206407,0.36278851993861294,0.38015462140932305
43b01561a69f2aaaa11f5c91c433dd2956182ec9,tysabri,2,1,1,0.32473960218665276,0.49556269624025795,0.17969770157308923
5c3ef81a2bbe171d95a5b0fc8fb1e369a24a77a5,gilenya,0,2,2,0.25624423074418545,0.21477977760371492,0.5289759916520996
663b5a30d578d25779fb67e4e251a13b9d129f41,ocrevus,3,2,2,0.07599849583836318,0.1687630537702349,0.755238450391402
a1b60751ad83e794e518c88142ffafa904d2b112,keytruda,1,2,0,0.4823305221886886,0.19951640795383063,0.3181530698574809
53e42d82146a78087afdb574ea80617d36387213,ocrevus,2,1,1,0.24499508810906145,0.47034203919056206,0.28466287270037655
518aadc1fc5139ba2c63e75ac691faff02128c16,nivolumab,4,2,2,0.16115793729460878,0.1535286496326339,0.6853134130727574
b37731dd37459cb6a95d36339d931412b6de0546,ocrevus,3,2,2,0.1701187428053678,0.09898231586919477,0.7308989413254375
49e07231083dd1be4ee76f9e8064ec41006ba1e9,opdivo,0,2,2,0.2788757454797367,0.2902364467879413,0.43088780773232194
79fb3f28ec1b3238332578df085cbddcd002f36a,entyvio,2,2,2,0.08185278669047899,0.35144524237643865,0.5667019709330824
1310b45d90617723ca45928a3d1b7a78f61403b3,durvalumab,0,2,2,0.21000954431903765,0.14795390412660459,0.6420365515543577
7332c095bb843ba4cdd549a60ad674d9c863f314,gilenya,2,2,2,0.268363981108864,0.22621129482641683,0.5054247240647192
32e35e618c753d3f0ab91e81376c8fadefd697c1,gilenya,4,2,2,0.2111921363473313,0.2753081605761182,0.5134997030765506
e3641fefd579cd821fde714dedb6760024ec2b95,alecensa,4,0,2,0.27806378601249976,0.12342123881218867,0.5985149751753116
35b5afcb0e5ac75bac9ccbcda64bc93a9b40669c,opdivo,2,2,2,0.18149141450603454,0.21222499841434003,0.6062835870796254
8aca394d75c806fd01aaf77a90dcfad79e355b36,ocrevus,4,2,2,0.12336964924915796,0.1558617160810995,0.7207686346697425
f3c6fc94c928e83d6090680176be1083f5e69f30,tarceva,3,2,2,0.2450898558088234,0.248660503725923,0.5062496404652536
2d64054e00504c3cc008728feed4e289b5da6a76,vitrectomy,1,0,2,0.39539923132306226,0.15752198539093468,0.44707878328600315
ec92f940c4261e98cb4a63b646fa59babdb5c5e1,humira,4,2,1,0.2504774555594121,0.37612474833137227,0.3733977961092157
f4c095380b90929ed75e46f2467102415ad6fecb,ocrelizumab,2,2,2,0.29568141289431754,0.1118045333593163,0.5925140537463661
99b1c49e2dc81611601be7e4756445049036ee60,tarceva,2,1,2,0.20885054083620821,0.3329470164976927,0.45820244266609905
331b73e7e1adb7253d1d4090ff0c518053cd4690,inflectra,2,1,2,0.166412075922351,0.26782401138555834,0.5657639126920906
98f73a332b5307a804d6bfe067b1a45ca31e4b26,stelara,0,2,2,0.13636259273022353,0.3187012324000371,0.5449361748697393
d83d6706cd596755676eb6d9d6f1bab8dd69dd96,tagrisso,0,1,2,0.20579460857376516,0.31547764481145274,0.4787277466147821
7d0ee14336889605a3bd1810b0a858c3c1441acc,ocrevus,0,0,2,0.39100848960752305,0.18093184477934834,0.42805966561312864
d8efd3277eb5ebafa3b041cfc5434485954548d8,gefitinib,4,2,2,0.29691177707414995,0.22652296115871914,0.47656526176713093
c34264c06fa8e17cdc41bd6b3a61e83f902aa67a,opdivo,2,2,0,0.4050603106172067,0.2308916911656086,0.36404799821718475
e41680f228bca4acc827db23e0a0c6aa82e06f8d,tarceva,4,2,2,0.2518508297787789,0.30339962342351345,0.44474954679770773
644d44f9613331b39995d8d2d7671be07778aebe,fingolimod,2,0,0,0.455131168187895,0.17613145788737206,0.368737373924733
2191edfdfd4b96e3b509141d3b8bc084649eb2a2,entyvio,4,2,2,0.07049689282480542,0.07868324804104071,0.8508198591341538
de10f7258c1ab15d3b253c7d40787cb3a3fb403c,keytruda,2,2,2,0.27610615953036227,0.22460170755356046,0.4992921329160771
f4e947621c199c9e6129709a2b6b0096e81abd44,entyvio,4,1,2,0.15470972490557358,0.22395045622336512,0.6213398188710613
626c5409a20b4352d2a5aca2d964b84478081a50,keytruda,3,2,2,0.1103523684041143,0.1643894856870616,0.725258145908824
d8a0bd746345d2ab812a73e247fcb5641ce14a5f,opdivo,3,2,2,0.31246479213024203,0.17927219575622064,0.5082630121135373
7707b4ed8d7d2fbc0d05d19810443b74d5b78827,crizotinib,1,1,2,0.152156037632365,0.3713491230189283,0.47649483934870673
8626964abf27256e30942fd0d8677eefe98df744,ixifi,0,2,2,0.16368289724404814,0.11069624147096561,0.7256208612849862
17c53a46254652be3b6f7f716258bffc383b8cfa,ocrelizumab,4,2,0,0.37725798612660744,0.30322745543472374,0.3195145584386687
157153a931a7b308a62a93c6aa30c6bc6c4da1ff,cladribine,1,0,2,0.3158411650995787,0.23111353651475244,0.45304529838566876
5f71f2cbedd9b4c46a3c5a44e2c9d255bcbfa2d8,mavenclad,4,2,2,0.3124316161166232,0.2849015747573193,0.40266680912605746
23a5ef6f68af81cfc5299fdf5e9bfd56ebf09251,ocrevus,0,2,1,0.25817336626979814,0.4381041805679421,0.3037224531622597
1ca0b011357cee38f4d2b5e358e2ebff828f88c8,afatinib,3,2,2,0.1940577281086065,0.10527210638190726,0.7006701655094861
6df11d9bc26d8e3773ba1f4dbdfae7c3755b0626,panretinal photocoagulation,2,2,2,0.2521060021864355,0.18579936682573844,0.562094630987826
fae9833c9a44beff7fa0ec892d652bda730e2fa0,alimta,1,2,2,0.1650690130275745,0.13237330164293484,0.7025576853294906
2a4b8a17e8733590f18e4e464db071b157f3e2fa,gilenya,2,2,2,0.16061692418182213,0.3091872495491005,0.5301958262690774
f698427b20a2334e690f700cb3d4d342535ec390,alectinib,4,0,2,0.2295985235345663,0.12911615474864443,0.6412853217167892
f87ddc79711af1b47f9ad5d62c9b2501dfbf6427,atezolizumab,1,2,2,0.32703778132451744,0.12646878226776606,0.5464934364077164
22e83edcd2569489d95d20c075c153afe7f6e6c9,ocrevus,2,1,2,0.18168477460480495,0.3482315651665263,0.4700836602286689
73e91884961dd1bb88ab0754b74f135e18538f1e,gilenya,4,2,2,0.31373103877541025,0.3247288550951892,0.36154010612940046
117e3b2465570a51dd613f1787587c287df69a5e,gilenya,4,0,0,0.514409511808014,0.3267697149644905,0.15882077322749558
5eed567cf1d8523a3280a2baa98a30f01b555b9b,entyvio,0,2,2,0.051370084773587225,0.07607118510093638,0.8725587301254764
f6657593f6509ae9dc3ef856f90755099be5dff9,entyvio,3,0,0,0.4044411409755643,0.20641417179756338,0.38914468722687234
92d4c1ddb069263da03a10b0b8af2f20faab1c65,ocrevus,2,2,2,0.20832879311031607,0.36902527852975814,0.4226459283599258
d933620dde2a94a0bf1d5968fe3b9a380df8fcec,ocrevus,0,2,1,0.17672862113206128,0.4736493612554135,0.34962201761252526
83cc601ea8f7bae30319071a56e84a5a353d962d,cladribine,3,2,2,0.33409867612931954,0.15135003433523717,0.5145512895354433
8677b93676ff78c12811d65ee7df1e0321e5dd5a,tagrisso,2,2,2,0.12247534252000936,0.1795468305405677,0.697977826939423
fa45a934b401dfb10be56e528a409414b3d7ec57,tarceva,3,2,2,0.05285929081350607,0.054728240147082156,0.8924124690394117
07e7c34d9e3b511c1c8846123d46d96de470ad47,alectinib,4,2,2,0.09836967034862391,0.0747729125464557,0.8268574171049204
b5b274e401342d0a764d063e23260d6f6947346d,ocrevus,3,0,2,0.34695790445522634,0.16208345372492233,0.4909586418198514
305218185bb46b7cab2fa5bcbcce771a3d50df28,cimzia,1,2,2,0.0938296795885068,0.07389851298319022,0.8322718074283031
0906b5d258ee2501997f64ec34efe17ab169aa2e,gilenya,2,2,2,0.17325084066187102,0.2668555696951528,0.5598935896429762
768853dddfd50be102fae7587f779cf1b5fb37cb,tagrisso,1,2,2,0.12716817794729526,0.24247971130671608,0.6303521107459886
07a69063b46142820d278c906588411f462ac0ec,vitrectomy,3,0,0,0.5177293014003947,0.10461846429840638,0.3776522343011989
8b526cd6e09160480b3ed2eaa92c6b078ef5a387,cladribine,3,2,2,0.2390175959139551,0.11108351621288043,0.6498988878731645
4d7ba19177608add904389d17ebf4ef9296dd38a,crizotinib,2,2,2,0.1901703814600488,0.13281447141599811,0.677015147123953
119f8d46c9b490121d4901f0d7168072537227f4,ocrelizumab,0,2,2,0.31889508891849155,0.16497607170980202,0.5161288393717063
b9187b4ca22541015c77628aa574cb86a3a77d78,gilenya,0,1,1,0.17854176406774577,0.4795455000086062,0.3419127359236479
2f315ebec52ff6f607839824e768395c6e5d0c69,atezolizumab,0,2,2,0.20929240053974468,0.09955914994883602,0.6911484495114193
1530db5140607029a84b5220c1dc30607e675060,tarceva,3,2,2,0.28284492577072945,0.15672374798454403,0.5604313262447266
9248d8be624ff3245d3077a5e4800d63bb9dca5b,ocrelizumab,3,2,2,0.2002087946956805,0.14930244057064906,0.6504887647336705
218803abc37a16ab4de42657ebabbfec09e79cf6,stelara,0,0,2,0.38184616367591306,0.13173396675020077,0.486419869573886
8ed1341a41285c5f1a5c53ca3606130c03a44206,gilenya,3,1,1,0.16828576126127062,0.6257279766729734,0.20598626206575596
9b84bdc71e3ed1aa425cde056387276d741c3689,keytruda,3,2,2,0.15225713106689548,0.11669880388107871,0.7310440650520257
6ab4fcb332844b6749ac566e650ed1ae5ceb10dc,remicade,3,2,1,0.23187398409715565,0.41606275395545306,0.3520632619473913
fc14d8056e934ee166ccfb5cea952352d64a214b,ocrevus,2,2,2,0.30845939167047937,0.22800423999691605,0.46353636833260453
a55fe4747510af6cde8a06389a7c8abfb52f0c19,crizotinib,4,0,2,0.23024709257447248,0.23472873564612734,0.5350241717794001
2d9f34d3d4f71391eb9b494cebffe757689f83c3,remicade,2,2,2,0.2341513562150214,0.30970483966598344,0.4561438041189952
a0057e16b2300dd0ca8a86b92dd80cadffb2e7b8,gilenya,0,0,1,0.3161270588323643,0.36381442116335794,0.3200585200042777
44b3f755a605e7682060032745531a9dbeee7c2f,cladribine,2,2,2,0.1942947704752846,0.1144121481043492,0.6912930814203662
19bef80423a8e362495d28319638800712b7f010,entyvio,2,0,2,0.28970102699403466,0.28962434781826996,0.42067462518769533
2ef49c1de7377df5cb4301d4eda1cb7358e0957f,nivolumab,2,1,2,0.14404491387486568,0.37294519349591027,0.48300989262922406
df3113976800cd13c50f1a059ef0c17c63402bf1,ocrelizumab,0,2,2,0.36447417450221287,0.26705971514093996,0.3684661103568471
f435f22c50ac9d8103b3166d00e2086758102bbe,brigatinib,4,2,2,0.2677319937308068,0.14859666879450908,0.583671337474684
55455525ac85dc154bf9d0b26bca00a9c145dc1a,mavenclad,4,0,0,0.5308676513982822,0.14735542234185575,0.3217769262598621
9cd6ab18cf5ac7e12de77f1801de3d11d0826f07,gilenya,1,2,2,0.13946320797901857,0.2251763200962224,0.635360471924759
e5ba8888a90b525b9db7a90b98c90b076fbfc8f8,durvalumab,2,2,2,0.07430169603021285,0.12415957001568496,0.8015387339541021
758247f88ee21b58c16efbc13136bfb08c89eaee,remicade,0,2,2,0.06525336342181419,0.14031355944135313,0.7944330771368326
161e4b226c1921afa0e05d75cf9ff649df1cf725,alimta,1,2,2,0.14037075501956967,0.14223776712768202,0.7173914778527484
2cf96ed6b3fee84d19927578475cd7db9c580137,tarceva,3,2,2,0.17619516988338843,0.13437754983611494,0.6894272802804966
e675b5c1f68fa318fbadaa4b81b14ddbeffe7d48,stelara,0,0,2,0.3051509165277864,0.26522390822117214,0.42962517525104144
ac915e1141f7a76c1ae1eb99498bf680e0fd402a,entyvio,2,2,2,0.11281503879921947,0.42919554086793066,0.4579894203328499
b2e7f3b1d678f5a9aeb25e1c1dc1048e0ef34f23,cladribine,0,2,2,0.24944089985151374,0.20642628739376795,0.5441328127547183
1fe83c01b8b634a42c22bbf60a51a4eeae7b42b6,entyvio,2,1,1,0.06894595418903422,0.47597072737946944,0.4550833184314964
83c2b47e00e49bc97669d462646c56ed913b99fd,pemetrexed,4,2,2,0.22799648324618743,0.0975480467508275,0.6744554700029851
28abda2cb3f8cc5c52ce61080bd5c9d1320b5800,remicade,3,2,2,0.11668549550183124,0.2797899766063908,0.603524527891778
45f275ae13b5a58c7fb6a9cc76bdd43cd8411c86,tarceva,3,2,2,0.28499170597578344,0.0737978541306587,0.6412104398935579
13d3b382df9d1d6377879de4654f35b9c631d89d,fingolimod,4,2,2,0.14515654308434708,0.1275198755782446,0.7273235813374083
e5cb76463488d3fd9450119f39624ce7659b476f,fingolimod,1,2,2,0.18685715039988746,0.15531053679807907,0.6578323128020335
78376386f208d062b761cda4f185d24d5f05406a,eylea,2,2,2,0.23845763452443638,0.2512737142300221,0.5102686512455415
10533c6996b4ad60922e89409ed76b6fa0cd6922,entyvio,3,0,1,0.35028476794262303,0.36517658596089586,0.28453864609648105
5bce3e6278f699810e28a4dfb6e5b73c71d11eb6,ocrelizumab,0,2,2,0.20060620927358674,0.188833871532381,0.6105599191940323
1d959e48be7bf21f90946815832cab56338e3dd5,pembrolizumab,1,2,2,0.1590437362506582,0.07967635195111582,0.761279911798226
87193d33bde7875e6ecdd425a81aa8388fc87ffe,ipilimumab,4,2,2,0.3873867684298485,0.12772175222493534,0.4848914793452161
2fd595b8f9e1eede537cd3592a1b35f69f555305,gilenya,3,1,1,0.2618799559829504,0.4810204713156601,0.2570995727013895
b186ee99599ffcf6a5a1dccd9d1badc80415b155,laser photocoagulation,4,0,2,0.2280210839652065,0.2618652797009193,0.5101136363338742
692c2ca6767efaeff39e92abf4334165c89ba7ff,ocrevus,4,1,0,0.40746440879792756,0.3105398404824753,0.2819957507195971
2f546ebbb144e9f48b702847a0b0703b186580ec,erlotinib,3,2,2,0.1521749164296266,0.07881465704584358,0.7690104265245299
ce71f09c4ea71254ab72481ae0545ed0851dd15a,eylea,4,2,2,0.11719771791524936,0.11307962732087004,0.7697226547638807
ce560fbfa1ee8cc521250c439df9dcb30e60bbf2,opdivo,4,2,2,0.18380402410139637,0.18303060187201742,0.6331653740265862
6ebb96e433dd81c93822dec75a5478b15ad25aa2,ocrelizumab,2,2,2,0.3245559327959249,0.21710363405378258,0.45834043315029266
ca43171b10e64a6dcd7dc97e492cdf3e6611eac1,entyvio,4,2,2,0.11719721760101334,0.22558182177061967,0.657220960628367
605d6c78e651d15546ef8bcb6776f0fcb67db11b,ocrevus,3,2,0,0.45476127101284375,0.30730956977228374,0.23792915921487257
b3b7366543d5766f1f5d112e3af19e6e051bf4b5,tarceva,4,2,2,0.2404448288784293,0.1498881945423028,0.6096669765792679
2deba132ba819a23f0c366d7601dc962c4115c48,opdivo,4,1,2,0.15991363620141513,0.29024721923861607,0.5498391445599687
e8eb2fe04f67064a2a8adea1b7aa4d14d84eca83,cladribine,1,2,2,0.2870719855824606,0.2101785738513338,0.5027494405662056
2db4ee69455847a35a9e6a1cc70a6cae6b2dbf26,remicade,4,2,2,0.19028040212477998,0.2742864512056496,0.5354331466695703
094cea8638993667fac6ca6de39475b80a389f42,tarceva,4,2,1,0.1481634686570741,0.6170714978793791,0.23476503346354682
1225c37990e4905a69a59d249a7cd96e3a1ad64d,ocrelizumab,0,2,1,0.17176802911640354,0.4748906920515931,0.35334127883200317
c9cee5f3ac3455f80bf4cac748179c5268d0b4e4,gilenya,2,2,2,0.11621263190789838,0.3102506973145642,0.5735366707775373
49e9076b1182f1f54e70d1d6812b3f517ce8c324,ocrelizumab,0,1,1,0.15125697730634674,0.5286817712021327,0.32006125149152054
1dd9866434f524610537fd3a72a9ed0229ba8225,humira,0,2,2,0.12114542923456706,0.1254552491644912,0.7533993216009418
ea918ffa01ec516cdf3c787aac1958403a51257a,fingolimod,1,2,2,0.10321880709002057,0.10633022488303259,0.7904509680269468
79b1c7d65885182b1444cfc42e0910f995bbd980,humira,3,2,2,0.09154164311465762,0.1546155992341382,0.7538427576512041
a94f70b37da95918ff490d361d0cf134fc1b6984,erlotinib,1,2,2,0.26100075483432683,0.2077520379865302,0.5312472071791429
334ec34096663475be0738721c7890067e37f9b9,gilenya,3,0,0,0.510082054234335,0.26394331965860096,0.22597462610706415
1844bcc360fadfa9b7ed0480c4a831cfabf23847,entyvio,0,1,2,0.3234994532159313,0.20513554467667802,0.47136500210739063
ec833f16fb554509d21d2875d5b496e6a8ad8b62,ocrevus,1,2,2,0.22497081202569125,0.1317332360023154,0.6432959519719933
beb797089a7812aa2e0dcb6cede6f54ccc72c809,fingolimod,0,2,2,0.09184761317686933,0.1222607182482859,0.7858916685748447
350e92994612ac006caec9508e9ce7cacd583e68,pemetrexed,0,2,2,0.09352352702511674,0.27584463123483655,0.6306318417400466
88b7f5b1914fca21f56e932a3df4540450e5e1cc,entyvio,3,2,2,0.11491853472557709,0.1383323436932548,0.7467491215811681
03fb6b07df8a4cc3c7e36f85c85554b12113b168,tagrisso,0,2,2,0.33361025184206833,0.11033169880960925,0.5560580493483225
0b24d54127a5c1487b9f317c521732f56cd5728d,gilenya,0,2,2,0.16605553651018648,0.4020938815154683,0.43185058197434517
72946075ac0df4e6c560d5c54e9e211d096c9ae9,keytruda,4,2,2,0.17206226174721012,0.22017484017121772,0.6077628980815721
18812db5d236d9e1766152197e795ba27857ba0e,tarceva,3,2,2,0.08691060643736248,0.08879514096347743,0.8242942525991601
b07e5105a17db1e88575b51a52feddea099e5bbc,cimzia,0,2,2,0.04285902620545355,0.04897768482429819,0.9081632889702482
9f3874f671ea30094d618180cc060f5742fbf647,cladribine,4,0,1,0.2542624012880237,0.3998819000991802,0.34585569861279614
0d40ff2f82328e2c3c39588a3ee0233ec5248d6c,fingolimod,1,1,1,0.12708808740623248,0.6396655048288933,0.2332464077648743
a1bb69802598d538751fbe6cf94840900ab939a3,laser photocoagulation,2,2,2,0.2467907575218635,0.18728992669790834,0.5659193157802281
099d2129acd029f49e5723463995e411c6d53357,remicade,1,2,1,0.24997393175541766,0.39777098982924897,0.3522550784153333
56acf6188066ced25045d741d4f3b797d46e5379,gilenya,2,1,1,0.3258254819838305,0.5653192117257141,0.10885530629045549
90554e3d140b54e8d0d933c7e948e09287e98fdc,keytruda,0,2,2,0.23381295254918458,0.2147006589096837,0.5514863885411317
07521b4677ce81e2c19678d685b714b6a0e9de00,nivolumab,1,1,2,0.21678180159214885,0.35713983450420506,0.426078363903646
feb7e08683280e08e6be84dc334591f05e03d159,cimzia,3,2,2,0.07724499284480034,0.11873381795680697,0.8040211891983927
4f29893d195d3188d5256e03c46564f1a7e7ad15,fingolimod,1,1,1,0.14072578158490867,0.7044805779141735,0.15479364050091773
1a5dbf145be24b7085353e49c9b80b0ccc46c3d9,xalkori,4,2,0,0.5366440546516533,0.27065196964611127,0.1927039757022354
8126808853d81f606ad3c5c0b2460b18d0170f6f,simponi,4,2,2,0.1125034970197339,0.4214201665167858,0.4660763364634804
e8d88dc2fe4c4e005b98c8c926a65d683f70620f,gilenya,4,0,1,0.3072898724013406,0.3853493111755897,0.3073608164230696
decc9e7f987059cfe8b53afa50405025b7dc9fa8,cladribine,3,2,2,0.19395337942210658,0.12667200685854005,0.6793746137193534
13f717b1740d24d4322ddf07f76e42e9f9b3f2cc,ocrevus,3,2,2,0.1583892218117331,0.2755172323923713,0.5660935457958957
d914f5c35905a5c65cf92f57a42b3f7698f6e9fe,gilenya,0,1,1,0.17899710808191047,0.6790331828866186,0.14196970903147085
bd11c82f2fce28d761cd082e78b49f0c0e7ca273,lucentis,2,2,2,0.27032626253239045,0.2626941672216156,0.46697957024599407
355e439752a74484408d17b7c58e4cd7d25c3b58,ustekinumab,1,2,0,0.5171856742103379,0.13183900696251147,0.35097531882715066
9133a4657c474711515a26b9e657b213375f3c38,ocrevus,2,2,2,0.3033121769026095,0.2610019138508435,0.435685909246547
d7bb43e64bcff6e4e74693eaf72427f2c6fac02f,ocrevus,3,1,1,0.1301931965839155,0.76062232358719,0.10918447982889445
94ceaec6e3835b642e0f368c456099ec2b96b41e,ocrelizumab,4,2,2,0.10190952035267306,0.1235043114283245,0.7745861682190024
f968207e6a5cb2d7303f8ee2e211b687d1db7935,remicade,2,2,2,0.12876857536650074,0.14585580033426235,0.7253756242992369
221330e76495ee94edda1eb1a5ef596f63d64e09,gilenya,0,2,2,0.09620731025741878,0.21931436791985465,0.6844783218227265
9280464523b1f139421de088a17b10e3f0377145,ocrevus,4,2,2,0.28574543076266345,0.27903678757510975,0.43521778166222674
2dbb55d3bb75803a0f0ca291e527c83aad2e62b2,entyvio,4,2,2,0.16375787230181738,0.2751787952910278,0.5610633324071549
1ef041b97325fa7e42308129270f010013f32bce,remicade,0,1,2,0.2794196208418598,0.271986429354515,0.4485939498036252
aaac0a2d6848faad88c25febcff3a1ee8496e670,remicade,4,2,2,0.06859668334277144,0.0876001730282193,0.8438031436290093
8cba5cd37ccf3cd58bb0d59879ba565cdab291c2,ocrevus,3,2,2,0.19804766932026519,0.16568319655617186,0.6362691341235629
5d3ddeacac3aebef1440d8f369ea8d8e06865662,gilenya,4,2,2,0.18790895202976188,0.2848474924018285,0.5272435555684096
fadd33411bbef787d079f2d087153794c6a3fee0,gilenya,3,2,2,0.18138171594882244,0.17989686295876645,0.6387214210924111
cd7c8759a4f634f4724625a765312b4b0dc73c45,lemtrada,1,0,0,0.5345540084776463,0.17785028643838185,0.28759570508397175
252796dcba7349feeccb5c19324461564ed25a4f,entyvio,2,0,2,0.3194714783190434,0.23687504122216071,0.4436534804587958
1234aa1d85758309ab523d84c08c4cc00bc30c32,ocrelizumab,2,2,2,0.2526211891835553,0.3447049525352526,0.40267385828119223
5ef558dae0471d6544d0b7b7df3561de6d19753a,ocrelizumab,2,1,1,0.1831557642975274,0.4529839685248972,0.3638602671775754
2b8c6417b832c312594df371b39fcda59e0c5fb3,humira,2,1,2,0.17837533813517023,0.2704811237791244,0.5511435380857054
f044493c52e567e3e85eae14abc50eae75e08331,alimta,2,2,1,0.22765454838208773,0.5201868587475297,0.2521585928703826
32b2c5a6a1107ca128b168cae58c53742f286690,osimertinib,2,2,2,0.12944156519070496,0.142326933562222,0.7282315012470729
3ab39c0d207ca12974468817ca3b7df9df45667c,ocrevus,0,2,1,0.32452109237688614,0.4211105654447875,0.2543683421783264
0853194a35a20f48e97b17c96b044f46e05c9810,tagrisso,2,2,2,0.13684417528203832,0.1455917313766627,0.717564093341299
803a0f2fb277265b942f0cbff8860437bda8a7ca,ocrelizumab,4,0,2,0.3279754842558946,0.2766615078256321,0.39536300791847334
4bdcd4ec6ef8bae0b689d1d4ce0f4b69363ccb0d,opdivo,1,0,0,0.48820062541435666,0.18281505950502586,0.3289843150806175
10f8ec4d8a7d6ca1a1c5bc31aebb893c5ff24e6a,ocrevus,1,2,1,0.26174849388994575,0.4788485140287364,0.25940299208131773
6e01f29b4c2219e1c3be5170059c3bc6cff03887,ofatumumab,3,2,0,0.4251462428069725,0.23899561030046126,0.33585814689256627
7f3a326c8abfc3bb8ef24bbed4f32c8c6c9323d2,cimzia,2,2,2,0.09333579956839945,0.22808332123558694,0.6785808791960137
e02b0c9417d958f988b62fe6aeaec632a2f9dd2c,humira,3,2,2,0.05923834720813474,0.11091581210850733,0.829845840683358
1e58ddb0f30ee702ed60f42be96598c8c10f6c2c,tagrisso,3,2,2,0.2799381626492077,0.18446327777206065,0.5355985595787317
91a1766e4292aca562e52fc790f1300effbc8fbb,gilenya,2,2,2,0.08406870906261789,0.19463139233587004,0.721299898601512
2d4e93f4610b1f3bec075257cfbf4ca215b22708,eylea,1,2,2,0.2762955007493944,0.2923523360952743,0.43135216315533137
8e1575779a9c8714d486af798d4bbc906ac49a86,crizotinib,1,2,2,0.21102841588879256,0.107138166183053,0.6818334179281544
da24125b183525bbb6f547ef59fdb05935bf4e71,ocrevus,4,2,0,0.4000801009205186,0.2004426049654042,0.3994772941140773
56f7528ecfa4e76fef86691a903c63db0ab933f4,ocrevus,0,0,0,0.4867623502840772,0.258905240670721,0.25433240904520177
c8348e80b91f05daedbc4e51da50fb44ec050f81,cladribine,4,2,2,0.2389771956057348,0.0792491990748391,0.6817736053194261
330d9ac21e9a89f29ec7723eadcfc74f0ca09806,stelara,0,1,1,0.13366107417226675,0.6363613018445773,0.229977623983156
d4bf1e87e81733edb06590c04c4866123d3ae82e,ocrevus,3,2,2,0.24857800637117136,0.2916725384552674,0.4597494551735613
819beff8f429359e4742560a04a44ffb765e2474,nivolumab,2,1,2,0.1823703152615905,0.396948228326498,0.4206814564119116
a2508efb525ba3577dc4e86bb9268f28732f6ff4,entyvio,0,2,2,0.06981419850101993,0.14569115245933137,0.7844946490396487
f1dbfb50ee23cabd9f6a0141b45412cfab4110e7,ocrevus,0,2,0,0.34596545806475915,0.3449562737824698,0.30907826815277106
0cb9a6523c88311308a06c42165b0b508889de78,lemtrada,2,2,2,0.3958897124530308,0.20277514176045838,0.4013351457865108
bea33e9b308ae06533a6956bebc510b1030bc089,ocrevus,3,2,2,0.19815531328203909,0.19414340739697533,0.6077012793209856
c26623229345eb25ebeb6c3144b687c674cdca82,gilenya,0,2,2,0.26969812325778875,0.34516789108169255,0.38513398566051865
29648e3f7fd20fc389505eb7c613d2e9fd287e46,humira,0,1,2,0.2990263166957397,0.22797205245152577,0.47300163085273467
c8bbbecb6063e0ece185210ef9b8a68a127d0827,opdivo,4,2,2,0.3058483253863822,0.2763359416667793,0.41781573294683855
fb99849159462d1c854667a082f18d7a06531af9,entyvio,1,2,2,0.21046209804636143,0.15238375238322208,0.6371541495704165
b29b09c9128c32c5b14057d94f819c24f8092b2e,remicade,2,2,2,0.07917918613446237,0.05657575100447814,0.8642450628610595
d3af33c18bae96f4c874c5d2ef4734ffcfae469f,ocrevus,4,2,2,0.11310496022193821,0.11513367848293407,0.7717613612951277
2e406e86b0d259092d6793d957ef030c0073e373,nivolumab,2,2,2,0.10527114033035677,0.11240838407985462,0.7823204755897886
5ef5e074762a6f018b85665e72d77920c48a2541,ocrevus,0,2,2,0.24294771541780963,0.16247936171670965,0.5945729228654807
037a9b261619048438f6622611404adb330405c2,keytruda,3,2,2,0.233229360970989,0.19096952291690097,0.57580111611211
ac3d7d5a1eed32798acd05493be7645af0ccad53,gilenya,0,0,0,0.3884391687518468,0.3859833840036861,0.22557744724446716
4e3646852f52e4205b660eee811cc445bf123b24,stelara,2,2,2,0.14528155582752303,0.11300480681036715,0.7417136373621098
e0ef91c82ebfc26a1442e4327bdaa1745b59aa38,ocrelizumab,4,2,2,0.21995199339300175,0.22911839896275848,0.5509296076442397
5ea8634642e293094ef956105a67a4a6968ddecd,fingolimod,0,1,2,0.2545804733963518,0.3211290518513928,0.42429047475225534
4fa06abb57a021c838a8bb8307bc2642d1f56708,fingolimod,3,1,2,0.08852795747003717,0.2224763401653202,0.6889957023646427
52e0977180f950ca4e0963e89f3d0429798964cd,stelara,4,2,2,0.20531401073749944,0.20330691915924531,0.5913790701032553
bef0cbae7adcc608df48aaead8a3f6f057073be9,cladribine,3,1,2,0.24731250221217338,0.12796645721039818,0.6247210405774285
5912de570e955da4765e0dbf9487543afeb284dc,remicade,0,2,2,0.13354781488925502,0.0933655484538493,0.7730866366568957
faea32c8cdb68e3a8d1f841195547f11fecbfa3b,gilenya,4,2,2,0.11975335412117485,0.1562659911159955,0.7239806547628297
9dfb1374cc5c5caadaa8a573feb2e8bc0abaea31,avastin,3,2,2,0.2006081835607,0.24024349755724367,0.5591483188820564
d03391d5eae717b75a56bcdac493205b1d76dd75,ocrelizumab,3,2,2,0.12470021712346321,0.2776694990314979,0.5976302838450389
b430762df180dc2f2a70197763300c885c33966c,eylea,1,2,2,0.12090581552667953,0.13455029682873784,0.7445438876445826
bd5d588cfc73b193fefa912c1e1ec4e72f4fb467,fingolimod,1,1,1,0.16009485343991386,0.45677521772333646,0.38312992883674973
ba492f7888a3132c78ef084f51c6e031df01d6dc,gilenya,3,1,1,0.2353690653436947,0.4453305828609072,0.31930035179539806
d731d436759b57bbe08ab6bca4685963e5e617cc,tarceva,1,2,2,0.22848838995579676,0.23186772947654585,0.5396438805676573
51e155782d0c030236527080d48f97623c1b0eab,remicade,2,2,2,0.04821822459429087,0.4179020323049364,0.5338797431007728
ab415ec08ec523c97ff6837dacc541963d08c556,ocrevus,1,2,0,0.37512693692549387,0.3068664028068666,0.31800666026763963
7f2bf54c09c64ac17618689004fa336e62098a94,brolucizumab,2,2,2,0.15596953210392075,0.19057365645744945,0.6534568114386299
0edab460351b3c3bd4c23e336b74b398d561bff6,fingolimod,3,1,1,0.12226143940011219,0.528903747349015,0.34883481325087273
1ff48568ed5da1d7a6e6ae8e4d569a7e0388b50f,keytruda,2,2,2,0.2834711391305072,0.24807052589649434,0.46845833497299855
e4724158e55eb42244f00dd20cc4eca2922303a9,xalkori,2,2,0,0.3685335575380035,0.3127236590522997,0.31874278340969686
c32067361395c5ee1a077d6ba155021de4b08ee5,pemetrexed,4,2,2,0.13309827288039452,0.06149228538945044,0.8054094417301549
3c0395757a22c0ef1f8f5ac4893e9bc13a16e6cd,humira,1,2,2,0.10208967717018025,0.20574071944839892,0.6921696033814209
f07afd081d66595b8369c89b0352bb9a443e6501,gilenya,1,1,1,0.11003553512815407,0.6911751834600546,0.19878928141179134
dec9e7e42a695414c06effde8ac8c8e35cf80b38,cladribine,3,2,2,0.11042841774613385,0.17124895476649835,0.7183226274873679
2e28dbf68a77eb8b242017e80e3338bf7172e9cf,opdivo,4,2,0,0.473788081504239,0.36069472043430517,0.16551719806145576
e0124e477c32add1bf6f2eda50c09e1efb02ceaa,ocrelizumab,1,2,2,0.15114840667186322,0.24259461023742504,0.6062569830907119
a2809e911a9b5afa888d3dd5d5ea71dd1c4273b7,gilenya,3,1,1,0.1466582765892846,0.5872997459903283,0.266041977420387
ae142da93593eea6fd29023ca8ec02c786994dbf,alimta,4,2,0,0.40544560973795235,0.2440368814786266,0.3505175087834209
f5df0ce4f6d0549bb4f33c6460cb785aa7b08902,ocrelizumab,2,2,2,0.26601864876972164,0.21547432318383247,0.5185070280464459
2531a2fbd7177300bfce8c66cf821966a041db8e,xalkori,4,2,2,0.3914229846095304,0.17399928268058548,0.43457773270988403
067970132ffacf77f26097ed6a2a9d5ce760e568,ocrelizumab,2,2,0,0.48585192231781305,0.13233705443686183,0.38181102324532523
cce9ee6d7d42f39356df6ffa6809d00a0fa811ba,ocrevus,3,2,2,0.21054730117343604,0.21713882552626,0.5723138733003039
5186f1e1cfd1dc5b061ad5134db9d05279f1c8bd,cladribine,1,0,2,0.25827973915886054,0.18508316332849323,0.5566370975126462
b602537e83364e9e4cf59804f6e7d591b52af25d,nivolumab,4,2,2,0.07231079735270322,0.18350319896911807,0.7441860036781787
2f92df98e77e82bcc905b64b67c40a70e35935a4,alimta,4,2,2,0.16479291617803313,0.2340930822790209,0.6011140015429459
e975bc128baeb65b8a0c55a951b0c9cebedff7dd,humira,3,2,2,0.2993458009265014,0.1775266279726372,0.5231275711008613
22d94842b92bf4a9112f8d3762522c18f10df230,ocrevus,1,2,2,0.37836775688897517,0.20677284793939202,0.4148593951716328
75ff653705e084bf602b3ed4996e61dab6497dcb,ranibizumab,4,1,2,0.12977099180707152,0.11231593457750348,0.757913073615425
eb4c8db7ba97cf9147f09cd376578245ecc9ca72,opdivo,1,2,1,0.16583605008229757,0.4599042760358304,0.3742596738818721
5213ecaf48865725e772866845fcfdd1f83b0f3f,keytruda,0,2,2,0.22289805152286793,0.21494041031902675,0.5621615381581053
5a5e42e19e59911f5c5fd1d940b67dc5e1e28de5,ocrevus,0,2,2,0.14702064992913838,0.3447876025397739,0.5081917475310878
a070fda3bf00c41bc7252bed09994d70b130b6f9,yervoy,2,2,2,0.19266294138524892,0.17284917886897333,0.6344878797457777
db6495d7fe320ea9ec8e7d580990ba0e46e62359,atezolizumab,0,2,2,0.25655534208975594,0.10473369574802616,0.6387109621622178
ac8f818d76b974703dde4aef535be5263a0ee264,arzerra,4,2,0,0.45174149041931516,0.15555532824127602,0.39270318133940885
5abc7085f65df3498720561bf44ac3da86e5a435,fingolimod,3,1,1,0.21605080064515922,0.4025078310245939,0.3814413683302467
a040d0980e974e921f34b9d78a8e60f1d4897295,ocrevus,1,2,0,0.6051331205948252,0.2155811757683641,0.17928570363681065
dab7680e8a85276dfa343e6f60aac30fa52eb615,ocrelizumab,2,0,2,0.3668088496114984,0.15145302509615044,0.48173812529235116
01bdf871c7b8dccecdb351191952f7ea498936cc,gilenya,2,0,2,0.20905935341826246,0.26233428464994274,0.5286063619317948
70405a87647bd718b5fe1fb2e97689ae91ae3073,gilenya,0,2,2,0.1640002732332989,0.23903969066550462,0.5969600361011964
743a95958e7ea70cce122ce8ac62376f2d37c7d6,ocrelizumab,2,1,2,0.2423432662598994,0.3076104932556497,0.4500462404844508
7b5af1ba0854667554df961f431f7e0229bc28ea,ocrevus,2,2,2,0.11088853850891947,0.22693289715572396,0.6621785643353566
4c487f469bdcd70b5ee3d640bd0c63d182872877,keytruda,4,0,2,0.24572711241393616,0.23906599815456303,0.5152068894315008
058ec3766d7ffccd2ab44331c04da6f29ae5d569,tysabri,1,2,2,0.33291083006293637,0.1870767771715556,0.48001239276550806
9b1563ffa3333d358518738b40fb4ebbd597e624,ocrevus,0,2,2,0.13971406484539586,0.06165793395871763,0.7986280011958866
549182b5c4b45c6672aa1a77678fec48cd16d7b7,ocrelizumab,0,2,2,0.14695480407528114,0.1089741083402623,0.7440710875844565
9c40271998489a8772d25f6fdc136193cf63a727,bevacizumab,4,2,2,0.15371134547637327,0.0951282587355508,0.7511603957880759
d0d059230af452745c19f834b65f50c70a71730c,ocrelizumab,0,2,0,0.44455318156119555,0.35234866125172526,0.20309815718707927
baec9a58960f23f95fbfeebbeb078162db9d2a18,humira,1,2,2,0.16751848547114134,0.16803111314818758,0.664450401380671
afee8e875ff4b597e326a5b1350198d5188d437c,entyvio,0,2,2,0.39653425596996533,0.15579686516025287,0.44766887886978174
9e2dfb9b855857fbda333205f960a1b8d2606e20,alecensa,0,2,2,0.16620733445877542,0.39983254667288987,0.43396011886833463
a01c6b0a9a5b402a3a60cca248e08fde1e4f29a5,gilenya,4,1,1,0.13472338402147016,0.7502413770470603,0.1150352389314695
6e079a211cc722acc4b2631c12d472896780cc96,entyvio,1,2,2,0.15397527542532718,0.17461804898203942,0.6714066755926333
b1a81e664bceb97e0520c62deda35c25e87614af,durvalumab,3,2,2,0.1499649749957626,0.19436249553679036,0.655672529467447
9e7fdca6c190d1fa56d701f614c6b6fd916fb264,tarceva,1,2,2,0.162939149957608,0.08842044460022658,0.7486404054421654
a7c968b84ae33578747411cf89cf59f4a20c758f,stelara,0,2,2,0.10141891451548338,0.2504058667920359,0.6481752186924807
5a047019acdbdf9afd10ba55c32398ddf995c9df,remicade,4,2,2,0.29282568359639344,0.07902511175456796,0.6281492046490386
799ab5ce18bfd5846e66e994c533bf8a194906ed,alimta,1,2,2,0.1788419753875702,0.23404565450593542,0.5871123701064943
f80a0a56936e18e22467b0cfee713081fcce2c8b,cladribine,4,0,0,0.4341255888401443,0.17184718378345987,0.3940272273763959
4e00ee56a44d20eeab210f6bed57185c49a53216,remicade,1,0,2,0.24338467920546397,0.21278330444983717,0.5438320163446988
a7556dc3143df5a870c20e6e6fcd8950e89b7285,tecentriq,0,0,0,0.4569654029102421,0.08902479157625315,0.4540098055135048
db098b95e4460d7e8562cdd2e078f3a5a57d737f,humira,1,2,2,0.14252080380186366,0.20021266750632588,0.6572665286918105
08d40a358251a169c00e69b25d61eb1a873124d8,ocrelizumab,2,2,2,0.07133782634369089,0.06517179766665648,0.8634903759896527
f1285f101810633dacc9ba274835f37c59ff9adf,keytruda,3,1,2,0.12079695471942103,0.30707733698991724,0.5721257082906617
065be06259f2966d5452e578001419c09619a722,cladribine,1,2,2,0.3147128569705592,0.2254818666657603,0.45980527636368057
6557efceecf18effe9a1b448937d41d466a76fed,ocrevus,4,2,2,0.1892067399689689,0.3773242310394734,0.4334690289915577
b12dd27e67ca656414836fda31424a0f4ccc7336,gilenya,4,2,1,0.17531059510586683,0.5107393711280533,0.31395003376607983
f1d80e2f894d9d01055cec527c0653481e5065cb,gilenya,0,1,1,0.14320287243089835,0.5511525433272747,0.30564458424182694
8b82417664e9966218e13cfce652ee15c273a2aa,gilenya,3,2,2,0.12930774058631783,0.3182295974769755,0.5524626619367067
48caa60c73e62d60b0fd61efdd6c040d161d138a,nivolumab,0,0,2,0.35811075661116276,0.2701249772590939,0.37176426612974345
fcdc670eec47f355fad82c22a6110591e4ee8cf2,tarceva,0,0,2,0.25533088927855063,0.27494542973273745,0.4697236809887119
4b615bc2397bd8368799c4afb2742f9ba6e97f5b,lemtrada,0,2,2,0.26257292724673276,0.3088301866633745,0.42859688608989266
a57db577f1be9083c302358c17879b32048b3a99,humira,4,2,2,0.22094205411366508,0.20695516438102682,0.572102781505308
5e9a0ef558bee5b40d55296df18b6ff2aeb2dfdd,opdivo,4,2,2,0.19215704270722372,0.1899543038478029,0.6178886534449733
e95c9c5edc44ad4f40eb72f5fdcf2c008a12098a,ocrevus,2,2,2,0.2856746951264067,0.28757047366715427,0.4267548312064391
38fbbd6ff8f36cb9939fa971e606db9e093fff0e,remicade,1,2,2,0.159846474478571,0.1954475443219205,0.6447059811995085
aa94a05066833c4cd4fc657e12a1931d85a9b9f9,ocrevus,3,2,2,0.3261315468103699,0.23970760585775572,0.43416084733187443
9062d75e7e6ffa5ec5210018e469cff79ac2db5f,keytruda,4,2,2,0.04508699541054392,0.46776784149383205,0.48714516309562395
d98e6c49756f60de02678614901678c6782b8142,remicade,4,1,2,0.380318875392633,0.20876208860661274,0.4109190360007543
2bc46a20b7cf868b170aa717486c92677a815ec6,humira,0,2,2,0.06144761344607089,0.1674157703767437,0.7711366161771854
6570b31c84f9a13939bde96a26b1377ec665fc67,entyvio,2,0,2,0.3848724152925,0.22788403845218938,0.38724354625531066
336284853071b6ff9b38013a5754cd6c37a6feac,ocrelizumab,2,2,0,0.5130510439798229,0.19225758029780138,0.2946913757223757
34c666d9e7b9c2fb0db0e482f203a8d9befd972a,tarceva,2,2,2,0.12393544552019893,0.10596467858708657,0.7700998758927146
ab82ac737c9b30f1371045d10e892740811cb6a8,afatinib,2,2,2,0.14758337029630084,0.10645868189385128,0.7459579478098478
a50cb86182627bfaebb6eef81a8b0f21dac90d3c,tarceva,4,2,2,0.08021216009178327,0.2725196587150693,0.6472681811931473
6147084db311900ce606a06e2a97c43d6e639ef3,gilenya,1,2,1,0.27106301476939004,0.418033404556835,0.31090358067377494
6801a9e0db14d3aa344612d64a4da64d2d784dd5,gilenya,1,2,2,0.19436592176456757,0.24059103557518322,0.5650430426602492
b7861897f2ce641c0c19e71e88d1972a138902bc,remicade,3,2,1,0.267994191294643,0.37615273136268773,0.35585307734266924
328b4d86444a646e606b575c247c65a0d14eaae9,cladribine,0,2,2,0.3125185053807712,0.0860429587897139,0.6014385358295149
ee39e69139df12b11bc5d8e81a53ec9e9458d550,ocrevus,2,1,1,0.2916212465428599,0.5465335455806831,0.16184520787645693
2f3c072e216336ecd74caeb9a212d13dc58d3253,ocrevus,4,2,2,0.2938781184237247,0.14998218062413918,0.5561397009521362
fbe8018c2a0b63375c36390741c17d5b578df313,gilenya,0,1,1,0.33194454423239017,0.3384217551815443,0.32963370058606545
58d40e284d7bcd796307789c48b90d21c39a9af1,ocrevus,1,2,2,0.3050389431387428,0.30047424345865265,0.39448681340260444
036283e7d60f74591cf06ebe7e4b392db4419402,opdivo,0,2,1,0.21261784021460858,0.5567606766885186,0.23062148309687286
231ec9ac90137057806f7328c7d33202040c8b25,gilenya,4,1,1,0.15671581665284037,0.6178546482544632,0.2254295350926964
7515b14000490a2d03317afd16bfd99235e3c2ec,keytruda,1,2,2,0.13173283798366467,0.14929703985536943,0.718970122160966
86aa9899272781c2533b451826efcbd3566b5af9,alimta,4,0,2,0.22795946024760763,0.2082023720322184,0.5638381677201739
9a52142fc09639e7670adbf6ab2d1610f0777463,ocrevus,4,2,2,0.15091996985051273,0.1416860916557908,0.7073939384936965
4187fac6e73ff37e6b7ed2d34990ce595f51db50,ocrevus,0,0,0,0.4741684387266566,0.13143331088031635,0.39439825039302695
b64fadc3973d247b3b3f72854389e0a7bd7f7354,ocrevus,0,1,1,0.2322913677086463,0.44807832868217284,0.31963030360918077
90c867eadcbf38ffc10ae369414e54e01706a573,gilenya,0,0,1,0.325937674559864,0.5380475163955376,0.13601480904459845
f22f5c3953e5ab3480ddce6893ea5171f34de390,alectinib,4,2,2,0.3157544611616927,0.20744287955465202,0.4768026592836553
e97279964bc8336b0d4dc56572409b1c423ddf23,opdivo,2,2,2,0.32352868094159504,0.20099908113205306,0.47547223792635185
dabfa83a7792c3ca47f9eed72a637154f9727372,gilenya,4,0,1,0.24970586919787058,0.5152148907386565,0.23507924006347294
87b74bf9ec03ab00f732d70710450e64023133f0,cimzia,2,2,2,0.10339524175067367,0.1371461948203597,0.7594585634289667
6f8e086ffd1ad34731ac4d4464b7fea3c64949d1,gilenya,3,2,2,0.12786740398612648,0.3917376608701067,0.4803949351437669
2dbb6251b0ff831ab3b231cd59ad190ca6a00b10,humira,1,2,2,0.28705480789809157,0.33418041153471745,0.3787647805671909
7f7ac3987de7ba77f51e646cbd7bf00556c8077c,opdivo,3,0,0,0.42326729398801705,0.1805638364014389,0.39616886961054415
8ff2a0992ff252c0a679cf077ab5e5d7ca438b1e,humira,1,1,1,0.2491074575375597,0.42481780162746247,0.32607474083497784
6f68db1a51bddaadad1179b0593758692bca5b2b,bevacizumab,1,2,2,0.14730638341980096,0.06148432936563544,0.7912092872145636
5062c55c3304d17506a0d49a3e9f4559d6522786,lucentis,3,2,0,0.47834608992916217,0.2771649753391861,0.2444889347316517
cbe7b635611be38803b92dc70f4e7103ae7e8041,ocrelizumab,2,0,0,0.518395238633265,0.1095326160073095,0.3720721453594255
e5c241c8dafbc6a6e8357060c3953e6304c0076b,inflectra,2,2,2,0.08795660108744024,0.09084103626034722,0.8212023626522126
a966806c525d13410e60fb1134e19587638893b4,entyvio,2,2,2,0.13147757765759738,0.14394811000316884,0.7245743123392338
3336050a4c4f56b999ec17efee15c15a709573ab,cladribine,3,2,2,0.38393477330729175,0.23027327657186042,0.3857919501208478
3cac884db43a1885bcd5d9e53418269b63ba22fa,ocrelizumab,4,0,2,0.31521209726957405,0.28309335147262193,0.401694551257804
ebc1bd3b2d26ff5c34920c9a2c18f0e37444e265,fingolimod,4,2,2,0.27176803525812065,0.20979418180429332,0.5184377829375859
442ffb94b63196a6a677c434609b1fadd39260c7,fingolimod,3,2,2,0.15503385616376197,0.28751417854815126,0.5574519652880867
6381aa86de965fcd6788588e74bbd510876b1453,ustekinumab,4,2,2,0.3169943299823444,0.16693866413222228,0.5160670058854334
3fb55b91709aabb675aabfb477a34893854bd145,opdivo,4,1,1,0.16494956125943064,0.5752120136540312,0.25983842508653826
f4451b3549b0ff393f1b39fa4fc7f13ecb1ba958,ocrelizumab,1,2,2,0.345584978818463,0.22003126024046818,0.43438376094106884
1795bafbd72b3cd85073022cf6d19c07d68e5d44,gilenya,3,2,2,0.15517528057768426,0.3039654493993471,0.5408592700229686
fd3db1ecab4458e4f5e9826a45ce943c91eb2924,eylea,4,1,2,0.1397286446261903,0.23834473179715632,0.6219266235766534
05cd54dea584a7ee533c0894ad14f712d4697722,ocrelizumab,2,2,2,0.19951047610108597,0.19812935366201456,0.6023601702368995
ffdc0367deb5dd0c53382ea00899b56cad1ef836,ocrelizumab,1,0,2,0.28203027638810824,0.19472703703108435,0.5232426865808074
4a97b420b9d00a41cad8cdc40c5f9b6e86783839,alecensa,3,2,2,0.12999530895209066,0.04616932387134333,0.8238353671765659
563f834ab0b0e9003e7008e3ce64ed421151ffbd,alimta,4,2,2,0.17795301865865207,0.13822377557073912,0.6838232057706087
f9feea15b8408a9586dcd329c791732f930b0802,mavenclad,4,2,2,0.2225148149001823,0.07957427868770096,0.6979109064121167
1738ebd178582837b880d04b4c4a9db79c54f46a,opdivo,4,2,2,0.22984027932498297,0.11111615911479301,0.6590435615602241
21cad4ea102b8787bb5aa2964faed5981f60dee5,osimertinib,4,2,2,0.20977788036460535,0.1644868490415276,0.6257352705938671
7e39a92290fdf9c0b8d9150a5d21fe003e0e2dbf,tarceva,2,2,2,0.14651080609061767,0.42581983406829504,0.4276693598410873
6030db39b797c5b57694579fe147820142b67bd9,fingolimod,2,2,2,0.13023947374968511,0.26576624874931626,0.6039942775009987
5a4d56e16dd25ed730904411922bafd452ef2728,tagrisso,3,2,2,0.18791794828319255,0.27585231786397246,0.5362297338528349
48863f7bf85a1c8770c84f81cd18de14349a4a5c,eylea,4,0,2,0.3907383921935424,0.1426464333386751,0.4666151744677824
20f2d6be8adb9c0b1e081794851c5f3f9855c351,alimta,4,0,2,0.14502663701542184,0.3373030660686145,0.5176702969159637
76cd7292298aaae5138317b04b35d15d9bd1d505,tarceva,4,2,2,0.19031650924769183,0.19695718618286742,0.6127263045694408
422141c2ca5a32b95ad1cf2f610f22e6a5985ad2,cladribine,1,2,2,0.13378694019213197,0.28034391319504975,0.5858691466128183
2f80e19ad7090a7edc8fec9ddee6cda091d6f5d7,gilenya,3,1,1,0.23779874010874394,0.5608520812350247,0.2013491786562313
85374f0f0627c72b035ae97dc80a6b4e0105ec43,stelara,2,2,2,0.11374121961435034,0.06251020033653544,0.8237485800491143
06797567d4ed237426bd106286aa52865cc95e39,cladribine,0,2,2,0.20848965669940908,0.3006364545985017,0.49087388870208926
4ad7967fcd88d8a5e3652b6caea5c8fab891a30e,gilenya,4,2,2,0.24703513479444097,0.1364778630478088,0.6164870021577502
2c5b81111793e0d8a0ee95c9b6dbb7ecd83c3bcb,gilenya,1,2,2,0.2198286617045067,0.3022724957549647,0.47789884254052867
3b62114d5dea3a4e4ba3b9286d85424b16105652,remicade,0,1,2,0.2108357325218364,0.37293379987203257,0.41623046760613114
6d17c1d0c364b7dff6c5b952f6981df445b94be2,ocrevus,3,2,2,0.24603434130931753,0.18091883794336192,0.5730468207473205
a39a21f38de5defa53f8427f0132afe5b0be1ba7,gilenya,1,1,1,0.25595579656410483,0.4651917775511076,0.27885242588478754
d19785085480c11af226dad539f4d0b1c9399ae1,laser photocoagulation,4,2,2,0.12050604218061584,0.15627816785284152,0.7232157899665427
81eafa597413ed35fffa912b68d2f0e3f521e27f,gilenya,4,2,2,0.17537605491315675,0.1184106375848691,0.7062133075019742
c3b0e96b6f2eb6cb9167b3ddadb81591d453e76b,mavenclad,3,0,2,0.347286525723066,0.13254054876621657,0.5201729255107174
d778cc801fadaa9d2854e9e2989eb97faf30d1ad,ocrevus,0,1,2,0.29997134050141583,0.2367402251484451,0.46328843435013906
b2f70e90c34e52e9bd4b123dd192511d59d8b05b,eylea,2,2,2,0.3406385434663836,0.2107121948897508,0.4486492616438656
c0906db18f61e48c5acbfe4cfba9e853a6deaa1c,stelara,2,2,2,0.13695720247980342,0.13884150543820795,0.7242012920819886
3ef89853c0b32fa426d1a56e34175d7ec41cf418,tysabri,1,2,2,0.07278270872474776,0.12235780742865765,0.8048594838465946
2dbe0ad7ce9d62c44c659ae091af7b168d5f0ead,alimta,2,2,2,0.1850359216570286,0.12988559297579527,0.6850784853671761
679714effba8368dbacbd99272c47040f8460f11,ocrevus,1,2,0,0.44523577329077246,0.19310138740063743,0.36166283930859017
461d37e0d42412cedcad4c439cd83f62672995c1,opdivo,1,2,2,0.20587782110266456,0.3131177728579595,0.48100440603937605
c98a64c567a8a2526c90d05cfd9d4d64dfc8a55b,gilenya,0,2,2,0.32178076022821334,0.2270545609473779,0.4511646788244087
69333957521b957ef2781ed71bcc4f15852c4e2a,laser photocoagulation,1,2,2,0.24051556173223831,0.11895091899779761,0.640533519269964
686c3e73064dc203111cafc85902c7f8c7c41036,ocrevus,2,2,2,0.1844951722635027,0.2464886955133262,0.5690161322231712
89d08982dbff3e8f6f901934809a0274710113fd,eylea,2,2,2,0.07763035363860253,0.07713028813480355,0.8452393582265939
1ebbcc9f1100f8d8677c5783033ce7e4fd90d7d6,tarceva,3,2,2,0.3724186880967994,0.14286746662158092,0.4847138452816196
488826ba322ed978226572efee1896b2ad578131,ocrevus,0,2,2,0.18722709821616162,0.14695470877393033,0.6658181930099081
0f7e53781c2146e7d23f6abfce283f404018d1ad,fingolimod,1,2,1,0.16782575605593192,0.5487741788262298,0.28340006511783833
a1b70c48e900bfdd045939af0652088abb1e8c15,fingolimod,2,1,1,0.10201499414945393,0.5966201873582195,0.30136481849232655
0f8441edc3562bd5756a325ab56b7b25143c94d3,cladribine,0,2,2,0.23674914535297206,0.14414065768369197,0.619110196963336
627004b94a08041cac3cdf1c7f72baffc83f367f,gilenya,0,1,2,0.19744827444788163,0.2973195709260784,0.50523215462604
b67cee9b4131f596c60c99a4f0175c6368ec2965,cladribine,3,0,2,0.19934511253039036,0.1557186271142047,0.644936260355405
37440a66eac1298baa34a0e2f9017e7e9812ff45,ocrevus,2,0,2,0.19794480687150817,0.20196373043313956,0.6000914626953523
f14aabf452155202854e9b6c260d8b812a27c689,bevacizumab,1,2,2,0.28224842096683567,0.20456016248341713,0.5131914165497472
f5ca07c32d087348bde497e9892972b794a57495,tarceva,0,2,2,0.14281110343126902,0.16866721251771147,0.6885216840510194
5fba6c611f5cd73cf9ea491ac671ed9ee08c427d,gefitinib,2,1,1,0.26794188473514846,0.4661004092803976,0.265957705984454
7cf3f6a0a0f53b0ca6da42f9108fe8bfa95b04ee,tagrisso,4,1,1,0.21178958290829628,0.4036799178950837,0.3845304991966201
c04012fe31eda91ccee492eedd5f47558063f4fe,ocrevus,0,2,1,0.1893401826209639,0.4232920532240645,0.38736776415497165
b1a7439dd024d4e5651885d298a17e88e2e31564,remicade,0,2,2,0.18964445748510383,0.3504227257451766,0.4599328167697196
87490c4dfabdbf420a8fc2912a399988f3dbb3d8,tagrisso,3,1,2,0.049922206068361355,0.14284793971864218,0.8072298542129964
c658565b49a18b30edd823252b45774b6ea80f23,tagrisso,2,2,2,0.06890358909789288,0.08902725024242404,0.842069160659683
4cafd7544c74ec93bbfccc67c74c2aa6b33a368f,ocrelizumab,4,2,2,0.30780863926769897,0.18704813466107098,0.5051432260712301
99e8b56d6b6bd48ad53fd8c78b585b99cf62b37a,tarceva,3,2,2,0.12971297358384418,0.11833701462704592,0.7519500117891099
b704f225e58283e38f269af9a11fea0f62d35986,keytruda,3,2,2,0.39370165047180666,0.160504306628239,0.44579404289995433
86b23f03d7367288dc5f5590c7d0ff6558db2268,gilenya,2,1,1,0.14442494432898675,0.5079975411993469,0.3475775144716662
bc6538ddfd640cd0b9b7d7eabcfcd2d27d8fefa2,entyvio,2,2,2,0.11778776096856643,0.3015894595239284,0.5806227795075052
728f33f6094e83d327c5b09c7d68c94c6cce902a,vitrectomy,4,2,2,0.12251496084488073,0.2820958944394034,0.5953891447157158
3b527c13211553160048bd9b9e588f8719dd9ce8,tagrisso,0,2,2,0.15229088058873366,0.3928903983986837,0.4548187210125826
933d12f3b0fedda40b3a3f6f62dd8831371c3dae,vedolizumab,4,2,2,0.12138143784787209,0.09824941719687649,0.7803691449552513
8738f11a9b942be179c33a7bf97193d31bde84d9,cladribine,3,2,2,0.18236491472853136,0.16871749833977018,0.6489175869316984
97f78be90c41c8b4308d3ff60dcb15b49fda76a7,remicade,1,2,2,0.06645637918996525,0.10727739649800146,0.8262662243120333
1619a568764abba421450ea457e3a2679ef40c41,remicade,1,2,2,0.0901148375211998,0.1327677711766272,0.7771173913021729
c4124b40ae87ec2bf51d5a3284408bc121795fbe,ocrevus,4,2,2,0.22844974356471243,0.13079055900662603,0.6407596974286616
5604d1b980cf33b6315df719e9967bbfb9b1424a,keytruda,2,2,2,0.29478614006772946,0.2791517358971928,0.42606212403507787
7a2665207e08857bc8400dfae2a75c119249563b,gilenya,2,1,2,0.1828842034779035,0.27418415063773,0.5429316458843665
9122deaca998253ae0c4b31fb60d07df786f27b0,ocrevus,4,0,2,0.13201450056445715,0.321784709574801,0.5462007898607418
11dea11801b88e925c281982797b495205d0cc95,humira,0,2,2,0.12391684415082047,0.21422837063059288,0.6618547852185866
68a84720829404e6b16861d2edfb22fca3205c43,ocrelizumab,3,1,2,0.2426444569713998,0.3504639680278605,0.4068915750007397
fefd4b6bb23f7feb4a887b6d631147e2b8d88842,humira,4,2,2,0.1925945530310232,0.38711123991981283,0.42029420704916404
e614f31282751100e290820180d6c901e77f3b7b,cimzia,1,2,2,0.08722080516257666,0.1283201026341119,0.7844590922033114
f9e192f148eaca2d7f8bb423a2e3d0b452598eb7,opdivo,4,2,2,0.2788534776583846,0.1661465380514879,0.5549999842901275
587c38d8368ee6a8160e5e9d30f0b0589521a13d,ocrevus,0,2,2,0.15786130937073004,0.29049886283136406,0.5516398277979059
e36b6d9304d17247dccbcd6a829a8387ea0fb685,gilenya,3,1,1,0.18439499836790096,0.5158619596953351,0.29974304193676393
1b57bb5113b5851aac971b0f06005659594616f0,ocrelizumab,0,2,2,0.36023977231779775,0.15831997746033247,0.4814402502218698
c1504c1eb3bc1516fb545588e51a6afada0635df,tarceva,0,0,1,0.1916372364597341,0.56846439399918,0.23989836954108582
8d8f96f398bd4dc26417ec88971ea48187876d75,ocrelizumab,0,2,2,0.21619805901165712,0.15259513394326565,0.6312068070450773
5ef7da47b88f420152fffb029d72a887a1b2980e,cladribine,0,0,2,0.3020521989600209,0.14155000273692872,0.5563977983030503
76cddfecc5ff92d85546361c5d78addfe44a4d3e,tofacitinib,3,2,2,0.21498149967354266,0.15591385221929574,0.6291046481071615
8ad10f8413df10d109c5a000c8210f4f4be4311e,tarceva,4,0,2,0.3028102054863495,0.22973809984619442,0.46745169466745606
c32743acda1cfd09e5a72f5d3f6b81396e4762bb,ipilimumab,3,2,2,0.19799067873917267,0.14756918709986583,0.6544401341609614
5e866a989272621b3af2d18adbcff2a3517480ec,ocrelizumab,3,2,2,0.282866882804682,0.3047859386983777,0.41234717849694025
cca23bdd0ed32064ae0907408879e65b5b8b88bb,stelara,2,2,2,0.325875771170445,0.14091845229635394,0.533205776533201
d000f5b9590ac69b0b575e591add164d93da30ca,simponi,1,2,2,0.04028779071027534,0.09570349451925786,0.8640087147704667
f8b5e0b348975e10642343f5c68dce731455602a,upadacitinib,2,2,2,0.09386748132096198,0.12971288181376847,0.7764196368652695
8950809f6ba76119228b92d3f79a68e8f8106d50,ocrevus,2,2,0,0.5136525225916145,0.20394313971045622,0.2824043376979292
4b45464468211e25b0ba095b7d9beee2f011939a,opdivo,2,2,2,0.2647930625789149,0.22167329826932827,0.5135336391517568
39684fd8d5b144f796a7577803bc46d3e759a10d,ocrelizumab,0,2,1,0.18258459705364327,0.472396850326299,0.34501855262005776
3e99e5d611a474f62ac7ec2b243d8219529bd031,avastin,2,2,2,0.23296009112967225,0.23956919062172083,0.5274707182486069
ea0f4cecd4eaf66b6406ec984a7a1c626f82fde0,humira,3,2,2,0.20966555438410783,0.2436208954255231,0.546713550190369
c2cb53142aa7a372de7bdb49ef93d94a845381f0,crizotinib,0,2,2,0.14799916128292187,0.2681600207222252,0.5838408179948529
e7949300e92c7d2e9d9a9f964ca76cc0fe12f217,ocrelizumab,1,2,2,0.3640563958408779,0.22188076200810913,0.41406284215101297
8f80e4f1d4bd8e0eeba06b8fdb1f7e33d1ddaf81,arzerra,3,2,2,0.15537702146408558,0.12225336311241193,0.7223696154235026
8817961b2a76c9b9bb03d6037e10719354e8140a,tagrisso,2,2,2,0.19559691479840283,0.19446872036397453,0.6099343648376225
d6c650ca2aac38278324d71e92b302a39ae41924,ocrevus,0,2,2,0.10005999397255282,0.2849171686506333,0.6150228373768138
0c3e78e9c53a6c3d04cea12ede3efd5b11115b6c,gilenya,1,1,1,0.30715323518699533,0.5268859185593662,0.1659608462536386
8ba1df6748d07ef65444ec1e8a11caec4a47239a,gilenya,2,0,1,0.2729535413567347,0.48594781170078394,0.24109864694248143
0e9f98bd94292b2ebe9123d67941cf81baed3452,humira,1,2,2,0.25779646195721057,0.23734315617663676,0.5048603818661527
6cebf885422acf6c14c8a1dfaf2f0d89cce14b04,ocrelizumab,0,1,1,0.17375033154170424,0.45788421152827774,0.3683654569300181
350ea4b802aaef0863b1fbf222df9fe3c9046d6c,remicade,1,1,1,0.17555153399556728,0.4751998783824348,0.34924858762199795
42f18f5d0e81c100c23f3b3f333e360266f6384f,xalkori,3,2,2,0.17295580226097068,0.1356627670578946,0.6913814306811348
bc4cc728e349fb34faf8981da1a9d167db56d534,vitrectomy,2,2,2,0.18094614135102413,0.14747840894960143,0.6715754496993744
6182b614d0d382883cdcb03e14e5bc915a14cb2c,fingolimod,3,2,2,0.2018974095608402,0.19733304342280325,0.6007695470163567
18b27062e0316a6ac573bcb40deffd7f5b9cbcc9,remicade,2,2,2,0.15332076797708719,0.19179050011303772,0.6548887319098751
79a31b460df522f2f9cf75533c77c15c30ca7387,stelara,4,2,2,0.36326883423997275,0.22805715636684665,0.4086740093931806
2da7bc907b8aab08abaf9be19813d6bc2bd8054e,remicade,3,2,2,0.15198199247846653,0.35841008650632883,0.4896079210152046
9ec0176e8195b48d0b7d71689693f1e785aad799,ocrevus,2,0,2,0.2821862187329154,0.2081223434820761,0.5096914377850085
38bd2e5eeea60f2013df7d636d5a1e0c4315b9a8,alimta,3,2,2,0.11314835112027982,0.07993262862566249,0.8069190202540577
7923863e9bfcd9e403eaf6eb6cb4efa279c6022a,ocrelizumab,3,2,0,0.4053912992178684,0.19596489278298204,0.39864380799914956
6cf97047f97a1ec4184cc679c70805ec5e0dd34b,entyvio,3,1,1,0.11991960798733037,0.6447827061672384,0.2352976858454312
24785ba61bd382a9d3b2c8f10210d98c5b305d3a,keytruda,0,2,2,0.17796972266516528,0.24202056872034608,0.5800097086144886
c113cbaf795e0241a5c6343efca48d1639d3ef85,trametinib,0,2,2,0.12712222941548623,0.1167558642533554,0.7561219063311584
e6a0e189d022d1617373fce241dff5c70b09403d,ocrevus,0,2,2,0.1611980017845705,0.3194603049259015,0.519341693289528
105f4274252d0db119b66e1b5e74cc474b92fa99,nivolumab,2,2,2,0.22649374876184927,0.1790699868089321,0.5944362644292187
c531843d4ef8af069dc4b143fc164900d69b96bf,ocrevus,4,1,2,0.17383640897278124,0.3982095573245484,0.42795403370267043
48a65652124e31275dce07455b530cb6f3edce9a,gilenya,2,1,1,0.1836685638006975,0.536120022089946,0.2802114141093565
5a9b2a0b5928dd2de814d9bf518d36879df5fdce,remicade,2,2,2,0.15114555857381265,0.2006304310144856,0.6482240104117016
93866f6a3f24ac6f880a0af8a510e7f021be022b,ocrevus,2,0,2,0.3120660684539569,0.27868820407242445,0.40924572747361854
feac663abcff0c0abe6d06ddd28ba01235e9619c,keytruda,4,2,2,0.07445061810191456,0.2198766699554658,0.7056727119426196
e8506af571b5521461c22eb7a50dc01498946c7e,entyvio,4,2,2,0.2051953336748027,0.14663270807505363,0.6481719582501437
268b2203cd486446147b37cbce97d86ec04f06c3,mavenclad,4,1,2,0.23986507436208754,0.18361323682786396,0.5765216888100485
4ace0a79c44956542a6f6beb962d94329204f875,tagrisso,0,2,2,0.16456384079836256,0.17846580176256682,0.6569703574390706
63bd68852b0fc41ec6d622a88f6973830169296d,ocrelizumab,1,2,2,0.2060021844185899,0.27391645534288417,0.520081360238526
6d10bf13f5a4b66b5171c4117dca663ab866aae0,tarceva,0,2,2,0.1286545469607689,0.10173501137099523,0.7696104416682359
4462db2f7f51cc0d63a2941ad815d8b0dd1413f7,gilenya,0,2,1,0.08788580354424365,0.6671848916703967,0.2449293047853597
ccdb20a31de482f1ece2b09041839bfd44c53d76,gilenya,2,2,2,0.18123968177798666,0.26698242728996896,0.5517778909320444
8bdcde07a85c8b2eeb448640ff7ebcb5cad12da5,ocrevus,2,1,2,0.29256751668445985,0.29191315743172325,0.41551932588381696
d37ee4b8ec73bb4dea5c2ef5e2d832f838cdc4bb,ocrelizumab,0,2,2,0.2704382310756876,0.16479456039751222,0.5647672085268002
4881791d9cb4f597faa6ff71775009707fecf886,ocrelizumab,0,2,2,0.2184216299664708,0.1588799138895318,0.6226984561439974
97f448465baeb76e82d6dbef0e28dbb92f1424e3,inflectra,2,2,2,0.07654102063539468,0.11674844963805388,0.8067105297265514
4a67e1e27c2b3f992289a6b7085cc646fe57ecf0,inflectra,4,2,2,0.21033608458299907,0.14678192672895457,0.6428819886880464
d8da75a1dbcf49c3dc478de8c1f7e1f6bd0e9fac,keytruda,0,2,2,0.17302461956876283,0.23822333032894477,0.5887520501022924
b3c76cf2221b1654be281399a04a23a4e9abee3b,humira,1,2,2,0.05301598983628689,0.1347490637283055,0.8122349464354076
c3ed434b757a908d6074782b4708151b78142b8c,ustekinumab,3,2,0,0.6014814008129389,0.09574252810537502,0.3027760710816862
8c85242bab5926b0414f4b7a5a6b9d6017a924c7,cimzia,3,2,2,0.08050638179759403,0.13540559100864807,0.7840880271937579
95d04c8ca87b1bdd14a9631abb0dfab3204f32b7,gilenya,3,1,1,0.19024403493859265,0.6407286776278073,0.16902728743360002
4f4bce366594d3d4f2c9c6e95267b9e315fa1263,entyvio,2,2,2,0.036224512365789246,0.10063360957466241,0.8631418780595482
f0a244791bb7f15b9ab365426f83e356e4bf5220,ocrevus,2,2,2,0.05779133369929915,0.08158516365191658,0.8606235026487842
c648dc3a202e778e7fcf4ed6af1812c576d3cd41,stelara,1,0,0,0.44260474037455233,0.19474105906427727,0.3626542005611705
ff0bbedf8be4b6adaeec9da8711e0d3223dafed3,inflectra,3,2,2,0.11088961050655982,0.1326382914706485,0.7564720980227917
749e3062786e5b76e005654b28ea4b42bbaff39a,tarceva,1,2,2,0.2897006981581589,0.1408798952025706,0.5694194066392705
0f22be2a3701f7a5aaebfdb8772fbe66e5285938,tagrisso,0,2,2,0.138210008329381,0.09336349008123339,0.7684265015893857
c71cbdae7271b57bb662b7f458cc368cacd96882,entyvio,2,2,1,0.1810516504304041,0.5155482873691529,0.303400062200443
dfe0639e12d7d30f80e190e04aecfbcd49540ab9,keytruda,4,0,2,0.36896902837374623,0.24370041842832516,0.3873305531979287
7c5ea1501bf6c18efeab71a067fcfd0dd3eca2a4,ocrelizumab,0,2,0,0.48352073914654514,0.1550576518641239,0.3614216089893309
0668cd7e4c72ec249a9077e06f847477d8a1e325,ocrevus,4,2,2,0.3169072915981816,0.22231309548189904,0.46077961291991926
128d36b94f9628090896f0883d67eed556f7533b,ocrelizumab,3,2,2,0.09037286733169486,0.18506514837912103,0.7245619842891841
298d4855bd713f97822d3e7390883a2ef0b218b6,ocrevus,2,2,2,0.16576147667527114,0.22984434259925765,0.6043941807254711
30fc2f8a359e161002a29e4c4208b4a83730a84c,entyvio,1,2,2,0.2993670075546169,0.2227809086591912,0.4778520837861918
d47dc3ce24dcfd4e8370d1b6704b38352ecba207,entrectinib,3,2,2,0.18709775482646232,0.10430139994868431,0.7086008452248534
c7ded8d53a535291fcf887628b34a5afdfef4bec,tarceva,0,2,2,0.13737263410762068,0.39815426359695893,0.4644731022954204
232159b0c41d17ff3cc2de64627746774261c840,stelara,0,2,2,0.1640176212397716,0.18322680195133653,0.6527555768088918
c85a2b418b259e9a406fb88ec5e7e63fae4cf8b6,gilenya,3,2,2,0.13241974526417213,0.2861938493648142,0.5813864053710136
c8ae8d80fa452238a3ba65109f4e43fa04e542e6,lucentis,0,2,2,0.2227883725368067,0.11891119660737297,0.6583004308558204
4f200360c42fb4d9ff1ecec3a24d95c121801125,ocrevus,2,0,2,0.31123014721405995,0.12311232592473527,0.5656575268612047
3bf9661a13e37a2f0a1c5e8b484139dd4f72f97e,gefitinib,1,2,0,0.40924028281252517,0.2364229423604935,0.3543367748269813
4f2424d23d2dd018d07790b0a0a378fcbbdcee5d,gilenya,4,0,1,0.359537549563766,0.513641245625328,0.12682120481090597
5e99abe52d2ec97ce9c7f81a9898d35ff1f90a36,eylea,2,2,0,0.5258632723109744,0.2109738869497894,0.26316284073923624
d305a0ca9f1041d7c1e6a3bdb786fa168d77cbec,remicade,0,1,1,0.251969541688247,0.54889977743398,0.19913068087777308
8c9e36a69ab2ade0ec42ea4cdc0b358db52bb552,ocrevus,2,2,0,0.5481354320739587,0.15016694610105846,0.30169762182498294
a06aeed05715d9dbd8c2940865997552fc9442e3,aubagio,3,1,1,0.18480514551956223,0.5523832488196525,0.2628116056607852
692819e350009fdbc7c8e2810b37041665aab1ad,tagrisso,1,2,2,0.11691986320964344,0.08756344899219042,0.7955166877981661
ee01733ec457722bad6b670cbcdff79401dbd43d,fingolimod,3,2,2,0.2739232002825561,0.17305397389292998,0.5530228258245138
b581edef0ae9fc3128f4db70c5c3fdbcbab7969a,humira,4,2,2,0.13207744184613282,0.12939952609078345,0.7385230320630836
7adba083ecd80aad77df099f5c686ef863cadca0,remicade,4,2,2,0.05648848462278293,0.06799323404894243,0.8755182813282746
99821a5590023c88caa9711a6d8f89a14b967bf4,ocrevus,2,2,2,0.15696703828500666,0.24678096566117777,0.5962519960538155
cd66616692e4c5ff3ca9086c3d23b07cdd941f45,stelara,3,2,2,0.2484636758912553,0.1191987057620575,0.6323376183466872
a4e6297ab318b5c205c9c3b31d3f66f880ed5f15,entyvio,3,2,2,0.18116279348991587,0.18645627581579852,0.6323809306942857
d4b0069d63e5bb269e47118bce7a7fd51b342d7e,gilenya,3,2,2,0.23353023005357013,0.23981968076916743,0.5266500891772624
9d6a69ce84ee4d6ab7bca3158e788cf8e6698b3f,cladribine,3,2,2,0.282134262534428,0.21748204067833518,0.5003836967872368
c54c4b2ef28f00b051931924a65f74db6a48e20a,remicade,3,2,2,0.07052065976788126,0.18344253436100985,0.746036805871109
82c9eb71193db0397ed8ce39e70c6681752be7af,ocrevus,3,2,1,0.09436173066085113,0.5010426852538755,0.4045955840852733
720342a4bb4260d22389214749fd6c4037fee23a,humira,3,2,2,0.10691508537836741,0.3071869308580208,0.5858979837636118
a3da44ea0f01598b62883af809b40f0a1a0db03a,ocrevus,2,1,2,0.2131196982147484,0.17761153186060363,0.6092687699246481
2716181e1d28230a0a0b5b7a6f5a36f67f3b5d7a,ocrelizumab,0,2,2,0.36212853941262274,0.20142004920067502,0.43645141138670235
ec6e51cdfdf21c7868e5ce2cff36a546cb6c47b1,stelara,1,2,0,0.39027313969710486,0.32394289149003863,0.2857839688128565
f5f7392c9aaebc695caaf27ee062c236d73d2b57,keytruda,1,0,0,0.5123801544728868,0.2597628628098766,0.22785698271723664
7d60a9d1e44cf39e3583584c3212de3e2e28213b,humira,4,2,1,0.1269108395021125,0.6088779465497889,0.2642112139480985
cbe31585c26d113acf612a29579eb2bba2fc4109,ocrelizumab,2,0,2,0.2829880883689108,0.31343957744487305,0.4035723341862161
5f7296796991cc1e3a9326d7b336d52e9f1c325b,ocrevus,0,2,0,0.40352473614875056,0.32146680509958736,0.2750084587516621
949c0e547c8f7f6eaca6b2124c1e641234bf5ff1,pembrolizumab,0,2,2,0.12918857122315872,0.1404850787829455,0.7303263499938957
632d69a9dc0078c0eb5e84a08386a18fd8bf69f2,ocrevus,4,2,2,0.20625942151076104,0.3519786501518334,0.44176192833740546
ec949f66bdad20db1481f1b05904feb95a129da8,tecentriq,4,2,2,0.35019488872152016,0.16639642675112262,0.4834086845273572
2002f01a5793ef75a335dd634959bc5c71a5c0ae,dexamethasone,0,2,2,0.1655960375345846,0.32767081406909987,0.5067331483963156
c9a5df1d6779f53fed4e44a7a7b970ee77b839a2,tagrisso,2,2,2,0.1769532030404128,0.15358073178094056,0.6694660651786466
a03e1a0ebcce278ba7685f5dfda3d441f8a90f8d,gilenya,2,2,2,0.2583011626342579,0.267267617335028,0.47443122003071403
f0750eebfe6b119e6101869f29f8d38b3d51937a,ocrevus,4,0,0,0.45018091400590987,0.18719009664906036,0.3626289893450298
44799dfde0bab87684397af48020a5a11fa4f69f,cimzia,2,2,2,0.27990024952975384,0.12470933590710333,0.5953904145631429
f0c4944c860a41e98acfed6dfcaa1fcc52383412,ocrevus,3,2,2,0.30102002250962706,0.2991217979616789,0.399858179528694
d3c1eebfaa305e61918b85e60b11b33ff94c0b9f,stelara,2,2,2,0.2928547925622704,0.17520940078494404,0.5319358066527855
293e8a06b23a91e4c4a36f708074ea6cc73c5b34,ocrevus,2,2,0,0.4464825779211305,0.1891853008413752,0.3643321212374943
8c2dfc8d7c420f062a9bfdbcd47f75ec78714a93,fingolimod,1,2,2,0.10796521505654429,0.15884593037928074,0.7331888545641749
76abe5815a47d3e4220e7ad5a74d6e04232a83e5,ocrevus,3,2,2,0.1837415618942146,0.10033084469643755,0.7159275934093478
c0b161368378ba752b797337c911003762b55b5a,gilenya,3,1,1,0.1872992363143939,0.5437119662987085,0.26898879738689746
c635435ccc19154b0fb272062e6e7311c96eced1,tagrisso,3,1,2,0.10288581309763449,0.28610174997392634,0.6110124369284391
5fc0b632480d52d3a5170493cf35ed00da358ae7,ocrevus,0,0,0,0.4173332048400223,0.1767556631916753,0.4059111319683024
461feb89d7a8f02fe421f7d9ee153603ffa310a2,imfinzi,0,2,2,0.37903274653233837,0.16644145784322198,0.45452579562443973
6f3a026f1bf83e6e82f6d1484cafdbcb121a7ea3,fingolimod,3,0,2,0.2806632246803544,0.20216217384633425,0.5171746014733113
5930e4729780f3a1c40df0b05bd8f050d152a61f,remicade,4,2,2,0.07172988502338842,0.09086793097045556,0.837402184006156
f8d2a7970aad27ca5643e176328b5bea6aac502e,entyvio,2,2,2,0.06973838768925525,0.19264799728551427,0.7376136150252305
ab01af803186a85f7a0ed1ba6f1c8cc19c8e2fad,gilenya,1,2,2,0.2691112246789153,0.24309004272273932,0.4877987325983454
d9c49bd73525962f614db3d9a475dde94f9fc1a0,ocrevus,0,2,2,0.2475772292032604,0.22598422367031074,0.5264385471264289
1f7c926a2af80508379f5b90ebcfc5a6d8f88cc7,nivolumab,4,2,2,0.21878472106021796,0.15171436115350243,0.6295009177862797
5c02a403000277c81834f492c42c0d1726a37e2e,lucentis,0,0,2,0.0964697286520266,0.1105706153154642,0.7929596560325093
1a4b2c14c058b90e72c4cf7faa2a561feef7e0c2,ocrelizumab,3,2,2,0.14175056029406197,0.2276973607396351,0.6305520789663029
b19c31dee8ee0de14bfe56650236e3da482f97d5,keytruda,2,2,2,0.11640652157412996,0.18653463740571188,0.6970588410201582
dfe1cfe77dc8b1225e5b03f1b387cc000809d9c3,entyvio,0,0,2,0.3644202913941559,0.17400785862528192,0.4615718499805623
ab538b0bca8fcaab250db17749278fcaccdcc7cd,crizotinib,3,2,2,0.22662695467993213,0.12710227785632164,0.6462707674637462
bf2e86723442b7e7594497f434f691056ae68036,ocrevus,1,2,2,0.15371905808524006,0.13066430488563063,0.7156166370291294
017a38a6f71a12b1eeecb915934d3779ab73ba20,nivolumab,1,2,2,0.1442094943822312,0.17780227257154996,0.6779882330462189
345d575a73848830bb58e19fa1f4043024db7df4,keytruda,4,2,2,0.13186280754663052,0.32518294932297287,0.5429542431303966
dfdbcc1f1f0cbc57dc74584569a62f81a1c89dc4,ocrevus,0,2,2,0.33086588087112556,0.20992258404376007,0.45921153508511436
02d23164ca3ae578cada39e9c26beaa6caf33de4,osimertinib,4,2,2,0.06394759794487347,0.0746705797152013,0.8613818223399252
fb9810e93f8f5710923e37698c5d959ce7aae934,remicade,1,2,2,0.13850487541776882,0.22588288062170642,0.6356122439605247
3654b895869be614e95c1a61b9673eea94bcf4d3,gilenya,4,1,1,0.13537526752350357,0.5704712480050486,0.29415348447144785
536b44342b28b5cbd6548bcbbc7a08e9df80912e,ocrevus,0,0,1,0.3480304483680035,0.45300989681738957,0.19895965481460687
3e6f1f70dfb381b907b00ca62d437328e7a3ae38,tagrisso,3,2,2,0.12412032476920937,0.09104317307969624,0.7848365021510944
78902de5bc58c79f2817a320bd29c2bdf267edf5,osimertinib,2,2,2,0.10408592951197693,0.07959145362081871,0.8163226168672044
689be8692cd80ca9adcca7eae7f1a8c65dfb4fdd,gilenya,2,0,0,0.41275826421252065,0.33247308992128644,0.2547686458661929
50482acc8aa9805fccb5433415063dd7d7c3da19,ocrelizumab,1,2,2,0.24317661648830222,0.12820880909690505,0.6286145744147928
35fd103b4649dea39e8c6ca9586906f117ac37c6,fingolimod,0,2,2,0.1346926366355896,0.25005278178990453,0.6152545815745059
310bf8bee7c240dc8b551b0ed68dd436a3900dca,tarceva,3,0,2,0.13769709703240088,0.1685866767616222,0.6937162262059768
368dc2a510fa8c0123725e988344f371cc44e746,lucentis,4,2,2,0.28712528806715587,0.1982047414453637,0.5146699704874804
e58092e98283a7d0d92341413ba7807bb5ba0534,ocrevus,1,1,2,0.36157149186061843,0.27100420807700926,0.36742430006237237
4ca6afb8cccc21e694d5508b77ea67d5bf3997d8,gilenya,0,0,0,0.43793778154611673,0.29764547656601203,0.26441674188787134
d515dafcd541af562d868457361742673f301e93,vitrectomy,4,2,2,0.1600305593827841,0.3532496890366011,0.48671975158061487
a91febb124b3cbde9eb5076d6d4097a8fc5997ca,vitrectomy,0,2,2,0.06625914661974867,0.18212024534536958,0.7516206080348818
0c8017c78481210fcf96d0daf5d4af7f0b422091,entyvio,3,2,2,0.0704113180522853,0.15030082347689838,0.7792878584708164
89be55e72f287792a61df9d74f9e08ce7d8effce,gilenya,3,2,1,0.1481038995532652,0.6907349395212071,0.16116116092552765
642b084508efe581576359f8f5297b5efa143fe3,cladribine,4,2,2,0.3355180527545852,0.2507070797510473,0.4137748674943676
ad8c91ff0e3e8d1f352e78530f0282f4d916f0b1,dexamethasone,4,2,2,0.17675145995122407,0.34620574815474353,0.47704279189403237
497fe164ef0fdd34216e5449d9f413e3b408aa0a,tagrisso,0,0,0,0.36718227446789686,0.2973606741557133,0.3354570513763899
227cde2ceed041752a11018d5532dfb559cb3a95,keytruda,3,1,2,0.14666139903175954,0.24827897517797587,0.6050596257902646
ec1dc208efe08c64120acf0298e7e9126370529d,ocrelizumab,3,2,2,0.2552914667576069,0.33609128664186605,0.40861724660052706
3c4d28edc9189430d7ba79ace8f0fad163b6aadd,gilenya,2,2,1,0.1720389227846145,0.5590003644370757,0.2689607127783098
b4d763e494527d3d7c7cc2e48453f5998a225700,tarceva,4,1,2,0.23438614937451405,0.3010156908755274,0.46459815974995866
57d3cd5a844a2b64ed9380bbd595de8e5e39272a,upadacitinib,2,2,0,0.47638865016801896,0.1558408672066382,0.3677704826253428
f67a2c97d6c7e2ecd860798ba035643c4afd3fb8,gilenya,0,1,1,0.19343784224092422,0.6720973550886927,0.13446480267038297
e3990ab922c7268d2e9a96d9ddf754f5169bf175,ocrelizumab,3,2,2,0.384711894431207,0.18716034676531765,0.4281277588034753
1a532b5301885154ddb08f269191592b65bf6977,fingolimod,4,2,2,0.11993117675664873,0.20272881735759155,0.6773400058857597
2ed73de62a46932b2a48ffaa4e5200634d2f2f76,gilenya,3,1,2,0.15400906301404202,0.3345422160530367,0.5114487209329212
e4ce8e994bfd1775a546b3ab0d9ef627a35a3ee8,ocrevus,0,2,2,0.17674202304100328,0.2667354780155998,0.5565224989433969
2a79ef2cb104839fde2051866df4b01095753354,gilenya,4,1,1,0.21715419287796905,0.6668367307601339,0.11600907636189708
f25ad825f11db9177bc28bc1c02f431dca04aeec,ocrevus,1,2,2,0.3628698337805226,0.24865203589295617,0.3884781303265212
1d8d1d92bf15fb06fb2ff156c8b14153c0e7b13c,gilenya,1,1,1,0.23960371850223783,0.5843124822909007,0.1760837992068615
64041940c004bc37a2b829e4657a785de67fc35c,osimertinib,0,2,2,0.25381110604058926,0.217428976275307,0.5287599176841037
7cc1e10473dd2df812d532fee42f68314c615495,ocrevus,3,2,2,0.3650426212510155,0.22395144808733125,0.41100593066165325
c9ec038e934ac41f9ed81e10cd4685949da0e702,cladribine,1,2,2,0.16405807314355247,0.12532733133979018,0.7106145955166574
43694c8fca3023b6f5e2e9841514c08229c0cef8,tarceva,4,2,2,0.1947777350124314,0.3131328833955378,0.49208938159203075
2e14b0feef6f26d4010bc7a9be678015a6be0de3,bevacizumab,2,2,2,0.12924410839825565,0.1174998398527172,0.7532560517490272
7f920ed0baf21dd4c13adb2003107aa68be3673b,entyvio,2,2,2,0.08418697365050282,0.33646521024157666,0.5793478161079206
57e9f0ea77bbdefb0ac9c12dbb55c66f63fa91ee,gilenya,0,2,2,0.3031887256770993,0.2930155908093461,0.4037956835135546
a864ca987685f9c04f19ae25f2ed5854a13ece74,tarceva,3,2,2,0.23223904344587948,0.35176887790383293,0.4159920786502877
d8bbd97a57507476a794edd2312a89ac2277a794,lucentis,3,2,2,0.09589813040572177,0.12964290078717045,0.7744589688071079
ae393c7215d804907e4c805650d5e274d59a68bb,tarceva,4,2,2,0.12839731600758475,0.13388203558428938,0.7377206484081259
15152de9f8e8ce72070982cf4620217c959b7563,ocrevus,3,1,2,0.09112631350106974,0.295768492868434,0.6131051936304962
95dcb833140612d298210e5be3c4b5311875463a,cimzia,3,0,2,0.18177298690916013,0.149515423541836,0.6687115895490039
27e03e6d1883eea26fe2082a360a51f7e8907314,gilenya,3,1,1,0.43555941779206403,0.4462111740913515,0.11822940811658432
7cb5483d7356b2517dc9cf4b7abd3adae66b4006,erlotinib,1,2,1,0.12155856795794577,0.4517249652439075,0.4267164667981466
b3bea97f87ff8a69ffee2de9de9398bd380ef7bd,ocrevus,3,2,2,0.24650467110939978,0.29953489271296635,0.45396043617763393
fffe2ec07bb421754c5225f4b5bce4e2ca5b57ab,fingolimod,1,2,1,0.16261322095074163,0.47760751844859944,0.3597792606006589
9d45f22cd0c8c4131388472758ae12fff16117ec,tarceva,1,2,2,0.2369021438570798,0.22946711595951286,0.5336307401834073
408e2a0786d16f8d2a93cc2ca1474fef0213d7e9,ocrevus,4,2,0,0.46142352047435004,0.2229641631441881,0.3156123163814618
d9fb9b713035988915f42b61bd952c2d99e758b9,ocrevus,4,2,2,0.2240801386159961,0.09061437027063322,0.6853054911133707
47630e692e07dd42511e08ff57240604a072c670,ocrevus,4,2,0,0.4142519692552905,0.2140304341500419,0.3717175965946677
03a85beecc071a9f6b28972331ed14f276801471,golimumab,0,2,2,0.11821976191568595,0.1008596424792759,0.7809205956050381
5c0129766c648752a5e3301cf0ba6ee6da23b69a,keytruda,1,2,2,0.10010171313228687,0.23966534037386444,0.6602329464938487
2ae58e137bc7c2f069b0a19afbffbd3e90918a4d,ocrevus,2,2,2,0.2721021470985101,0.32659787816915425,0.4012999747323356
a2596cc80dad61af18df8a2716c863a4fa13bb85,gilenya,4,2,2,0.09633902484387756,0.44657711196035915,0.4570838631957633
80d8669cd10756e3eb442912f4c39fe1aab013b6,remicade,3,2,2,0.1800631358716966,0.2780891695149324,0.541847694613371
ef7d69ebb9fd3931418e83b3cc1b5dbd1e51d868,pembrolizumab,2,1,2,0.24645791962880179,0.2189121293008241,0.5346299510703741
8026a65108532587c5db4489d407643625c66a83,ocrelizumab,0,2,0,0.5891299422184764,0.16010424272481005,0.25076581505671364
41b710ee04765f705cd5d7bc2509235600e91d19,tarceva,3,2,2,0.1557126720129099,0.31165262452684783,0.5326347034602422
d70c21cefcfe30ef2985cab75588c7202966f4b7,ocrelizumab,1,2,2,0.247684908832297,0.18407004205114869,0.5682450491165544
6bfc003680ebe016f1ed5b4f4774dc96295db2a5,ocrelizumab,2,2,2,0.25545420236563304,0.28915383368905656,0.4553919639453104
8e06a30c8a785a84752ee90c1371b265a82bb012,nivolumab,1,2,2,0.27133374264411164,0.2157770489732474,0.512889208382641
756e14f0a43b5759f2834317c20b280a8daed7cc,remicade,0,1,1,0.3132921963064292,0.37936144874245153,0.30734635495111934
78fc0bd6bc39e9faf0bd864844495d3e1088f525,cladribine,2,2,2,0.16744456739066158,0.1082815554591329,0.7242738771502054
15e3b26ae098c8ef67996c136c78944733564490,ocrelizumab,4,0,1,0.2707489331291627,0.47111097477064096,0.25814009210019623
ec1a8d8826bd99a7803f1b1352da80daba54242f,remicade,3,2,2,0.15969171094612863,0.4166989513612442,0.4236093376926271
b0996199e42893dbddc4fc9ec4be1c26f2a1b7eb,tagrisso,4,2,2,0.16631423271404994,0.11300352565878821,0.7206822416271618
be524d349ae32be9d723d7b297595415a0e8d264,xalkori,3,1,2,0.30461394111867673,0.2604969796265545,0.4348890792547688
6de173ea5043ec1ae10525ae740d304fa4d2c439,tarceva,4,0,2,0.20869301452870737,0.33005433511974386,0.46125265035154883
d7bcda6dc70e843767d0dd3a95dcb4aee5e79e26,remicade,0,2,2,0.22864603211657047,0.2524841571010737,0.5188698107823558
3b47020c29f2673875a3bc9d6e2a31e50084e6db,cladribine,4,2,2,0.3909787765052125,0.10027222440327302,0.5087489990915144
118286c2254dc957e0a5681a8bf5f6f5dd9ef15c,tagrisso,3,2,2,0.17234201513880096,0.16413400150335916,0.6635239833578398
ab4b2f26615f3a374ecfec60419a972804b85a7c,alimta,4,2,2,0.26385811598389947,0.14615048095804717,0.5899914030580533
c2afbb9a56612a037ef9c8522899d436199c2e3b,fingolimod,2,2,1,0.16956652905938857,0.6064046429635646,0.2240288279770469
cabdf781568fd2b9e6ac54741d5c254136407732,gilenya,0,2,1,0.09515650512668758,0.7045498740180963,0.20029362085521593
e629ad9cca620acbe8e78905d00c32942f3f07d3,ocrelizumab,4,2,1,0.28329817086073383,0.463296723220639,0.2534051059186273
c66a4c9bb00b077dbfbe859dc9eccd125e9eb41c,vitrectomy,2,2,2,0.0992420672844299,0.06650739491942188,0.8342505377961483
c02d8944bb5396b058ec3ce863a2b44f744c432f,tarceva,1,2,1,0.1577249936501809,0.49891488493859576,0.3433601214112233
aa0fc24ceb5a81a24fb41313c238aa055844976e,pegaptanib,1,2,2,0.32555958785723943,0.11677545592094396,0.5576649562218167
2f6c455ee660d0a090bbe6fbdf0d20c848359eee,ocrelizumab,0,1,0,0.478196171256269,0.34118904050747956,0.18061478823625143
7bd47677cf62a1df668ce01b019761f7b1bb1696,ocrevus,1,1,2,0.1767469379107857,0.17834011550751386,0.6449129465817005
fbc704d34a696e053f0f7adcb7a30ea96bf11e71,alimta,3,1,2,0.09182401673799984,0.3638607310546561,0.5443152522073441
ef59d772907fad294a419323500b8be6d03f38ac,xalkori,3,1,1,0.2600395965247259,0.42857682723934615,0.31138357623592805
ecd4954af7946770859c0da60aab0845c4c8d0fd,atezolizumab,2,2,2,0.13689503500835642,0.12065309669668949,0.7424518682949541
8b4c07aada6b6d46b04e9f90c12f4252edb41b9e,gilenya,0,0,2,0.36870950411326303,0.23028352989168957,0.4010069659950473
22ec332cc5f5ea533647092c33efda70e98c3a3b,opdivo,3,2,2,0.22856054115880964,0.2159609653261198,0.5554784935150706
227649dea7c1134a8f67f2b8ab0879a2ad15c2ad,stelara,4,0,0,0.6733771944152858,0.12324106327115497,0.20338174231355918
64a19dfc3ec36758a7c00b4e3cbcc7f0eccdeea1,keytruda,3,2,1,0.1784305114012411,0.47673154958148833,0.3448379390172706
eff0df41845ef100f10e8d82094d1cd05d249511,ocrevus,0,2,2,0.25686904885643147,0.2760376530200488,0.46709329812351963
7a49f2089def95a8fd37fbddbe6d1a8899587e48,ocrevus,0,2,2,0.21867883822970974,0.15306518038545408,0.6282559813848361
13892b64400a029de5bc40a43f218531fecfab05,lucentis,1,2,2,0.3179795207601266,0.29630340407624933,0.385717075163624
cfe3f491d5c50f9ace45abcca9399df03d2f9671,entyvio,1,1,1,0.1624304466949144,0.44241469381169884,0.3951548594933867
2a0d32d572265e324b22a37808e57b83e3232cdc,ocrelizumab,3,0,0,0.5357693444428946,0.23232209700186787,0.23190855855523748
346cd18d7b76bc68f1658d2556c1e21d9149b3c1,ocrevus,0,2,1,0.20252681849450857,0.46778049948543,0.32969268202006147
5baa05ccbf607231de6d1cd6e419e60174fc7f6b,ocrelizumab,1,0,2,0.26506645080889046,0.34732419656668057,0.38760935262442886
6ea160f47711efcac6e2f55678c4a360c75b1aa0,humira,3,2,2,0.151867597984004,0.10064597315127653,0.7474864288647196
b6da53eab4fb99f6b097321d42ef700db57cf0d7,avastin,3,1,2,0.20434846629591075,0.32247463905681345,0.4731768946472757
ed9e522db2b8df767908a83f783d1cb7aba930a6,osimertinib,4,2,2,0.14214135358284244,0.07905210339234961,0.7788065430248079
0351ceeb1f147b5e12350c8417fd8770d7cc647b,opdivo,1,2,2,0.2854559995695383,0.11738606789046045,0.5971579325400013
57fd90664b4071564053f8c4f03249321f392294,ocrelizumab,2,1,2,0.3535108360650992,0.2467603935959119,0.3997287703389889
5da690574a8482605b9b165853c0840eca8bb5be,stelara,3,2,2,0.14967681744562675,0.387906073470941,0.4624171090834323
41fed1488be6263a533d5466762070322fb31d9e,cladribine,1,2,2,0.2459029982503505,0.290256233789647,0.4638407679600025
957dc700cc219a57e536678857b7cc69ffaa08cb,ocrevus,1,2,2,0.23921637174427168,0.11626083864956993,0.6445227896061585
8d529f21081d99b0617c9d75f6b075ee2009d645,humira,1,2,2,0.21883109903401401,0.24647720193624578,0.5346916990297402
24328b4a643c1507c5e04a3566a43a624e50da9c,cladribine,1,1,1,0.1513402471876691,0.45934664424334487,0.38931310856898593
7c73bc030e555b0683d1f687c562e5ef4595d195,tarceva,3,2,2,0.1769382445381006,0.35312635028271133,0.469935405179188
d5d3c1c337be5761b6b92c1e4cd1876cfb2a672e,stelara,1,0,2,0.2546530189601369,0.20546234109432437,0.5398846399455387
2fb38423644d835e4fd79d6a396964fc620c90a7,gilenya,4,2,2,0.3193050793933769,0.33191170718562873,0.34878321342099444
236669477a165c825ee223ed59418cb800867def,keytruda,3,2,2,0.09193367465456366,0.11230413821602685,0.7957621871294094
6f12c7a420d02e163e3550274bf315a82d7786c5,remicade,3,2,1,0.2903720903805131,0.4194763452453899,0.29015156437409695
7786e4edfc24a6d87db0e3a21b3a6e2a075d9b90,ocrelizumab,0,1,2,0.39903554446365586,0.15017386900447052,0.45079058653187354
0e3aaa09cc0d67c2da04501209f4b26b549a5b5b,gilenya,1,1,1,0.1689861797075465,0.6504598680368184,0.180553952255635
107ed9c1e42c881e11f03eb28d680afd1f49a100,fingolimod,4,1,2,0.18954415526328494,0.3232506788975054,0.48720516583920953
77854026cd4726637ef915d669670ebe83de8ace,ocrevus,3,0,0,0.4708316136636631,0.14199781244298387,0.3871705738933529
98111fe5506ed4846ffd4e0aa10337957f5a63f4,imfinzi,4,2,2,0.226533215025179,0.14589726541358064,0.6275695195612403
e0ea4f01d672100aa60138e75f9f3f825ba39536,ocrelizumab,0,2,2,0.37616888218518507,0.18842601924941274,0.43540509856540227
4d6a79ab7513602dfbf14b70a16e62b62dac227a,cladribine,0,2,2,0.30926604875267716,0.06148321696416658,0.6292507342831564
85be6c627020badc853540c8f95a4b0b570cea88,tarceva,1,2,2,0.2274378732702674,0.19769187704543587,0.5748702496842968
a4dd7310a0caacd2143862f32786d1aa57b02e9e,nivolumab,2,2,2,0.27962016920775284,0.21612959557696662,0.5042502352152805
eafbffd8b4936937df4c45fb3e8cb39265022f5f,alimta,3,2,2,0.20828009070415923,0.14405044025023186,0.647669469045609
ad9b68e4b654cd6a6e64d7a56578574cf54a93b6,gilenya,3,1,1,0.2696370766432675,0.5909553682228653,0.13940755513386702
47e0629d6b8d8bac9987168d84f128c53b11571a,ocrelizumab,4,2,0,0.6041277357552202,0.17564316530479984,0.22022909893997994
5717820e8738fffc569c89902b5ad31eece3dd70,stelara,2,0,0,0.6918379135131025,0.13177481008313283,0.17638727640376464
f9ecb179da4a1f2979be239373bd25c9e4dc476e,remicade,1,1,2,0.12466966841888434,0.23311786455944414,0.6422124670216715
e05443f849c893ba4abb6ebd15e47a65d9f7ea1d,crizotinib,2,2,2,0.24953915708815638,0.23177363833780693,0.5186872045740367
682164de7feb1a3d7a389d12094bc819e7786f87,gilenya,4,1,1,0.25228015051032204,0.3802213954858618,0.36749845400381614
cb82b100290af24cd7397829af8ebdf39d8d8ba5,tarceva,3,2,2,0.1683275161586198,0.2393891290764619,0.5922833547649183
5fd3f84c68d19220f2445049c599c5a2a2c95030,ocrevus,0,2,2,0.18923760194646938,0.1850630584473942,0.6256993396061363
b7e1ea14296f3d7ac7097e29e7a0ad476f60acbb,tofacitinib,0,2,0,0.4625289101760988,0.19126117216591254,0.3462099176579887
6a246395630027aaf222294224a3d9066ff46e76,ocrevus,0,2,0,0.4372223529984375,0.22974186561823545,0.3330357813833271
87b43e5dee7b4d6a976609fc345fc3e70af4b108,keytruda,3,2,2,0.11807308212769642,0.17592970937125987,0.7059972085010437
8e3454c0b069365234880d9b8d80ee2a2c02c9ff,gilenya,0,2,1,0.3342215461290136,0.46196384159001846,0.20381461228096792
847039a8505f7a6f6db560a43009426204e8d835,opdivo,0,0,0,0.557214165061992,0.14710728714456683,0.29567854779344127
d7f483557cab8544ea397dd8415b66852408a25c,ocrelizumab,2,0,0,0.3970214276919375,0.237635977996116,0.3653425943119465
ea977c2ad0a477c1ba9b8d8e537f2faaf225b3b7,ocrevus,4,2,1,0.1638268085128257,0.5482015549020305,0.2879716365851438
68abc79fc8d32dcb838a9f2d4cc90658e87a6ee7,entyvio,2,2,2,0.07150792582329571,0.30416072477764616,0.6243313493990581
45bedd13cde66ceca4c2642b73dd3bda6a858cea,ocrevus,0,1,1,0.2726993581907025,0.5783597441645798,0.14894089764471766
5b7c3afc4efec51fdd1f7b7c1dc12d9ee4dba050,remicade,0,0,0,0.3533625935367207,0.31683756363614113,0.3297998428271382
5728584561349fba3fc5a2414159d2bcafd9ff78,remicade,4,2,2,0.08431369979458442,0.18349512100329632,0.7321911792021193
8ab3334a1e595f4d7d401b344722fcbd2a6f5f8b,tarceva,4,2,2,0.1468074764785104,0.09829235727445762,0.7549001662470319
95d68b53d2589b7f94c85169f766ab41503933ee,ocrevus,3,2,2,0.18933245610491142,0.16888981654515156,0.641777727349937
94f5c577377d235ca1d146c3609b0202a3e4cd67,gilenya,4,2,2,0.12065624303045056,0.1681614529259382,0.7111823040436113
8885e25e4c63a7102e77c44f8d1be1f165eebe70,keytruda,1,2,2,0.14735619543235792,0.2059586042019036,0.6466852003657385
a66fbaa8421e0b12c69e30e0bac020354374aadb,humira,4,2,2,0.12553925278833603,0.1845567331721218,0.6899040140395423
94f7915ef3480dbd4bde06c6a366b1e10d3c40fb,keytruda,4,1,1,0.18463818033841153,0.4622582780690409,0.3531035415925476
6ca02833514a32ddf899d15ab5e6f4192191eaa3,gilenya,4,1,1,0.09092613342955255,0.7792732492507016,0.1298006173197458
316591c31fc120d540b961d4dbe9343bf670b0c1,fingolimod,1,2,2,0.27145426718038357,0.21279228001937073,0.5157534528002456
5b1772d1339c747d352f00df546d6acac025faa2,gilenya,4,2,2,0.20114227717854113,0.2595937107973246,0.5392640120241342
f983799376cc61d6adb8757a860345ead739a0da,ocrelizumab,4,2,0,0.4026652641176185,0.24278992754038795,0.35454480834199353
f11548acabfb0cdd1138685c06c9f2b9b13351ba,gilenya,3,2,0,0.45644168333300456,0.25637110892281706,0.28718720774417833
378783ebc7d0f77892f3eadca5a8be9ed3f5075e,laser photocoagulation,1,2,2,0.15177445411457394,0.14972109937874575,0.6985044465066803
2d061f47016110d6aa814f9742818ff81ebc78ef,crizotinib,0,2,2,0.3391135680439009,0.15057762842867903,0.5103088035274201
92aa2a739381b37338402641080642cae28c30ee,tagrisso,4,2,2,0.179843025343096,0.10925427937919258,0.7109026952777113
ee85c990aeec108df46fca7779e33c4af792db21,alimta,2,2,2,0.16474608306504188,0.13678394850115416,0.6984699684338039
352ecc50fde1c9a6f17401707fd0447ac9b598e0,gilenya,0,0,0,0.4729155875695613,0.33662352867825346,0.19046088375218523
3135f4eff54af5e6648c4ec923dec491696f155c,vedolizumab,0,2,2,0.1877691123886603,0.329271173125597,0.4829597144857427
9a043291f0dfef00ea2c2fd3cfefdc85c2bc65be,entyvio,3,2,2,0.1719984786409993,0.2935417320291208,0.5344597893298799
f0c30136f741169f770d7bbfaa77de5d4d06eb85,gilenya,0,1,1,0.1281387127692184,0.5343510984980772,0.3375101887327045
db26ebe73b39da1f3f858ee8cd19e45d0cd1108a,entyvio,2,2,2,0.13069131486076851,0.18335175513329907,0.6859569300059324
84feb81d7ea78b4cce34b6609b98165ade4ef62a,entyvio,1,2,2,0.12509303345645317,0.2189322329917788,0.655974733551768
381a838b805a3128874459237be02cb4c987a977,eylea,3,2,2,0.19984186587037361,0.3968498386326171,0.4033082954970092
fb7fa25736d3c13c46897415d4efc249ffb58375,remicade,1,2,2,0.08734431428483193,0.12566013270947085,0.7869955530056971
e3874ea7ed7f3db43d15df0208ab64d32f72d1f8,entyvio,1,2,2,0.14155633459894096,0.1613739750054868,0.6970696903955722
58aac462b7dfff401801f8332cb80cb74f9c5efe,keytruda,2,1,2,0.3194427823475775,0.19811783959049417,0.48243937806192827
d7bd96a5a1cbc0c5a71957746bfc9186df78e8e0,entyvio,2,2,2,0.07978116510021616,0.12472241748522947,0.7954964174145545
6d4b9d6322d654b546fd27e83b4408417e922f6f,ocrelizumab,1,0,0,0.6108421787935367,0.1644333279903553,0.224724493216108
85cd1a8ee67f462bbee9c0a3eca02ef5f7f26b36,remicade,4,2,2,0.30647910449247834,0.31458765159260843,0.37893324391491323
7c6f1bc310f37ae7fad9b05a7b86b8d7ea49d574,eylea,2,2,2,0.308852318877691,0.2904837368416777,0.4006639442806313
2f5adf1f9a431739be9c5ebb2494cd229278d0e5,pembrolizumab,4,2,2,0.16923286610478697,0.14847956402751505,0.682287569867698
d0a93dad46f18f7070e5cbd9f7d894bb07026892,stelara,2,2,2,0.2299275427957175,0.21945453091066483,0.5506179262936177
d61695a344b045ea38536f4263a091b5331edf5e,pemrolizumab,4,2,2,0.172338709642632,0.22431307286213648,0.6033482174952315
d9c6d8c93aa27ad806daf188e14c9ff6d2c62cb1,gilenya,4,1,2,0.16843508740008295,0.3475474770824608,0.4840174355174563
d90a8f5ef654d34fe7b2bec54c216a7979ecb326,osimertinib,1,2,2,0.08387301585742452,0.09024871975429476,0.8258782643882808
19f01ac7dd0394dc37ac314e1e9e78b3ed5c0f05,nivolumab,1,2,2,0.12068689490365596,0.23379619783401928,0.6455169072623247
373246498b3279fc44b0f3c48946890579389627,crizotinib,4,2,2,0.2578360467766731,0.1930118985663482,0.5491520546569787
d960b82141c7e509ba71d0b0e832106249a2f75d,zykadia,4,2,2,0.20131819346738805,0.3161700558500041,0.4825117506826079
759950153179964f1eaa441aedf8b28504a45d01,ocrevus,1,2,2,0.34494093185408115,0.30121999633631874,0.3538390718096001
9df6bb3e02c68661658e6d3a25fc0461798f9670,tagrisso,2,2,2,0.19514458727100248,0.17983319753748442,0.6250222151915131
8c684bc913e3f24cad37fc7c9261c0e35ee09a18,stelara,4,2,0,0.5690041171318967,0.1721364027537969,0.2588594801143064
b4898578152c884c672612727d26780ee865ce17,nivolumab,2,2,0,0.40972033807792435,0.29982839474435896,0.29045126717771674
8bfa3cfc4827191b0631007b8ae89ac97c4b485d,dexamethasone,4,2,2,0.2702238327231972,0.1682058963807352,0.5615702708960676
229d351e39bafb1e35d4e2b8351b2433e9433c0e,lucentis,0,2,2,0.19451337511611425,0.1578592208498514,0.6476274040340343
a40bacc8652d7a33298d7046b361f5bb7ae99f18,gilenya,1,1,1,0.2777144124180124,0.36796660375457535,0.3543189838274122
8eab1f11f4b891dab4cd8783894d82da63395194,ocrelizumab,1,0,0,0.4789623805593768,0.3000277656285146,0.22100985381210872
a5f8a77b0dec0b2b7dbab8426e1497f90d54fc51,erlotinib,3,2,2,0.1809325370005988,0.12342859244722339,0.6956388705521779
60a706e10ece75072f931c50fd05005e2f900375,cladribine,2,2,2,0.3011116911550015,0.25753133617111235,0.44135697267388607
4c6f655293f31d9c29943a33420014972ee747dc,simponi,4,2,2,0.05694138350480125,0.13674552360740988,0.8063130928877889
9a06cc1e02c3ee2c2f328f96b7127facc76297e9,tofacitinib,1,2,0,0.49285049245577517,0.10733409725473134,0.3998154102894935
5ddc69de26cd6b35f95336c86ca4e622c3623de0,cladribine,0,2,2,0.11586253147038734,0.10988997809487748,0.7742474904347352
21b67612a752d98871031928b856d6e0a4f5ae30,ocrevus,1,0,2,0.25077141747935766,0.2799134209103271,0.4693151616103151
f3ac133f32c913616070806a821686357ea6d76e,remicade,4,1,1,0.09562202490721432,0.7556967440545331,0.1486812310382526
ba665cca43e4e0d9921f5f08c5e0904610bfe762,opdivo,4,2,2,0.12318350863642014,0.0826467787719512,0.7941697125916286
b68a3d544decac4174fed00e8da95d667cc7889f,ocrevus,3,2,2,0.1563517323699804,0.2034122816859689,0.6402359859440507
c945067a67150bbb679eb9d9d72abd2927d8af5e,fingolimod,3,2,2,0.17648324749037703,0.28354149722219024,0.5399752552874327
037064ff3634cdb8dec65abc9626777c12ccc15d,gilotrif,2,2,2,0.18495192023133195,0.38701628695529683,0.4280317928133713
af87764c208c0a3d2db0e655e73c0e97a4c6acd8,stelara,4,1,2,0.23130361531247973,0.17910160300681147,0.5895947816807088
8f1c1a5bbd48802b59e6a7d9273369d73e4a1002,gilenya,1,1,2,0.1986498767154819,0.2791401049234998,0.5222100183610182
a459af7901a1bb6f638378951f1708837427a9b7,ozurdex,2,2,2,0.1323338658330004,0.11361582099528182,0.7540503131717178
2c082fc637d71a45ecc34ec7823ca22671470162,keytruda,3,2,2,0.11261619521575741,0.07342784286140933,0.8139559619228331
d0505359de3a00e8581d570c039f53addd2aac63,ocrevus,1,1,2,0.27093767839578287,0.32961670837690515,0.39944561322731204
a0adabb9dac97cfe33cf0ef69fd0792b49512c81,entyvio,2,2,2,0.10324614745415908,0.1988359599434997,0.6979178926023412
72d49378fdb68eaf317c389c67789e9e43a45ee5,pemrolizumab,1,2,2,0.17786489871397437,0.17332449322954904,0.6488106080564766
3793607e5ae28c6d8272961aa35d871b4a9ed3dc,stelara,1,2,2,0.10383854888865364,0.09831706900781496,0.7978443821035314
6c5da8a7002d18305f528f8b4d524e6beec9522a,humira,2,2,2,0.18762427816595006,0.25159958258877557,0.5607761392452745
ff85ac2c9f9cbf473cb1b30ef5f0ba09a77ff12f,tarceva,1,1,2,0.2870357968024783,0.2229928477150702,0.4899713554824515
0be55ca99acd419ca08dfe9906c055745d5e7fe5,ocrelizumab,1,1,1,0.35197774187127406,0.36669954379939607,0.28132271432932987
a684a24220f60faa361d2193599105035ef550d3,tarceva,3,2,2,0.12112697102607627,0.2462237543275831,0.6326492746463407
3ee302d87144990958a084a361c0a4d4eac0a3d0,entyvio,1,2,1,0.2610069019043239,0.4250775948860472,0.313915503209629
e772aa07f75d269bdd956cdbdac8c71c8e6ef778,tagrisso,4,2,2,0.1703903096209783,0.1943780181443488,0.6352316722346729
189ec895d1079ebd17d6c42290604cfd0005bdff,ocrevus,4,2,2,0.18860783847443807,0.16486013447822326,0.6465320270473387
6abd0a7afab727a15b17dc4d6a4a0646cdcc3d4e,fingolimod,1,2,2,0.3080206760856091,0.15107273517928252,0.5409065887351084
8eee83cdd7105505739ca1c9dba6bc72fd416125,mavenclad,4,2,0,0.46119086547209887,0.1670865674000289,0.3717225671278722
10aec8f8f10b61bc5408be3b8b8dee01f1d8966c,humira,2,2,2,0.11529521491538747,0.18383894073445772,0.7008658443501549
ee693db7485c4efee249f5426dbfe24837e08766,stelara,3,0,0,0.5433115239339529,0.25117991655313865,0.20550855951290842
a55ea5e688fe8436628cb8085885ea5ee2ec6aee,ocrevus,4,0,2,0.30157543216021016,0.16095377797562715,0.5374707898641627
e8a62640c98679c13d69f18f1d202415dc3c830a,fingolimod,0,2,2,0.06007043176618514,0.1512278540349091,0.7887017141989058
47239303a417b1b3df91492a661249d87b279a29,mavenclad,3,2,2,0.3417266750085539,0.08900384394030492,0.5692694810511411
00b1befe00692b56eaa5bc5ab1069241146455b0,cimzia,2,2,2,0.13728173052052092,0.10436878611365888,0.7583494833658201
b391c51c198fe36bb4166a8e403551ca7b5f732c,erlotinib,3,2,2,0.328591340701777,0.2318003869760349,0.43960827232218813
6375a8a230223d2e9664512b03da2eedf5dc44e9,lucentis,4,2,2,0.27732299877300287,0.24722952267941767,0.47544747854757946
4f5e7d745aadfaafcb5a1bfa95a8f92a43680568,osimertinib,3,2,2,0.08534306719494661,0.11465258407690136,0.8000043487281521
ca251b3a802175d7a59fc96090d6701a97c1a90a,remicade,4,2,2,0.1115125861521261,0.19853582113862941,0.6899515927092444
c3dfdf14f42de5d0a1e0892efb6b6e195be70970,opdivo,4,1,1,0.12634532587995317,0.6010578774241078,0.27259679669593895
b37946ecfe4067d168bd5f8ef588242af3f7e924,siponimod,2,2,2,0.18979492291034283,0.19461329420011791,0.6155917828895393
a0fcf0cb51116b625590008c3081a7e14bb5e68d,remicade,1,2,2,0.1496308199430508,0.1514286664365616,0.6989405136203876
beebf887c48d8bdb1f9a1eef4d81bfb2f4b01c20,lemtrada,4,1,2,0.17877689801711152,0.3764566596283677,0.44476644235452084
23bfd586572ce3c0b82e57f590b5327105873fdb,tagrisso,0,0,2,0.3959940972590771,0.1389487120385227,0.4650571907024002
6fe1b4cbd8bc74450a3c2c893a856728015f7aad,entyvio,4,2,2,0.05082269802295687,0.07796536509130872,0.8712119368857344
090c8407ef7a5ebd70bb7eb0541455999dd24f6b,nivolumab,0,2,2,0.16814980969693183,0.19390948422791263,0.6379407060751555
ed50ec7d30cb52228485969e0362b347d2e28546,ocrevus,0,1,2,0.31233017958215864,0.12181812877764689,0.5658516916401946
5a4c85f28de056704f471be3cba9bbf46bddbf33,ocrevus,0,2,0,0.38940458791979843,0.2990342228218683,0.31156118925833326
5c2591d67192f0335bc8aaa5bc999ba115e5d524,vedolizumab,2,1,2,0.09214730302877047,0.20016747136971055,0.707685225601519
f44b3790cd81815cc80bd079fbd69b7d7fe58951,stelara,3,2,2,0.06439765169350867,0.0743811192976236,0.8612212290088677
81ac282cb4a7de4d4e4615a1f9eafbf2fe42209d,cladribine,3,2,2,0.10550949768613246,0.11697388377178097,0.7775166185420865
9ad73d78dcf953efa03ae1a41a439d657c8c4a8d,cladribine,4,0,2,0.3968056727071902,0.20380698230662064,0.3993873449861891
906d283302c2e4ecb1f8858c10a74809a91576e0,vedolizumab,1,2,2,0.30507313447165146,0.19290493750626103,0.5020219280220874
2afad75e373caefcc56a9c70116b7941e4c5a9a7,gilenya,1,2,1,0.22948707731494003,0.44670194359602555,0.32381097908903433
f13ef1b3c708c5cf6f073ba823c46640c41e1815,ofatumumab,2,0,0,0.4273626017397116,0.17969770414072067,0.39293969411956786
a3f02999e3624f8051f334dc085d47d8c1e1dc10,entyvio,1,1,2,0.2665569062753812,0.34628226540377505,0.3871608283208438
efdd481a62378f2eda48dd085c0502b6db4b8d42,stelara,2,2,0,0.7442923062980688,0.15944055440085977,0.09626713930107146
9a66051932616c9fffecae246b848233873c2917,zykadia,1,2,2,0.17936458439382225,0.16600264334441256,0.6546327722617652
231470566d08fa3289a6c1f602b819e1e211f1d8,remicade,2,2,2,0.13646579085949356,0.23912902618789214,0.6244051829526143
31f13d7a56b1041d0780430fdc7de3060faa886e,lucentis,0,0,2,0.26164565042926186,0.13396672183425765,0.6043876277364805
89b2db155679df6132f0a0ee87eec515235cc049,remicade,3,2,1,0.18541533570480945,0.43180684308515577,0.38277782121003484
f784f6dee75b7bbdc058cfaf7b07227f533e45fa,ocrelizumab,2,2,2,0.2220852374813515,0.2561247072040139,0.5217900553146345
5b4a88a8b7ec96cb79cbaeb2033a2fba3a80ce76,alimta,1,2,2,0.19664189476874322,0.37352594136808825,0.42983216386316847
4016402e76891ae420e4b03c38affd4488f53468,ocrevus,1,0,2,0.21639599797776826,0.12292608070813955,0.6606779213140922
85239b50f823b99a3984c3cfdff0564679c51dd5,tarceva,2,2,2,0.16983069602786358,0.15420324568199129,0.6759660582901451
be0850ddcfa28dca5fad39fe9dfb27a8e26ce584,pembrolizumab,4,2,2,0.3210655323015146,0.2621437861214484,0.4167906815770371
0cf0319a83498a5c2575f9dbfbce62bc6758c0de,entyvio,2,2,2,0.09552220493449512,0.09324119744109495,0.81123659762441
eb36e3132fa74e9fa1d36218415392d5dc7b1561,ocrelizumab,2,1,2,0.22280649757193746,0.35817683933437094,0.41901666309369157
cd4f6df9ce70b08e6896607561faf0ca3c92d75c,gilenya,4,1,1,0.18952544707077582,0.5018010729596976,0.3086734799695266
ba304c57cbf8ab9090d919e16e7f79be86f1533d,gilenya,4,1,1,0.14290797511060827,0.7149986982421654,0.14209332664722624
9199604816f7f48f596512f41386e066cae4b8eb,ocrevus,4,0,2,0.2842516404953481,0.32738732259816816,0.38836103690648377
ba2de643e84ead31aa0252c2b86f94efbaea2916,opdivo,2,2,2,0.12112007808056799,0.13852278214509367,0.7403571397743384
72f23a678b5c6a722aa3eae7b41a02f376c5fa18,stelara,3,2,2,0.11736142434702317,0.12554989840291217,0.7570886772500646
fd4ba3f1ff6978c1d7c8072a5cd6a7ff46d264c2,ocrelizumab,3,2,2,0.3366925185672043,0.10428894871663842,0.5590185327161573
3530b78193dc9d93e94f73261cbade5a46ee5983,humira,1,2,2,0.12155048012908565,0.2906695504686178,0.5877799694022965
7bb4a0d21e30bd3bb0dddbd421952178fa515d1f,ocrevus,0,2,1,0.21094072724704951,0.46124348330333326,0.3278157894496172
5833a697f453f119e1832ce7174d06f3dd8b345e,laser photocoagulation,0,2,2,0.17184294310732123,0.24438333036904247,0.5837737265236363
f05a62e7fe88f3b9769a48744df3f9de4b990e53,ocrevus,0,1,2,0.3666116658949819,0.2085130552781454,0.42487527882687265
b45a180ea8a067a52c41116c9dd4fddf72877f79,opdivo,4,2,2,0.18186968403541223,0.2528363473209583,0.5652939686436295
851608aad81029c7c4c34acb084f6549d51c7189,entyvio,0,2,2,0.0629162448669065,0.13411824034450978,0.8029655147885838
59407544eb6dd340644f48053adfb0a74e355142,ocrevus,2,2,2,0.2347802688807589,0.2819919363098795,0.4832277948093616
14a9ffd6fda690e35a999648961a2bebf5b8334f,gilenya,3,2,1,0.3638161514419171,0.550452775397286,0.0857310731607969
9b8b162868d9d959913fb8cd5ff3b166dea15cf8,cladribine,1,2,2,0.15338125245865372,0.26722919582632587,0.5793895517150205
14df97ca92f32f1fe06ee892888678ee6515ddc6,gilenya,1,2,1,0.215157285454244,0.42156116344893935,0.3632815510968167
d33fb7a86e395518596bc5705ae0c6d162c0eaf8,remicade,3,2,2,0.17449447247056052,0.3896077551147036,0.4358977724147358
808a1d06975f6dfcf8c8612177247f46de9a3fd1,gilenya,4,1,1,0.3602560493336016,0.3679614763436361,0.2717824743227623
af0bfae0c90d3f3f3235e2dfe53aee939ce330a5,ocrelizumab,1,1,2,0.17006263929763343,0.27845741830343984,0.5514799423989267
d45df328abc4f4ca850f7b38bba755c3368fc8d5,tagrisso,4,2,2,0.1153865584437515,0.11146632292901584,0.7731471186272327
91d425ad07fd7d309a4f5c3488e44bc313255abf,crizotinib,2,2,2,0.09142114270170651,0.13009502504061202,0.7784838322576815
7adbba27380477f815850d224e6644f412a49416,gilenya,0,2,1,0.17462617702354438,0.5453826169312926,0.27999120604516303
d56bb8916a25e63409681f469fc34687326a1575,alemtuzumab,4,2,2,0.25261247196803704,0.18924298912392273,0.5581445389080402
b6e251effda17bc48d4eb50c3edc1b11bc0c1c92,cladribine,2,2,2,0.10089848784138225,0.3485859187157313,0.5505155934428864
77eede215fcc8a72479d3148e47b05db4242b055,gilenya,2,2,2,0.24340840299078678,0.36544573131892333,0.39114586569028975
76ec6ed815d543c9bde42a2cdf7e9d47e946fcd4,cimzia,1,2,2,0.30507284470094514,0.1481681123169017,0.5467590429821532
c55dc545aca4c35a6fbaf3c84f6b9e3d45eb1199,xalkori,2,2,2,0.24812348107471024,0.15576956464411176,0.596106954281178
82e3dd1854c8e2531d13020483ea63e4c317ec8b,gilenya,3,2,2,0.12215751730861965,0.1891697885236525,0.6886726941677279
841d21989be51f9036678caa56ff50a966fd89bf,fingolimod,4,1,2,0.2679423135810086,0.21223057821389354,0.5198271082050978
ea8f71c6f4cab6901c28363679be869b612389f5,ocrevus,4,0,2,0.2986702132087476,0.28681405456964,0.41451573222161237
2a93424f57ba40637e9e3efa9b56190162ee130f,gilenya,3,2,2,0.132312766951729,0.2136775277203635,0.6540097053279075
5acc3259cdac409db55b5b7fc248b9f01e85418e,gilenya,3,1,2,0.2885792167918187,0.20474755041784987,0.5066732327903315
2f84011cb2f5a3c7f80bbfebd9c463e8bece5507,cladribine,2,0,2,0.27112010717557194,0.259242667228088,0.4696372255963402
3ac67d99871f45db24ff796810c6fd725922b7ab,gilenya,2,2,2,0.18334124868552,0.4043601655992755,0.41229858571520456
77d3a1ef15d71681fa128a9457b891714f06b2b0,cimzia,2,2,2,0.22293432295801144,0.24737450261808758,0.5296911744239009
2bfd7430eb39aac6031f712cbb0e13f70a09cc26,remicade,2,2,2,0.12615744772175444,0.11870662696024452,0.755135925318001
96124f58c217e7d2ede09338c97958d22ece3143,ocrelizumab,3,0,2,0.2987955598501484,0.09729863007861114,0.6039058100712404
c951b35309bbbd94fb530f794a485abebe280c35,fingolimod,0,2,2,0.14732011010799745,0.17291874838860358,0.679761141503399
e8fc38b5a1b54fdd89133a6a4b7dd2847cebe915,remicade,3,0,2,0.3100641487209562,0.24288653297969606,0.4470493182993476
9f406da0b9897656605e0d2e92db14f367a5d3cb,ocrevus,0,2,1,0.23544411042258412,0.4776243279135227,0.2869315616638931
e75b23358162acc0ab2c52969600c927e0cbf37f,ocrevus,4,0,1,0.3094608357692533,0.4846918056357145,0.20584735859503211
b84b6c95f237cf98d92012383f0a4a8d31462426,humira,4,1,2,0.32493817377397394,0.19024277069348064,0.4848190555325454
63618c3521861f495b58f32163c7b73ad41fe680,ocrelizumab,2,1,2,0.25691028302920116,0.1445024294789093,0.5985872874918895
38f5cce403e04e5702c6dffda971348064f151f4,opdivo,2,2,2,0.14154099693180516,0.375263806568815,0.48319519649938
f523487aacd78bf758d5c00305d3a35e2111b715,remicade,4,0,2,0.21821793426167924,0.3404428043606605,0.4413392613776603
ee9a8d16348923111428325191f90265840fbdeb,gilenya,4,2,2,0.23905961041465806,0.25998439647777694,0.500955993107565
6c05606192e224b9574ad0f0638fc3793eea2180,alimta,4,2,2,0.12294485204814817,0.2219362205182937,0.6551189274335582
36f54f595b3c13019e6c138e7fbbb20eadf74c11,fingolimod,0,2,2,0.12843273663850233,0.3907032940860978,0.48086396927540004
1a0ef3b92ae434812d3d68c3e768f68cbe43a972,ocrevus,2,2,2,0.19007914854949567,0.2067438107125879,0.6031770407379164
392338cedbf1967251f7f9999e5ab77905ca8a6e,cladribine,0,2,2,0.18768135504571304,0.11430608008912012,0.6980125648651669
e04706270aee98891da0d7f309c8882e77f641de,brolucizumab,0,0,0,0.4264269683519911,0.1744438749418471,0.3991291567061617
ccbf1d21dc9ae73c3e2266d7cc483e7a7089cd11,fingolimod,0,2,2,0.30332826375323557,0.17463780936086543,0.522033926885899
4302e9c58e521d1554205beb2eeda3b799d94527,entyvio,1,2,2,0.2461348860491085,0.15943719819369193,0.5944279157571996
21f2a6eaa4d12fa7c051a7d297a8cda863d2ef6b,tagrisso,1,2,2,0.24934043763009942,0.32593572022031864,0.4247238421495819
d7fbc26b7ad3e093338d601e85c44003b28212b7,xalkori,3,0,2,0.27531121015977217,0.3455482061618763,0.3791405836783515
b7497eeb9a4b648534e1cf7bd2e7a90f6f5281f8,ocrevus,3,2,0,0.3592283917041948,0.30504715505433816,0.33572445324146716
41c44f94b89b4fa4ed1050de0feaf75ca1e845fa,humira,2,2,0,0.35686602078557517,0.33467429608110816,0.3084596831333168
4a4c3abe074c65865e526dc626813ae1d883f9e4,stelara,1,1,2,0.18149108120289376,0.30649412547070626,0.5120147933264
a7d615eca685fb059fa99312a897352313691c8e,entyvio,0,2,2,0.11404703282803652,0.2828757839300609,0.6030771832419025
7406e164c0a7626b097a6cc033633e05ab29b69e,ocrevus,3,2,2,0.09027849683040616,0.2404318568279387,0.6692896463416551
7979fada98cd9ccf54393e6a436cc94056d3b16a,cimzia,2,2,2,0.11821084911946023,0.07397861844013746,0.8078105324404022
1cb0c62a33923b6cd52808d7515ea60015f90ab0,remicade,4,2,2,0.1273418791152218,0.2214902485894826,0.6511678722952956
2771745043d906244273d97ee263fc11e74f5b73,entyvio,0,2,2,0.3202444641087338,0.23822510627055793,0.44153042962070826
e5bbd65c57dee11564df9f6c837600e1a05e9195,ocrevus,3,2,2,0.34576291992231367,0.1866084402874085,0.4676286397902778
ab65b33606afe01731b3d52088e9215bda2bc2ab,entyvio,3,2,2,0.3430063629458269,0.20025007569933329,0.45674356135483984
9878db7bf63b2d8e374a708aaa827ee8114bc00c,opdivo,2,2,0,0.4880877615278388,0.20760354330309902,0.30430869516906217
8fac718bab00d6285a5d5c35c2a4b64c08151c7d,entyvio,3,2,2,0.05545709950661396,0.06510775034987289,0.8794351501435131
b763e433724773861302bd6b0d364b892a890bd3,ranibizumab,0,2,2,0.178845424870442,0.12825159699313118,0.6929029781364268
89c84b6ca12c3c915b81738c667bde7004fb3de0,gilenya,3,2,2,0.12155237573571634,0.19130143403036248,0.6871461902339212
6d1e25379c3e6426f8770c54f371f59d8889c0a3,lucentis,1,1,2,0.27167202810569024,0.35728221532866,0.37104575656564964
3acf9ccc2bd8200811a03f4b4f9316c2c2705507,ocrevus,1,1,2,0.2770494600006275,0.24207762616862727,0.4808729138307452
9087b46eefb1f826fb4b5208574e283d8ee716cf,ocrevus,4,2,2,0.1952384186809037,0.2718049144191718,0.5329566668999245
61bc26da870d7c418fda4e334c0e8481ce499951,ocrelizumab,4,0,0,0.5075133226168743,0.35613842624068875,0.13634825114243695
a17d686bb61ec56b0d7874546f2a3a818af491eb,humira,2,1,2,0.23822668600394328,0.3689648816451698,0.39280843235088697
ddaaa225881ec299bd316469107eac9fdabe28a8,remicade,2,1,2,0.09316104745835825,0.26552673728179327,0.6413122152598485
ba4a43972a7270c924344ed1f8608a6a3807ef59,ocrevus,0,2,1,0.2349213246659209,0.41507957299587256,0.3499991023382065
d3ecd4f7198688d64a599b33b43bc9ce353d4b2b,ocrelizumab,1,2,2,0.180051354096279,0.24593812928267184,0.5740105166210492
efb8b9f2af2f609ac79c9d43cc5111f43390d880,pembrolizumab,2,2,2,0.23406764193986157,0.20631392213619867,0.5596184359239398
e943c2079b786963d8a7cd6f7a4daface6a54e1b,entyvio,0,2,2,0.11811347951179785,0.0822205940895764,0.7996659263986257
1f98141ae25963591ef2f4e5bde13fd5410095cf,remicade,0,2,2,0.0959595584690212,0.10805871760720366,0.7959817239237752
4c7f525875d9483e85bab43bc1593112ed06b0c5,gilenya,2,2,1,0.19408852060513268,0.4741666436927633,0.33174483570210395
713dea15952f7be6adc60fed764eb024ed598ba9,cimzia,3,2,0,0.585899340943712,0.18349255656133065,0.23060810249495745
653ba179a16a3e8b903d7472a825d4fbddef9b52,stelara,4,2,2,0.09857253433555165,0.12776628240195695,0.7736611832624916
807e63ac5371a797a3c69eb0507534af2fa24a26,ocrevus,2,1,2,0.21757406701644152,0.2645286691461402,0.5178972638374182
bbaa9b774b000002254ed77f13a9bc7095323697,entyvio,1,2,2,0.1552579174136836,0.29956396384918205,0.5451781187371344
d2ec1d900d40585f62c994aa12b10e771f527316,ocrevus,3,0,2,0.3802543558348837,0.09733491360615926,0.522410730558957
99a6c022ea9f778c31245550279cfe1fb7e1e8c2,keytruda,4,2,2,0.287115380422119,0.15750457793650544,0.5553800416413756
1e17affb37ac2be806da277bb693b5d97ece29bd,ocrelizumab,1,2,2,0.19762641506216244,0.15935580379439301,0.6430177811434447
5212831cb29e64d9a39b51ade877a9f7623db716,entyvio,2,2,2,0.1272444003798756,0.2616615506567852,0.6110940489633392
5bde8b450ec6e9e545b7b3e066f1a4c15316be49,entyvio,3,2,2,0.03211525737680424,0.07508638921630069,0.892798353406895
ddc972bc325facdd92fe5ee1f6e4d095316fb9b8,ocrevus,0,0,0,0.5119904323863608,0.14126069198659458,0.3467488756270447
25b2967506382fc84063b0676a99e22c8f3c1444,remicade,3,2,1,0.12853351236042174,0.5824485290036863,0.289017958635892
da35049ba6ee209562b599875cd73426eb9d3a11,stelara,4,2,2,0.10535154882506947,0.06271516647721334,0.8319332846977172
2fa40fcb36b5a0330a76ffb69261ad1c979741f2,fingolimod,1,0,1,0.33027509140996847,0.4002181369316388,0.26950677165839276
cb15b3aefcf86845b9d341f8b0ee545511ba75df,humira,2,1,2,0.29886026414713174,0.34280404100586453,0.35833569484700384
45a291a4710bcee48af33b7b3d097872e064be52,alimta,3,2,2,0.2216529858050246,0.23971855925396915,0.5386284549410063
362cda93070ad1204b38c7b9e7d5fc2d54ac5b43,fingolimod,3,2,2,0.29523421891757573,0.18386815562864492,0.5208976254537794
4dfc83e0b04112d3a3a688c89d3f3d732e3f169b,tarceva,1,2,0,0.41265818878825195,0.2988096267632649,0.2885321844484832
2cc75a37b328d1e61165e62ed51a5ea8d2cb96ce,ocrevus,1,2,2,0.21090569228619108,0.11473023674725774,0.6743640709665512
dae352362ca8fda2f2420e08595497f873862bad,gilenya,4,1,1,0.3816286328231388,0.41627508121208767,0.2020962859647735
3d586b4836a6d61b7f754fb6b2ec1b53b5b77259,entyvio,0,2,2,0.1805858731273922,0.39508037846627836,0.4243337484063295
eb62bb92c9855154264d8d5287e8ed028c11daae,ocrevus,0,1,1,0.22701993870849305,0.6308299997995417,0.14215006149196524
ebe1d814f2816c4816d5547a96fce68736bfb02d,entyvio,3,2,2,0.13953982835373574,0.24055932551296383,0.6199008461333004
87c493214c9742f461927dd1f161c2b2c12b3828,ocrelizumab,2,0,2,0.23794201851442837,0.13598138781848984,0.6260765936670819
45cbc554711bb117cf73bcc592286afe639b0759,nivolumab,3,2,2,0.2576628850091249,0.23141084079435148,0.5109262741965236
3f890fd7d41c56be67656c555100836ed1e3c84b,pemetrexed,1,2,2,0.1824501124693728,0.09069955516005748,0.7268503323705696
6a392971cd1e3a2b048049d6ca3958de1ecb1a17,ocrelizumab,0,2,0,0.4431687654760418,0.33055666212260615,0.2262745724013521
6aa734d46014b0dbe35ba1e5e365e930802d596f,ocrevus,2,2,2,0.14790038182517404,0.17397147240727417,0.6781281457675518
1e0131248d43ea5238cd7d14690b1a460a8f70ff,humira,1,0,2,0.251273618885534,0.11995766583628567,0.6287687152781802
8359598743fd81a121e05301bf58cc5dbc81ce14,tagrisso,1,2,2,0.22512688291430116,0.16880590374953294,0.6060672133361659
86ecb1451dad39f5bda4a053a7e68e4bb16e5b48,ocrevus,0,2,1,0.24113828054231934,0.3850642998985719,0.37379741955910883
41daa482a4a4d8106d826834a18a99306a890452,gilenya,3,2,2,0.25327060070527857,0.338590304038061,0.4081390952566604
8204dd7a91b0e5e4aa95537ce25f9ee371e739f7,crizotinib,0,2,2,0.2859649074638106,0.22805279864076627,0.4859822938954231
84a6b95ced14ae080c64f764b7d5e8782d126fe5,gilenya,1,1,2,0.2827938102300961,0.2530191440247052,0.46418704574519876
407f43a8325a2442c6ff7aed251a60683174119d,ocrevus,0,2,0,0.4669128580000164,0.1930802769501738,0.3400068650498098
bae59b671a9dcc0cf1b0e219baf1065ba746297c,tagrisso,0,2,2,0.22862230662192704,0.37796663228698235,0.3934110610910907
d6b8b9497d533806c7a5e406cc3f90348d4257ae,humira,4,2,2,0.1598430970655854,0.24597263191985286,0.5941842710145617
a42845df86738b1d4825d421184e2d30224cb488,fingolimod,4,1,1,0.1106102536807586,0.6051036128718016,0.28428613344743986
4a575c1c40e3f4e0806916d2c1f7c467ec508d3e,ocrelizumab,2,2,2,0.3328633707601333,0.1811776203391661,0.48595900890070065
687b47f7aa0a192230082197edc68fcef7ad7654,fingolimod,0,2,2,0.21623175188573404,0.3690626576746402,0.4147055904396258
8420d32da7d3fc2eb2992260148aaa9d22cd3bb9,keytruda,4,2,2,0.12449762308077696,0.19200697280363146,0.6834954041155915
4833d3b36f0d4f63e3178de2317d31ca6f16e861,opdivo,0,2,2,0.17444490874840812,0.2028457985512967,0.6227092927002951
7f3a253bf4b3b4bbc08cda75fcad88a6e594ed49,gilenya,3,2,1,0.3437625869573581,0.35079146015645,0.305445952886192
cadb2b873346b00eacf3c03df69c8afe63bce1c7,stelara,1,2,2,0.11410445716296276,0.19647617761198607,0.6894193652250511
8576c446d256d77cc3052d364471660fa8cc339e,alimta,0,2,2,0.28611384312129184,0.14805864749167735,0.5658275093870307
966f84829534d09418e23fefdfe056b7c4ed4e60,opdivo,4,2,2,0.2016095804019545,0.16736515599275348,0.631025263605292
2b8deae38d65bdcbbc4768c288d19301dd0ee89b,ocrevus,1,2,2,0.25114462833545625,0.12856540392231983,0.6202899677422239
8adce2d13ffefb4258222432113ad3f9270c34fd,cladribine,2,2,2,0.3180190182039214,0.3065187587262794,0.37546222306979915
78858d5c1367d07885c2824aa0880ea9db22b012,opdivo,4,0,2,0.27664392598092863,0.13085990428334288,0.5924961697357284
4a662cc1f12aafb80bcde3c0df57692eed108911,stelara,3,2,2,0.10287138252725335,0.14709513843560393,0.7500334790371427
f2cf936eba8cf3c9c463f352c733f7404b3f528c,tarceva,4,2,2,0.24696496121474287,0.13667572411390885,0.6163593146713483
c7a70faddbe252e0bebd662d8e32b3108e37af15,gilenya,3,2,1,0.10297777441416336,0.46493147625528736,0.4320907493305493
06348d4e30c588cbc3fcc0992a261a791530a932,tarceva,4,2,2,0.2420418152332771,0.3278071653062769,0.430151019460446
5d2c9dfea1985b9e7c9dd8331e2e5ae38680da32,rhumab 2h7,2,2,2,0.26433345688901816,0.19991486392469138,0.5357516791862905
9d45b916a17c4eedebeb6cd58687a9310987cb20,gilenya,0,1,1,0.1953145878372445,0.598754582794072,0.2059308293686834
f3a6dcdf598e593a0792ab83afabb6c6937d36de,gilenya,3,2,2,0.3325907616666385,0.15823111078925833,0.5091781275441032
73c8b9eae947e0ad780dfd5358f3e03a9f2bc665,ocrevus,3,0,2,0.3698171516247972,0.18999382351417965,0.4401890248610231
5d997d8a9b632923877433de808abdd7ac6c7605,remicade,1,2,2,0.16827151311426364,0.22235337427356788,0.6093751126121685
e3d963dbdb4b94ecc387c8f41b671249dda1d525,humira,3,2,2,0.1831680733553614,0.11725338259155842,0.6995785440530802
df68f1b6a93991e82508b5166638b60a7b742762,tarceva,4,2,1,0.1477006100035292,0.5263757916016749,0.3259235983947959
40da6a9c154f604a44563c3f1fe7ee9f27e107d2,humira,4,2,2,0.1281306167508108,0.2297562817268928,0.6421131015222964
932836f6b3d06c978409a6dd5beff452bf435953,ocrevus,4,2,2,0.1385084271817141,0.1320709617121325,0.7294206111061534
fcd9a5212243e0334c9f80c5d74807dc14639a06,remicade,0,2,1,0.31910442953811313,0.41062718244184904,0.2702683880200379
9bc8c1eed8d4f6288b96ef7d92942758f4908d41,entyvio,2,2,2,0.20332324085083203,0.20204375962530655,0.5946329995238615
341e4cf698575024730ec75da895c2947b947745,alimta,0,1,1,0.19774601040974765,0.5761018154892917,0.2261521741009607
d7ad8b01fa84a931352aac9744cb56280054ddd5,laser photocoagulation,4,1,2,0.11984578194243158,0.26773055680292185,0.6124236612546466
0c0e8d8b7751e87b943b8f47849c98085418722b,fingolimod,1,2,2,0.2096805672360475,0.31089982601196053,0.4794196067519919
26dcf913dddf65ff09e07205f5158d0d7e346cb5,lucentis,2,2,2,0.18631191830891605,0.16900718781544447,0.6446808938756395
2128cc151477b512008249d8d5ae85c72d03db13,xalkori,3,0,0,0.4319012704050903,0.18077480255046274,0.387323927044447
70c68fbeab1f63e01fac508f1bb203e6f95b3ac8,stelara,3,2,2,0.22467489993214224,0.07514005973492699,0.7001850403329308
b9a2be9ba864cac6cc55e8c38904c29578aecd8d,dexamethasone,2,2,2,0.2540319167522824,0.30135310207373867,0.44461498117397885
ec1f9018d20446b735236703e40127467913fcb3,gilenya,3,0,0,0.5874087690245322,0.23263777939576766,0.1799534515797
275811b6ec5f423616975397d4c0b55552fa89fb,gilenya,3,2,1,0.3096606313899559,0.3513896381833283,0.33894973042671583
d5e0a58816ecdf28f2efb6bc50f7f67d2d91ec8f,entyvio,3,2,2,0.05540996443303735,0.07091599089106641,0.8736740446758964
3bb3e01b488c4e74466c8a817494a09104efe9f4,gefitinib,4,1,1,0.18578714497847407,0.4964508996718419,0.31776195534968404
336aa77529c6504ba5872e0498500aaac24b002a,eylea,1,2,2,0.18613158229023802,0.28057112426457603,0.533297293445186
6b6de9b09d0b81974a7001e98b99a4e85bb9542d,opdivo,2,2,0,0.47466656951365405,0.14739955916750522,0.37793387131884065
6aeedbce5fb05231f73958708539836c9859036a,stelara,0,2,2,0.21945607640017667,0.3370505380294976,0.44349338557032575
1c370f2bd5918c2231553ea76744fd2210f1cc10,necitumumab,0,2,2,0.20327496142432996,0.10402333605564124,0.6927017025200288
d464286918dbccd3b08bfb18afc6f021340687a5,gilenya,2,1,1,0.22221751756427935,0.5830378325863659,0.19474464984935477
2cfb6a1adfe45c591e3a8d35006e895a19a22f2a,remicade,1,1,1,0.19146482875040116,0.49018110840047274,0.3183540628491261
b7c5c4bf33025c2d33f49bb40c79afee0e6b69ca,ocrevus,4,2,2,0.1654188116313863,0.28714953247901004,0.5474316558896036
2e654ab6b1440c23b55c446caa085fffa846b027,remicade,1,2,2,0.2427412360709267,0.1051490281883356,0.6521097357407377
0aaa96a8d83de66e417b1638307da32c340adb48,stelara,2,2,2,0.1696827005670954,0.17164480487615996,0.6586724945567446
777bca4b0f165d2726ffd51b81c18ebc7e869b72,entyvio,0,2,2,0.18098687148028397,0.17348904745682597,0.64552408106289
d9aec124a6f39e9148b9686aec95132788015a53,ocrevus,2,2,2,0.37679423379773636,0.21161834396337983,0.4115874222388837
26ffd1dd55008484b52e666a5bfdd637fe6fca57,tarceva,0,2,2,0.29932766588286236,0.3275908476678441,0.3730814864492936
b5add04421b33c131c544305fddf44934989290b,remicade,3,2,2,0.08104850264962302,0.14120428820413108,0.777747209146246
023f2b0159571e1ee8a4d5664b2e4748f3489ff8,ocrevus,1,1,2,0.17745441505471737,0.4033357435884996,0.419209841356783
752d4438119519cc4520a385cdf1cf23ecc42afd,lucentis,0,0,0,0.44778288661091703,0.2830158236018386,0.26920128978724434
4ec5ad33c2701f658da39eb87073c7bbdd33fff2,crizotinib,0,1,2,0.17942453392361818,0.21659699895614,0.6039784671202417
443077f3a08f1f3965a336dccbc5046ec9eac77b,ocrelizumab,1,2,2,0.2134877479126539,0.09728473401621633,0.6892275180711298
2eaee54dbb6d965e06477ec5d7e591845a85072f,ocrevus,3,2,2,0.12454631231207218,0.17024979217611652,0.7052038955118114
965f9fa85a496cd9ec57adbef9975b3f62729207,entyvio,2,2,2,0.13407882013120295,0.09558317073419707,0.7703380091345999
c411408f49fafc7c8ebd3509371e672a0ce1094e,remicade,2,2,2,0.17321569659851074,0.23796080155871888,0.5888235018427703
2a42787ab943c46b11a4893e5368bdec8bf86ebc,tarceva,0,2,2,0.25489834212047024,0.29843239952258666,0.446669258356943
c4bec66878cf7dd5112d81753b2ecc915ea99d1e,erlotinib,0,2,2,0.0974276096279358,0.11459062939274918,0.7879817609793149
50748e329b41d24806937e0af193f6de825bdd3f,fingolimod,0,2,2,0.20190569344033815,0.20382773038050792,0.5942665761791539
829a5a6aff9a412517bce03536b0dc15c72d8c7e,yervoy,0,2,2,0.08777858002354672,0.11763184451725858,0.7945895754591947
8ab69d1da60cb9b9a627715f3f64a3aed63b30b6,xalkori,1,1,1,0.18916115117018492,0.48419170475272116,0.326647144077094
1497e3ac69817a599a5a6d02f161e47413ee0e5d,cladribine,1,1,2,0.15868449606125445,0.28428134091786206,0.5570341630208835
81b297a5e1262a79c03cefafda6a9333345ef518,ocrevus,4,2,2,0.2739884924709367,0.2557525602189247,0.4702589473101387
bc0836626d3a001ff3060038f4a4a771ed87699d,humira,4,2,2,0.17228632310083553,0.24541209991915724,0.5823015769800073
5069b63ec45b4c51b345f9f00b8a681623870100,tarceva,2,2,2,0.27930236046251977,0.31494887354458856,0.40574876599289167
7dcbb725cf8c22a5595c8483dddb7127864620a9,ocrelizumab,0,1,2,0.14681599875538104,0.36903589910069523,0.48414810214392384
15f8d25d35f4431fb16efac73c24f4bbb8cae90c,eylea,2,2,2,0.25711494949982805,0.20731869899721336,0.5355663515029585
88fe85fc199297a27705afdba69a2d3bb13bd4c2,ocrelizumab,4,1,1,0.17026422968850413,0.5852461492975447,0.24448962101395125
cd359d1d1b1204ab8e0f7118d352805985ad6259,entyvio,0,2,2,0.060374173865871086,0.12585603131685408,0.8137697948172748
220b38dd4d92fabc20e1e5fb2a5f1d899f29848e,ocrevus,1,2,0,0.39348804778800234,0.21926737697817872,0.38724457523381905
e89527acd6338f3c933602407d3ef9bddbdcc2b5,fingolimod,2,2,2,0.20641247184039657,0.2749860908848404,0.518601437274763
0ff463a3f783900e9a7be90b81820900d6221203,ocrevus,2,2,1,0.255163668538056,0.3921191539763568,0.35271717748558734
c2a03a57bb995c36bd2793daf247add87d81cfed,ranibizumab,4,2,2,0.10168177077057844,0.0982179271249076,0.8001003021045141
b968bc515a664dbad0e1ac3229fc9eae13cff674,tarceva,4,0,0,0.4218570720397434,0.2621083681329011,0.31603455982735534
e8e14fdf428d84ffa3985b1303bff9ef92f1701b,nivolumab,0,2,2,0.10307146410129925,0.36851009767969595,0.5284184382190048
d4cf4ddec1d6cd076b08999e0661422f905bc021,nivolumab,4,0,2,0.328034366307727,0.2893150251798201,0.38265060851245286
6e2b947fe3a75722b8b00f6ae8887d12b12427d9,filgotinib,3,2,2,0.22100309470492033,0.2091799530061393,0.5698169522889404
3bd1cc72d23e1e1c55001dd67133ef94c7f37cb1,ocrevus,1,2,2,0.3155178012113012,0.24413446779443063,0.4403477309942682
0f68ec2948fe3860e9fc607ba244c0912f2f3ad6,ocrevus,1,0,0,0.6249382358683991,0.11371584286732003,0.26134592126428086
f57dab073fd909399c9fa06698aa9d42a047746e,alimta,1,2,0,0.4235142812311144,0.16020285543773677,0.41628286333114883
d0895bd5269fc6738b5f7f7f0f98a506284ea0d8,durvalumab,4,2,2,0.0651029196178033,0.17076624774057061,0.7641308326416261
643825d8102e69edd351027b7b9aa4c4e30075a8,opdivo,3,2,2,0.20336649515989436,0.19350235686710432,0.6031311479730014
b92cd9907f5774a2d144802f1cc90e1e3c3f915c,gilenya,3,2,2,0.21767469391086924,0.2149679722661097,0.5673573338230211
64d778ff6619f643e42cf998fb4519c30a172e29,ocrevus,0,2,1,0.1905663593087976,0.4196531708320766,0.38978046985912584
08e144b967ff196b40081861fc9129c42448eaac,tarceva,2,2,2,0.10179730359748937,0.08851925236927408,0.8096834440332367
a10e18862fba8eb5633ead622e2799a3f8713e13,entyvio,1,2,2,0.3245668923700876,0.1294033145499392,0.5460297930799732
ad12b89aa3a1d6e26e70eef8c4232150469a6d0a,cladribine,0,2,2,0.18457084027801426,0.1771709496122883,0.6382582101096974
b6b995fac86843b7eebddf0ef174f84d5b0f087c,humira,2,1,1,0.23976012234791613,0.39533837588239784,0.364901501769686
737f471f41089a030f858b7c91d0e12977c179d2,humira,2,2,2,0.19249730389283504,0.242301018499605,0.56520167760756
3ddd737dde5ef88d6f7a54018fd7d24fb8e14699,opdivo,1,2,2,0.20021604067056803,0.12136454782960415,0.6784194114998278
c91794d822434a34c2c184f6b40c828fe7a6c4ff,fingolimod,3,0,2,0.2865498040546524,0.12571162920807383,0.5877385667372738
c38c927c7f3f5a934d906c855e1a700119189005,opdivo,1,2,2,0.1909904592631263,0.3253111359502396,0.4836984047866341
e9b82ce456438a9a150f810cf8f6b7e4db649797,ocrelizumab,4,2,2,0.21758674837117248,0.24228464211103412,0.5401286095177934
68b85541746e10450df36037ae98c5849d7184e7,opdivo,0,2,2,0.15181442002432258,0.06997917308467852,0.778206406890999
b2635077498e57adf5f46d2b079e1c3e91c149a0,tagrisso,0,2,2,0.06752989893960033,0.06917749696912799,0.8632926040912717
7f407f219610931980341054a061c2877289d89e,gilenya,2,1,1,0.19608285284578297,0.5359530513918873,0.2679640957623297
6c2b0188cbc6f687bb674235bc149dc8d10e55aa,fingolimod,1,1,2,0.29917355050002786,0.1691848487190405,0.5316416007809317
e5dad57a02b57ab852a6ad088e66b1eec90ef4df,lucentis,3,2,1,0.2689447174651301,0.4135477446998972,0.3175075378349728
2dba4a8a187640be59e90eaeab085b3516daebea,gilenya,1,1,1,0.23945073052037819,0.4409498565020004,0.31959941297762146
f641b0672c4fefdaf312165505881a39bae2e02a,remicade,2,2,2,0.06801070879989336,0.095225697323978,0.8367635938761288
7c55a7f567ef87fc90d367eb9dc89d8dc9f7ea41,ocrevus,2,2,0,0.4040072985630161,0.2708426316722444,0.3251500697647394
b537e003ad8378b665244986aef14cd4365cba95,remicade,0,2,2,0.09872702623857785,0.17587394658840064,0.7253990271730215
d0e025bc60e18c4884d8c4904aa2ec14df446a15,humira,0,0,0,0.4287275451427799,0.2520711687337629,0.3192012861234571
9c3ccd17a9c2a25d6d767e184900d024c91c1bdd,gilenya,2,1,0,0.3929458410302185,0.37008844439117766,0.23696571457860383
1fb8b84ba2129a43b3a33b72aa0c57563fdff31e,tarceva,2,0,1,0.1847686948845031,0.4329245918269634,0.38230671328853355
8c4538c95f02444e9a281058979c5073a3e0c45f,stelara,0,2,2,0.1262393509342168,0.22337667677233453,0.6503839722934486
3e7b151643bd70151ca1ea6fa5f8700955bdfe04,remicade,0,2,2,0.34267985576781107,0.17772131881185066,0.4795988254203384
d89d227971baa9819aafb0b2f4bb531a528d6a56,remicade,4,2,2,0.11685728690944051,0.2203799680583114,0.662762745032248
1203a2656fad3e98a941fd6db02916b387966a4d,gilenya,0,1,1,0.32635787949474543,0.5095533441422603,0.16408877636299427
c9fd2d1d124f7de8983c2d43af70ae35c69910bf,ocrevus,4,2,0,0.5558885944806014,0.12531295279809385,0.3187984527213049
75e223d1e3fc2153f5bbad454730cc5dc3d9d6d3,atezolizumab,2,0,2,0.32472345361280763,0.22445079691128614,0.4508257494759062
04144896b059ddb677c23bc037b3e86a8a7b180c,ocrelizumab,2,2,2,0.357508438281479,0.12375466072892115,0.5187369009895999
560013f1135538cb63e486b4f5b90e1fda3c22b4,tagrisso,3,1,1,0.18644952437115322,0.4982943450888492,0.3152561305399977
58e5320ab50165870ec27b4af6cbecd16be656bb,ocrevus,3,1,2,0.31498395475401414,0.3236912715713274,0.36132477367465843
a2cfd50f10e4770fb295e1e00d9e8af1af996823,gilenya,0,1,1,0.3082059666053463,0.4648353896078302,0.22695864378682346
3e56485a51f43c999492e371cd9d803b8c2015df,ocrevus,4,2,2,0.22187866936073783,0.2584635620512761,0.5196577685879861
d30de12a6de978fa94e129472bedf6e08ae6a000,remicade,3,0,1,0.15365024206435307,0.5991764992474938,0.24717325868815307
4a7e8095a1e1aa1ce31117b314c4c7c52d841a75,tarceva,1,2,2,0.19668442134181424,0.22095878850319497,0.5823567901549909
b1edc5e442b110784b788f264884ff10a20543b1,ocrelizumab,2,2,2,0.19985074408409229,0.25542141222391085,0.5447278436919969
5aa5d3108d5a3cfe58b44964ba6de8767b29183a,avastin,1,2,1,0.1771752115938523,0.42022693699886793,0.4025978514072797
c8478fe565460e6f60d387abff67ffc0ca3fd4f1,ocrevus,2,1,2,0.29904593523961204,0.19929828147698705,0.501655783283401
882fcc9c9f84794f281319a327ed8ee607ad6d34,gilenya,4,2,2,0.15897081117307285,0.21925639767745342,0.6217727911494738
bcf6f54d3ef36f37a106e0750669f0dfb656a9c3,stelara,2,0,0,0.5686280997484313,0.1436833958840324,0.28768850436753635
3e85e7766cc58a7d30dee3ab76e0b05d4c6af11e,tagrisso,4,2,2,0.19849131126125064,0.19176868873494268,0.6097400000038067
a976dee8fc5adec2cab2f4cb035905817ed2ee23,ustekinumab,3,0,0,0.6487094240679934,0.11938535396410316,0.2319052219679034
55d8c7ab25558b95988fe23bb1cfe5a741672ef1,opdivo,2,2,2,0.18828010039112134,0.19107484175707173,0.6206450578518069
953aafd82e729d6a33dc47481c175ec65b7e93ca,cimzia,2,2,2,0.10477219541591407,0.13510310953189367,0.7601246950521923
df8905218b44129b64fc8c8bdda4f84230114a6b,alimta,4,1,2,0.11743431814392094,0.34266343952581585,0.5399022423302632
f5481fe845872a7a379638c2c733cd5f3f236a3a,stelara,1,2,2,0.29997807531591053,0.27234019646179974,0.42768172822228967
0a945f426b3fe9d3e6130c4b3a4009c6844ffe2b,alimta,4,2,2,0.11131582272956358,0.06423214776889721,0.8244520295015393
93b91c7d0cc47b375064a37f6bbb07c765b0fbd8,opdivo,1,0,2,0.3204472271013395,0.17842215388663715,0.5011306190120234
15b1e94a40ca75e9f0a40f9e3c28b843dfe5dedf,stelara,3,2,2,0.08526895887528474,0.11942963437849051,0.7953014067462247
1d6309915aee88601d5e6f6ebb999f19524f7292,keytruda,4,1,2,0.09999910223028968,0.33633390343425285,0.5636669943354574
81ac4a1b7aa01b35e022349109c1d53f50ebe08e,ocrevus,2,2,2,0.1299751895628895,0.29908933592087805,0.5709354745162325
d832ba7019cf483670f9cf1685d1b8c0c7b899cc,remicade,0,2,2,0.05064080320389904,0.11134775475062096,0.8380114420454801
c2e33e48e991f76ae8f72e56817fd677159d74e7,tecentriq,4,2,2,0.39230724937804695,0.11786663674074889,0.48982611388120423
779768a788a1fe559735016fa950b6eccc9224b6,humira,4,2,2,0.22527553262311267,0.21001500702186682,0.5647094603550205
7c72b478336656f85b187ca5a6efd94a744a6e19,ocrelizumab,0,2,2,0.15299565252053318,0.18035502867760791,0.666649318801859
4206f527bc0e1e0937366ff3e5f27c08a91e90cb,gilenya,3,2,1,0.36927638755878894,0.45314975079336556,0.17757386164784547
827c65e7660bb138d4a5338c683643764cee4570,gilenya,3,1,1,0.13158979268600218,0.8348476843001637,0.033562523013834306
02651479472d2b1f9e1eaa82d1518a62ee7050b0,ocrelizumab,3,2,2,0.26724306371635614,0.18170522699029967,0.5510517092933442
360d99c0ef06e840e2674e7cac2779619bdc9504,fingolimod,3,0,1,0.21963236714190612,0.5713612980934784,0.20900633476461558
f8e46f03dedbfbc4f6e4aba72d3348f02f519a95,tagrisso,4,2,2,0.2960723918819721,0.21893185458420472,0.4849957535338232
2b116d797548de12ab1ffc14da939306c152cd2f,ocrelizumab,2,1,2,0.21846095622666892,0.16018735014793187,0.6213516936253992
3347516974416b2ba63e7c28528810f413ed2432,lucentis,0,1,2,0.14612996063723904,0.19984716325550905,0.654022876107252
e0df3baa2897cc6745e4b743808310d0e007f799,humira,1,0,2,0.3783740441216211,0.17433222328645742,0.4472937325919214
162be05d6c2c32d5321084a41631b55be5994f60,alectnib,1,2,2,0.1123129650089268,0.0772641204067634,0.8104229145843098
aa61d2f5c3fabfd1641a4e067ef1889e9f30309f,tagrisso,4,2,2,0.30891989200849373,0.22126731127901222,0.4698127967124941
528a758819988fb5c34d83995c743d1e540de6f0,tagrisso,0,0,0,0.6115725215498958,0.15718854590390854,0.23123893254619562
3c0344ec49ee8d5e7540c5443baa12c2008fcdec,ocrelizumab,3,2,2,0.07683466279440732,0.14218976595523222,0.7809755712503603
e21a9c07d3eeca888d54a2626125761ae8f623e0,humira,3,2,2,0.09810401963828869,0.07778592944190754,0.8241100509198037
9dcf808fa7207ab0d8bb926fd0054f5276aebfc7,lucentis,2,2,1,0.33604527877994617,0.49219291799607606,0.17176180322397774
c7227cab293d80dc066cae7f234bd2cdd4b923f3,tecentriq,2,0,2,0.25472312185228124,0.10093625453877836,0.6443406236089405
6b86f607d554743819a791b42f036ff024243e1f,ocrevus,0,2,2,0.1432478826386278,0.23387021750474832,0.6228818998566239
755ec2512c7e3a28dc554c883bcd3c5fcc7d9760,gilenya,1,2,2,0.3500118366426593,0.25205935006762015,0.3979288132897205
884d0d017f9f0e2fe4a7ccad0af55514104fa7b4,ocrevus,2,2,1,0.15879890010122494,0.45217046369476005,0.38903063620401507
196ba898295eaf9d26d50e86d8da4c650a4676e8,ocrevus,4,2,2,0.12335109027757715,0.16404316330510832,0.7126057464173144
8d47443878538792e8e6509a1756f8d4e9276e7b,vedolizumab,4,2,2,0.13347392838618832,0.10426452630070564,0.7622615453131061
c199af324f08627e97a6cfb137d60e6a0b6278f1,ocrelizumab,3,2,2,0.15584569819058813,0.18786525196294454,0.6562890498464674
1e0217f26c8c725655a7fea719bc121a3a34b843,gilenya,4,1,2,0.08321891542700079,0.3510018696728816,0.5657792149001176
9d64929668414172c0e9f94566ae1d3a6470e4e3,humira,1,2,2,0.08880605485381372,0.15236264658519943,0.7588312985609867
3b2c383e09252f98048ca896c3bb0c14356e21e6,tagrisso,1,2,2,0.15002268567948474,0.11081087498390305,0.7391664393366123
faa896f06e0e3f5d7de99c829501b15addae0d26,remicade,1,2,2,0.0875686065435923,0.10496514885828176,0.807466244598126
f9be889012e1cd48a579e205da567752e4696ca9,stelara,4,1,0,0.5231896370924903,0.155990536634281,0.32081982627322864
e7e6289d58854cc96451527fb0e65d9304fefeb9,ocrevus,2,0,2,0.39535989046350684,0.1413804917812938,0.46325961775519925
7c7d05dc6ce11c4a333d058e53fa6b0ef59d139b,humira,1,0,2,0.33945829122758886,0.3094090303018916,0.35113267847051954
43b3197f85d4cd0bdd28b669f36c31d0e6dc6fd3,keytruda,4,2,2,0.3590594707427862,0.24503887994025172,0.39590164931696203
9bd364ec32eaf818d834fe27e6a94e4927719b68,cimzia,3,2,2,0.16261959953272206,0.20677970816205404,0.6306006923052239
c3a23330d84b8eaf28d01e2452a99a128bcdd4cf,tysabri,3,2,2,0.19650150444412604,0.38757991526440816,0.41591858029146567
8b166d99c0441829717a000489afa0850f73c4ef,gilenya,4,2,0,0.41600947074891453,0.27745359425151694,0.3065369349995685
f866b467d0fa39760f6acb1cefdc4f551f935565,entyvio,0,2,2,0.11359749043197839,0.0779709945654612,0.8084315150025605
43da3e6f6d84fa6d412104793e64e7d8d51ebbca,fingolimod,4,1,1,0.34078884981507873,0.4038131026719305,0.25539804751299067
372fb2a85fcaa3225c9e84bd42a6474c9e8ceba6,opdivo,2,2,2,0.11507527277130028,0.19850640359051294,0.6864183236381868
701c85f7b333ad26f09c1c1a0823aa5c33135426,gilenya,4,1,1,0.18371122494192274,0.624300970428351,0.19198780462972623
6eeb8946303595a80905de7d867cdc05b7e5ce19,gilenya,2,2,2,0.24847534462129503,0.27707906109772806,0.4744455942809769
89e92f9cc21d3ddfacb79539edb974fce22cfd46,entyvio,4,2,2,0.1572176860152153,0.2191081405407785,0.6236741734440061
882dd4b38828af61d2738bae6289bcf08ed5db1f,ocrevus,4,2,2,0.12788135523945598,0.12828030257116016,0.7438383421893838
420f8aec0f88b2e0367345e7750cee8b9305bd40,gilenya,4,1,1,0.25361062889881747,0.5600504012300411,0.18633896987114143
34407fc8c222bf38ea7f18dcc5e6b77209bccce8,tarceva,2,0,2,0.2433844025221033,0.2287195694200924,0.5278960280578042
f5bb7fbd3abf92bb87c48fbae24ca6af360b256f,nivolumab,1,2,2,0.15012384120450037,0.1856769646739219,0.6641991941215779
b4c98ddd69352b1466999e18cc74b8ea31ef71bc,tagrisso,0,2,2,0.16270974022993823,0.11460080899859258,0.7226894507714692
e2658ff5761ec69f555aa3e9ea411e4ce60d08d0,gilenya,3,1,1,0.1835807030445755,0.7500948227894075,0.06632447416601707
c9912ceb95cd3a8e954de62bea8918a2a424c137,humira,3,1,2,0.17002721225983977,0.16288123582023625,0.667091551919924
09d749918fc320b9282b7b7b9b0fee014ed59f60,entyvio,1,2,2,0.11985136136860684,0.18196207903708178,0.6981865595943113
e6525bb58d53e25d31f7232656c5d4c844d4f91d,gilenya,2,1,1,0.15567276699578406,0.5617347980334105,0.28259243497080544
dc49e574f4ff7ba11c75d8376250b739e00a63f2,keytruda,4,1,2,0.11417301932862771,0.23057963039109597,0.6552473502802763
bab40ecf40e5d9eaa7e5dfa27f6899681f09f226,humira,3,1,2,0.2282462424842067,0.3611774668450137,0.4105762906707797
91160624eca8e15dbf9eae281f41a8ef5c91db65,gilenya,1,2,1,0.33519143060365963,0.36017722352681075,0.3046313458695295
5c354d07f07cfd636a616fad19bfb150b6288d60,tagrisso,1,2,2,0.3450151563288058,0.179722004606454,0.4752628390647401
852088c59702d8bcb6d3f93c534d12b31e48afe0,ocrelizumab,0,2,2,0.19331324736252262,0.20384347232458883,0.6028432803128885
5b0bba5ed32568e70a3ff90e0fa904f4acb6392d,afatinib,1,2,2,0.18708522790945306,0.13239324406706549,0.6805215280234815
d1f143577aa91edca7f4f47dfdd87b910c64082e,tagrisso,2,2,2,0.15962537817401704,0.22401469979004915,0.6163599220359338
006fdbe59975fe79cf4729099a639a6dafa9c0fd,ocrevus,2,0,2,0.33863662933829,0.23862880197737285,0.4227345686843372
c0762c3e579915af5b4adea636b1c15079162f6e,gilenya,0,2,2,0.25263521117647214,0.17385871603088782,0.57350607279264
e7af851937d97811660e29c1a5fecd5a8f28f367,remicade,2,2,2,0.15888296455067755,0.33149063230731685,0.5096264031420056
bc4850b16e8590648a6be7cb131b2e8af8bc9e5b,ocrevus,2,2,2,0.15353607576808237,0.35748889670300943,0.4889750275289082
54e0142aea018a4dc10b2696beaa4fa50dda9644,opdivo,0,1,2,0.19668980800005742,0.3703446525626179,0.4329655394373248
cbd4863f69ada3335130f46048320c5ee7650b62,simponi,0,2,2,0.07357206768523446,0.1431836244064753,0.7832443079082902
c328ffff579c6cb4172070748f3c2cc5a04a9520,iressa,2,2,1,0.21033951444422452,0.4197145245534038,0.36994596100237165
af29c9e6bcbe91da15dfee363e22dd1fd55eb1dd,ocrelizumab,1,1,1,0.19560141167172543,0.6943093474294848,0.11008924089878964
23d771371c3340f46d7a2e853b760955eddd67f5,humira,2,2,2,0.15012208086716175,0.13759178610950548,0.7122861330233329
ce40101114185c9434067b4c0470960297fe7848,ocrelizumab,3,1,2,0.3069508449945629,0.12715017504676093,0.5658989799586762
3176a212ff9c7fc0fca34947760ce059cf6f09b8,cladribine,1,1,2,0.18189976628780205,0.3562216010481977,0.46187863266400025
8e1d819e19337983dd56e2c21b143cf51eb23e0c,entyvio,1,1,1,0.29704940768781984,0.35568865378299497,0.34726193852918513
754d0e61b684770bcf21d48b69ded13b7d37307b,alimta,1,2,2,0.21625376154244058,0.2340416833128374,0.5497045551447219
bb00691171840999cdaea74398bb2cdfe830f3d0,lucentis,3,2,0,0.38160855147791595,0.3128678952105881,0.3055235533114959
190f4ed161db82ac711e3b32a04d8a508c75c751,entyvio,0,2,2,0.151237396962949,0.11141631272343187,0.7373462903136191
08656356e4346179c6a9134157595753381fb5df,ocrevus,4,2,2,0.3056154627127763,0.13959870624095227,0.5547858310462714
9062823c1d0a9a9afc1b3139cb072b5db6d90f7a,gilenya,0,1,1,0.15992262621244824,0.6992036488724198,0.14087372491513195
dd1ee5a2475b69a7f75925eda7464f8ab86f76dd,stelara,1,2,2,0.1460375910057513,0.1092322419803621,0.7447301670138865
5f5d17ab41fb9b4aab85776f0e4b78a9bf6666cc,opdivo,4,2,2,0.3314957543620094,0.15242350813859015,0.5160807374994004
1eaaa50e1cbc2e197a4b4a9d597f29414d40c28d,ocrevus,2,1,2,0.227293672627864,0.279153392923131,0.49355293444900505
8bedb4ea61f002bee71170090f3525a4b9cf8f1a,ranibizumab,4,2,2,0.19155688910216595,0.13991339814762704,0.6685297127502071
707fb22f709e5e0e4c0612d08752121224769dfd,entyvio,0,2,2,0.2157034081575436,0.23244819685333923,0.5518483949891172
ca132887b7e13fe49a4410a317c783df68d6578e,cladribine,2,2,2,0.2949556613047835,0.1756424544130466,0.5294018842821698
a6565e666968a29c2f8c084fd87552e8fcd9ca71,nivolumab,4,2,2,0.09852921220656917,0.14603351292926242,0.7554372748641685
0db38da5073c1297dd125b074f501d57bf8f9423,remicade,3,2,2,0.22652993386780415,0.15539203263480084,0.618078033497395
fec94560b864811488ff7d32b5529ed77fa97b9f,tecentriq,4,0,0,0.45435905215086847,0.09553831285199914,0.45010263499713243
b1ec6534fff9ec358b8be08978d30e5d9283d621,gilenya,3,1,1,0.13527794062852677,0.6512484457618997,0.21347361360957354
d682bcdfb86aad141cd87389508c54b4cacb7e96,ocrevus,1,2,2,0.17891327796482212,0.09012358738331032,0.7309631346518676
e726c6de0f9559dcc7122fe03ce3e3e88609c331,ocrevus,4,2,0,0.4808370301043504,0.10275228464042496,0.4164106852552245
6e4957ba8bc405bfb34b39646c64f5403121ed7d,crizotinib,2,2,2,0.1551726913897847,0.27699180989131555,0.5678354987188998
cecb6cf783e3eaf34330698be078e7c41e90797a,alimta,3,2,1,0.08768672710131957,0.5283739419690294,0.38393933092965105
44f77e490fc20a122b0bde175b7746419f573945,opdivo,3,2,0,0.3549365662208862,0.3244965308823228,0.3205669028967911
05f3c11d5e0b576ba68b9104fb91732c3cde3004,ocrevus,0,1,1,0.20719449953362967,0.4483976963212721,0.34440780414509825
92b194161caaf76e0eaf130a5f8907dc71afbd29,gilenya,0,0,1,0.3378764750234869,0.3994055194571793,0.2627180055193338
93a140d27a054a7287bf2a5bb43580697256fca6,fingolimod,0,2,1,0.2855787722350976,0.39480453907210095,0.3196166886928014
8ca642114050a198d81cfac1bc9c5508657e8442,gilenya,1,2,2,0.21273735412710457,0.3839800877554542,0.40328255811744124
c1c6151b651fe650336c3bcd8a612b12beddf77f,afatinib,4,2,2,0.1315609199805824,0.10025683843664478,0.7681822415827728
0437d794556e353e1e05a14422ed6b39c9441d2f,ocrelizumab,2,0,2,0.34910273257988983,0.1714755514965305,0.47942171592357957
4b00bfbd82f2bd20b35f3749246dbab0d455746c,ocrevus,3,2,2,0.3011590201671331,0.2938674133097911,0.4049735665230758
b71639403509bfbeb5e9386e8c89ccf4ed95c149,gilenya,2,2,1,0.20063861141658107,0.6504635857120541,0.14889780287136475
7c61dccf03ae6f39c5e1827cdfbd33054c633f90,gilotrif,3,2,2,0.20899419296754546,0.17752867563887514,0.6134771313935795
983188ce09303e7a920e3aa12a5dd1e7e22433ec,fingolimod,1,2,1,0.10589713970548055,0.6694135477147285,0.22468931257979097
3214b5957fef7090cb1d6ffaeeef64776d5ce5f8,entyvio,0,2,2,0.14925180691273066,0.3944462338220578,0.45630195926521155
275f4bb242c1ccf36826441708fba9b7bee58eee,alimta,1,2,0,0.3890234261334777,0.23858020564556015,0.37239636822096217
eff1cc804863209bc7f9c520c7f33aab7bd1a9bc,keytruda,2,2,2,0.09416334188534492,0.10934098727079793,0.7964956708438571
62c4c3e51b884d3dea50c971cd74bdea2b5f7d74,ocrevus,3,0,2,0.29373056543344167,0.277572835057543,0.42869659950901545
d9888eff2608cc35bf0284c0910c7cb7eda8106c,tysabri,0,2,0,0.5226582841547389,0.18889547024378187,0.28844624560147925
fa4e4f832cc0172eea921c5c43ec841dd570e0a2,entyvio,2,2,2,0.20179474239652384,0.14566576801531453,0.6525394895881615
a74bde7496f946e2f283b6ab20a24e4366662d08,yervoy,2,2,2,0.13094735343492964,0.08492844564057163,0.7841242009244987
53fcd44f1fc1f5bcce739874490c47158b24af5a,ocrevus,2,0,0,0.7039320692264762,0.09963206404461102,0.19643586672891272
c8a04275f45ca33778bd1be8de5e26edeb2bcb2b,remicade,0,2,2,0.28968630743512125,0.22871740698764095,0.48159628557723794
91470e80c97a17657d8bec5b57a87131f9f10cc5,nivolumab,2,2,2,0.13035670034756383,0.11956784824619136,0.7500754514062449
7c0698bb1175cecadd87ae4b8dff1af33361d261,avastin,3,1,2,0.06750111668050476,0.21923032049351193,0.7132685628259834
e990d13d60bd32bd175c7be5faf03a839428d451,stelara,1,2,2,0.07262317835631459,0.22716287632160825,0.700213945322077
32a676c197ee61399fa4d6d28228178516941cce,tofacitinib,1,2,2,0.18234569653516286,0.14667081793202633,0.6709834855328107
5b26b9a92746774c7c0bc0baf3c4cde9c9767e40,gilenya,4,2,0,0.3568581845841414,0.3228070208940059,0.3203347945218527
b9553cce74ddafc39df1b752b5512c4514596d56,opdivo,3,2,2,0.2358537903746942,0.3704693706752274,0.3936768389500784
9370bb1165e0597fe005364916e89426cd3e23ff,gilenya,0,1,2,0.18988374624566806,0.38599030138425333,0.4241259523700786
e3bbf5006f7f8a03b8e7d1a7b607b9b73972a183,humira,1,2,2,0.1770751130589288,0.30193919046785256,0.5209856964732187
9628861da3aa2a78a183126855c71c006c1dfc60,ocrelizumab,1,2,2,0.19827645239312858,0.32533164249642826,0.47639190511044305
b6a30d64f6f8203b3656114f6428860f15635c15,mavenclad,3,2,0,0.4811220127183046,0.12859597500078704,0.39028201228090836
d6e0c27b914bc3ee256fb84108e0ad54e4d3a99e,remicade,2,1,1,0.38535421843986656,0.48185693231222004,0.1327888492479135
8aeb1f37a8b532abfe4ab48311c1188082742447,fingolimod,4,2,0,0.42977754297183257,0.32574028595959786,0.24448217106856962
7da7f9bea1fc3160f7aadbff2b6326fa1cefd7ad,dexamethasone,3,2,2,0.15669259016689216,0.2176538644507246,0.6256535453823833
759dd9ecc55e177c085cbbb081818af20e87b93c,simponi,1,2,2,0.06638998850691338,0.06254222002835914,0.8710677914647273
bfbdfa1f56cc630d8a02aa894996b26619b6faff,fingolimod,0,2,2,0.054221764432487586,0.3603205977284466,0.5854576378390658
9fba03192ae50ca8beedde86dda7f0ccb08cf45b,humira,4,2,2,0.12313649862498462,0.24405135298382588,0.6328121483911895
c6bdf7322fdf492dac6589c3a284e1401d6c7493,humira,0,2,2,0.08105420584523805,0.14123829615852723,0.7777074979962346
2dbd513017b67e59d2b38328e274b759eb555209,tarceva,1,2,2,0.160278803220726,0.25946531352007424,0.5802558832591997
d2bca403af3ae1ed3ad7b8c212f824397fcaddc1,cimzia,3,2,2,0.05567063603293213,0.06903319149406882,0.8752961724729991
2d792e05e88ac78299ed936fce5f7e6df094cb73,tarceva,4,2,2,0.07709113868064893,0.18529649944107515,0.737612361878276
8746db2af25a2c88387034db2eee4d311c02b77b,cimzia,3,2,2,0.13280106543098136,0.21322139399433004,0.6539775405746886
8339d49ef3d40ed605938a4044955b8d4af89591,entyvio,4,0,2,0.19545570156706002,0.33403639071307173,0.4705079077198681
c23069e0f4c4998bcf2c3064251502d9c7c5b5cf,humira,2,2,2,0.10672667835629016,0.11352844162000943,0.7797448800237005
05cf4d99e177a448411ca3cdeccea8efb895ca59,tagrisso,3,2,2,0.14888386306766688,0.23316579405675097,0.617950342875582
5001322b338be2df12b4ac8b3a89405b52eaca5c,mavenclad,1,2,1,0.13474883640193147,0.5114092014303886,0.35384196216768005
7aec513c664c5f954725281098b3a24170f6df45,ocrevus,0,2,0,0.5081139268377397,0.196186267220648,0.2956998059416124
0e32e43cd924a5c49299ac8c17ebf2193326bc16,ranibizumab,1,2,2,0.2228989986803325,0.31324476859497064,0.4638562327246968
d1db52f4f8c34ed642348689ed976f89d5ed5de8,ocrevus,2,1,1,0.25749168797199085,0.42497233129315926,0.3175359807348499
f1f50afd726c8936a026e07928a50becb96eae62,tofacitinib,0,2,0,0.6021819958542549,0.10118990816298584,0.29662809598275924
ed8afff45b7c4e255fa0f1f729338a5644a4ac36,opdivo,4,1,2,0.26081335319542887,0.3354378337858672,0.4037488130187039
c40c2af0c8eba34c284de30d1fa084c4af335acb,humira,4,2,2,0.10568820329359219,0.11710149222356193,0.7772103044828459
045753ad2e4b6ade37de9346c1095d3da8444d18,tofacitinib,1,1,0,0.4912560271307789,0.2208484632810419,0.2878955095881792
7b0f342bc012158a92443703bbcbaefbecc21849,aflibercept,4,2,2,0.24899525858471902,0.182695399666848,0.568309341748433
680b4f53930829b86f69fbe57189bb78eb96a5a5,atezolizumab,3,2,2,0.2643625392986121,0.12081105218539395,0.614826408515994
76e8b122a154e5c5d1786c94d29d1cca55b49ddb,ocrelizumab,1,0,2,0.18355979293741734,0.13268226211861608,0.6837579449439666
99a5c1f39fc17157e5386ab3191cf10edc787ddb,ocrelizumab,2,1,0,0.6545156435790824,0.10943683295535514,0.23604752346556232
7e49ca03bcf99966751e0e9227858660c43fd003,ustekinumab,3,2,2,0.3017127625116871,0.11652410539948496,0.5817631320888279
3666502980568989023738930913703c24f0379b,keytruda,1,2,2,0.25634641639922623,0.285711978293635,0.45794160530713873
4af1367904dffda371738a25e57562449ef59077,entyvio,1,2,2,0.1335353083255889,0.07798604989526739,0.7884786417791436
2e8be9ee593e2df443629118cddacfb48345124b,tarceva,0,0,2,0.18767978781797903,0.2202058970666347,0.5921143151153863
ab67309082c4756b8118886b3bdc4928ea2d83e8,tagrisso,2,2,2,0.2683412113669092,0.229595886484875,0.5020629021482158
76cba437f13746797f892506fab85c8bfb8b69fd,alimta,0,2,0,0.420849935091131,0.19317957151419146,0.38597049339467754
9d8379ad5d2a664a2184313faa3819539aeaa822,ocrevus,4,2,2,0.34205238608015764,0.1797099707021899,0.4782376432176525
64e8e6190104365d7519128fd2212e1e19fc58ba,stelara,1,2,2,0.1872378869234579,0.17442301423243345,0.6383390988441087
9dbc9024c14aa6e9ea86a0e59abf12b39bfc934a,atezolizumab,1,2,0,0.5661340151410293,0.1268554609667165,0.3070105238922542
5220f441b933a39eab9b33d50dcb0b0114fb8099,ocrelizumab,3,0,1,0.2500013350546442,0.43281941923522027,0.31717924571013556
03106779b2a2ca0553001666febc524e96a58cff,ocrevus,2,1,1,0.26898189071417117,0.39443446709977054,0.3365836421860583
0ab2f1edf36b63060e1aa10b05039f15a3bb375d,remicade,4,1,2,0.19025049941546168,0.3240248149907757,0.48572468559376264
2bc7fd901f79b62f436d522626bbdbe5daa30451,tafinlar,3,2,2,0.05451737133712019,0.11670075576718614,0.8287818728956937
a7ddeedead162d5043346594b430c75943218ab4,simponi,4,2,2,0.12829425713465412,0.16628157326945284,0.705424169595893
6e82ba74c8d18ca6ec5beee1db854f8efcdaa548,entyvio,3,2,2,0.20831718482649025,0.31544532158904043,0.4762374935844693
bce48626c3f9b91f8ec25896a0cfb9db3384ee50,ocrelizumab,4,2,0,0.44554903250512584,0.20795576867725726,0.346495198817617
fa4db2bf25afdfb60476fb2c7d1ed73a4b805c0e,cladribine,1,2,2,0.18712697261496342,0.12095828164483954,0.6919147457401971
8ed4c84fca36a2d336ae05429ae76b121541575f,erlotinib,0,2,2,0.36292801399903335,0.11193705024940302,0.5251349357515637
97fa9ce7fc99013395d1822f7896fc6b0b52054a,keytruda,3,0,2,0.2673162857721983,0.1463869894659178,0.5862967247618838
13df40f67157bef94ca3510bcafc2b7db827f5aa,gilenya,3,1,1,0.10685594647376079,0.5367414421950439,0.3564026113311954
badd2e2b637567b1315f5ce6b5c50765a7399811,gilenya,2,1,1,0.251243891435744,0.5401559583518974,0.20860015021235853
c829a2c710fb8bcbbe0c5251e30050023976eb46,alectinib,2,2,2,0.3317994131046562,0.12309449718988126,0.5451060897054625
acb2bc8d75c20d2c891dd96a9eadf9bf91b6977b,fingolimod,3,2,2,0.2224670304672485,0.16363067666409178,0.6139022928686597
f8daffae3e68be41b0a4b4593d50fee3ed1c03f3,remicade,3,2,2,0.09155883831115819,0.08750379539733916,0.8209373662915026
610dd40ffd5542f8fdf7d400a9f9c35426b786d2,opdivo,0,2,2,0.09478700160710986,0.14363185410010748,0.7615811442927828
e3d276376617c2dbbd626f726109c6215962eaaf,stelara,3,2,2,0.08180033760019162,0.11724601800487319,0.8009536443949351
7c216fb9740780199fe0bbfc867ef84592f8015a,pembrolizumab,3,2,2,0.1708961226715402,0.20576217078377332,0.6233417065446865
07bfc9b64b54263e0724747487140c22e465c40b,siponimod,1,2,2,0.409181631896115,0.08624915807179581,0.5045692100320892
12c78cb853ff95da726c49eaf39f05931753f0d3,fingolimod,4,2,2,0.15922049503987026,0.20215193850635882,0.638627566453771
1c0adf39671a354ee2941b440de0cc7b5e7fec2c,entyvio,2,1,2,0.07727989638316839,0.40642009731580503,0.5163000063010266
c23c0a15d8ee0144d8261ccce9ccd869f88223cc,keytruda,0,2,2,0.21835256908684708,0.13665864800412017,0.6449887829090327
b26606ac57d633ecf2ff6e2b06b4c38c362f3751,ocrevus,1,1,2,0.14787783938976456,0.22288526422994523,0.6292368963802902
cd4548eaff456a438b1a722e36b8bb1d39b24bdf,gilenya,1,2,2,0.23679403974539834,0.2265290188898491,0.5366769413647526
75a38ad8a6c0164c1ca6653cf1bab61721c6d65f,opdivo,3,2,2,0.21161066414721016,0.23575081843183565,0.5526385174209542
4711753efffa504c596aaf116095400158d5e8e2,gilenya,2,2,2,0.12997640313477904,0.2903000252322496,0.5797235716329714
773cc7da4391f912e623f22f8d6f5b90b8014741,ocrevus,0,1,2,0.20180487965333407,0.39022158558150494,0.40797353476516096
e02b0879a40801a2a2f64e4a36ba194ccbbc72a9,cladribine,4,1,2,0.14569918889397868,0.24940802999877337,0.6048927811072479
8fa42fe5b0e54bf537c93d25a5c03f213793665a,nivolumab,4,1,2,0.1278278620573109,0.29929402633170693,0.5728781116109822
177ae74a96c157e4dce786accc598949c43fc52d,tarceva,2,1,1,0.15276866574565265,0.6642352085269381,0.1829961257274092
37962c2c9edae9175f71cf341fb193704291763a,gilenya,4,2,0,0.39575439720680394,0.29817796757648957,0.30606763521670655
ec574cae1195d7e5e7113de2c1564b13d8fd0e33,golimumab,3,2,2,0.06996036345286859,0.20669652452714873,0.7233431120199828
ffc25661252261987b439c7ea3f30b82fcc26698,stelara,3,2,2,0.1256626620838172,0.3347270839460429,0.5396102539701398
aa0dd238554ad86921ad43f67014928300b73755,ustekinumab,1,0,2,0.20443123299036284,0.1701147157224079,0.6254540512872293
e4e710c55213dc786797a889901b97e3a756b078,cladribine,0,0,0,0.5119898966684853,0.18852382432127848,0.2994862790102363
3fe83f39578a660b160b316849dc0d4ce8c164a4,upadacitinib,4,2,2,0.1635051427695996,0.16709037262913595,0.6694044846012646
006122e79e8c38b49a7c3371bcdf3d5b24cbebab,laser photocoagulation,3,2,2,0.09719153125689688,0.09778786846007002,0.8050206002830331
ada0531ca2ebca9b5cbc42cfad414ba978289934,alimta,1,2,2,0.1677762109627189,0.35018791697730495,0.4820358720599762
cb2df063b0516e6f8a86c05917c63920506c8398,alimta,2,2,2,0.2055104850775807,0.18094893568903037,0.613540579233389
f0292eb72797d5a5b4592686acbe0c457e5659bc,ocrevus,0,1,1,0.23535343125798605,0.43341330052731863,0.33123326821469523
1db6fb5a75d6ee95107ff4c82d1d71a3d07c59ff,avastin,0,2,2,0.17829598424006368,0.3808480657479408,0.4408559500119955
f0fd4cca7e6c9499b36c614635ef805f21702a38,alimta,4,2,2,0.3176221927065079,0.1769378698428564,0.5054399374506358
ae158f64e594c28aca1cb3253fbfead570c89bde,tarceva,3,2,2,0.23155193795055284,0.2836683911740913,0.4847796708753559
59fc8c50e2eff8a128c0d9dc016ae2751f6bafb1,tarceva,3,2,2,0.3269713904683041,0.20357220761086947,0.46945640192082644
28c72632271400ed55743f4c66e86213a1a65a96,tagrisso,3,2,0,0.4893818994878318,0.13965007356711912,0.3709680269450492
0b292ffa412a129ca421a5e50f867392b8457d9a,ocrevus,3,2,0,0.43598585200863005,0.1636007103815357,0.4004134376098343
41166682b6521aedb4fb05d332e2cd9c317a9b95,pembrolizumab,0,2,2,0.16321803736954366,0.20998718407381992,0.6267947785566365
af4be3b7740d66cb05b1fe3344590aed8d1e9755,ocrevus,0,2,2,0.2138740989027831,0.3533640521974158,0.432761848899801
373f6e668d8acce27821880fad363fa48d9f47c6,crizotnib,3,2,2,0.0765284250720471,0.1480298528701839,0.775441722057769
4d45cfe880befdbe68bd13d296ae88a92517e8d7,fingolimod,4,2,2,0.15292710703343235,0.3206466618020376,0.5264262311645301
d8fc6171439c2c7b42f22cd7a86fd048065a6b73,opdivo,2,2,2,0.3284127739641937,0.18131706901159095,0.4902701570242154
5844063b9ec275e0e01d63b4202500dbc5b4d475,pemetrexed,2,2,2,0.2330365996492893,0.1645607694503258,0.6024026309003849
d29aec1cdc991f10c74e56f71a9e72428be49253,cladribine,2,2,0,0.5045330543142263,0.2558739305335208,0.23959301515225268
9efbb307a080a8346c097a765696f4f6b54ab014,humira,1,2,2,0.08434345679241328,0.23983158225253084,0.6758249609550558
6f7e57f8efd65786adb269aff7852df9a9d7f03d,entyvio,0,2,2,0.06869910358269211,0.08101066248393819,0.8502902339333697
6da080e72142514bb1d4e93d76229d8278059b39,entyvio,3,2,2,0.1918308039761423,0.223975064487401,0.5841941315364567
a4cda83ba4df4f934b852ccbda97e2d552f4ce05,tarceva,1,2,2,0.13477611960678232,0.2642927454714789,0.6009311349217389
8ed0cc71fa6d89f11908c465629a5bc2f6ed4c92,ocrevus,4,2,0,0.46992313046765033,0.14291560494727884,0.3871612645850707
7c90f9c73347115d3976c231eed50cb0eb6a057a,ocrevus,3,2,2,0.21706451045228223,0.23684763438805442,0.5460878551596634
5a6473439d276aaf8fa572911dec37f9c27b4e13,entyvio,2,1,2,0.07877230806734623,0.25273417728300346,0.6684935146496503
a9084bc9468f41676a071f2243faac1d4658e88e,remicade,0,2,2,0.06502057634032919,0.08186223307994679,0.853117190579724
655a83dc12429ab800482463903628bf9b1bfadc,gilenya,4,1,1,0.28760812483769294,0.3944721890209644,0.3179196861413428
2e0b9e15f5ae2fb7e6b5c7eecdff6a967b566a16,opdivo,0,0,0,0.5602124204156758,0.2114501833733915,0.22833739621093285
e6e9fe0219575f72514548f9f3b4e25699f638ed,ocrelizumab,2,2,2,0.22366084038729206,0.24914297971281055,0.5271961798998974
63750fa0297c40207bdcd3a4478126465035d4e4,stelara,0,2,2,0.2025115960357769,0.16429869430824387,0.6331897096559792
177dc1d6e3655cc9bf140cfb6e7fb9e4b12aa05f,tarceva,2,2,1,0.15914875362092984,0.4731312224541654,0.36772002392490477
d4e24cb877f3d07fabaa79199022d3b47b318f65,gilenya,3,2,1,0.1594951518978923,0.6755755415440983,0.1649293065580095
a1c7882a3c483e83a230cd5f7a29b2e0c94b1093,afatinib,2,2,2,0.15026962012628273,0.20909866520419976,0.6406317146695175
b1e54284a0237f0b2e68b99305718cc6bec256c5,tarceva,4,2,2,0.10141240793856483,0.09614490059144185,0.8024426914699934
fcfd9004feb83179671cad65d3b1863bf509fa81,fingolimod,1,2,2,0.1712577312167451,0.19082596718231654,0.6379163016009384
43c6d5df49e746e1f59b1b053541c43335277746,humira,0,2,2,0.11719540130088382,0.17582300305580734,0.7069815956433089
bc3ce3ddfdb8802909ffb5106a5e1657e1f37f71,cimzia,2,2,2,0.10948635730180653,0.15068252526035505,0.7398311174378384
78b2d82f99047744e3abf13ec598abc25c9c8995,gilenya,1,1,1,0.14262313836680726,0.6419553025890237,0.21542155904416913
9cff175f550799e368056845bee68eef48029594,ocrelizumab,1,1,1,0.2174750892062165,0.49357531156206147,0.28894959923172203
fae3a0ad9eed6a910c102caa8bbace3191903f75,fingolimod,4,2,2,0.19939193949096692,0.2203609164423752,0.5802471440666579
e5035792a2923b139d8aa944c44cb9d5f6da4b85,fingolimod,1,2,2,0.1396828211961828,0.34438870273176003,0.5159284760720572
58317ca5438880437f6eb6736408b59d9c7cfb04,cladribine,3,1,2,0.30992191407392927,0.14561602755221928,0.5444620583738514
f1019a7e0024316cad942bce0fa1e0b9d7e31e51,gilenya,3,1,2,0.20278211304483904,0.33330379375542,0.4639140931997409
d4b649ba05485a56ed26840b33db87efc912b9a1,ustekinumab,4,2,2,0.09056077252032052,0.11564355426498588,0.7937956732146935
f5b2b41b589afdb8fd66a82380ac9cb537da4a44,ocrevus,1,2,2,0.23539530428348898,0.20360102679061082,0.5610036689259003
b1d77cdd51b64ee79cf194e662e4f0e22564d5d1,opdivo,1,2,2,0.09730998289164107,0.16961993400060785,0.733070083107751
7ae04804641bcd131ec70b883355eebbe728f1ba,ocrevus,0,1,2,0.12785130504904094,0.33707045406889746,0.5350782408820617
c5de58ee06c4c2d44d9eef1ab06efc8adf2954f8,cladribine,3,2,2,0.19066646726682215,0.12223228393658118,0.6871012487965966
a36c5358eb42dea0713da998c1f0a4eefd332c8d,ocrevus,0,2,0,0.5178310616321938,0.24543616642071886,0.23673277194708728
985e1022f4b440a69f86523cbcbaf4d616db0912,tagrisso,1,2,2,0.32518095980151857,0.32742571368139195,0.3473933265170895
0ec0b1dd73d1ebff351171511058f1b34d78052c,avastin,2,2,2,0.08122808622521448,0.07618849289516523,0.8425834208796203
f76947896687fe99e8e7b73a31fa119fa67731ff,keytruda,1,2,2,0.17396321698119718,0.3107102583144996,0.5153265247043033
bb10569810684c971349883884e79babb6d622cb,ocrevus,0,2,2,0.23555613157723707,0.1201730098807361,0.6442708585420268
2db2031e0d86beeb41cf9cc32ce8223785a352e7,gilenya,0,2,2,0.10215088009465072,0.13658754660357778,0.7612615733017715
4dedf3d961096f5860fc7012150f45e89a28e358,tecentriq,1,2,2,0.15738077356669622,0.1828752718312793,0.6597439546020245
a747ed607717477e1e93ecc096d71c9e084c7ea7,alimta,3,2,2,0.36408320585818416,0.19913527359044508,0.4367815205513708
e7fda98a18a1d3e3e561d20ed17524587fdeae9f,ocrevus,3,2,2,0.28864120710842833,0.2506579206823254,0.4607008722092462
0d3614fd8b8f6d21b188be75b46d50453110f584,humira,4,2,2,0.2185490468361166,0.2559438738041861,0.5255070793596974
44afcd272efe261ce4e9fd91f7b7030c01b81434,cladribine,1,2,0,0.5711019321607226,0.11520624508114768,0.3136918227581298
4b53a7c8114d7bd3adabe6f7a66ec1b75a11c71e,ocrevus,2,0,0,0.4893421252262849,0.2681609402553319,0.24249693451838328
427ccc44572ae877f7c9cd2456f917a6d8f8f229,ocrevus,3,2,2,0.30957344194909237,0.09809136396583677,0.5923351940850708
fdb851ad09a05539c2d1e96cde9b38e068921320,ocrevus,3,2,0,0.4830767923833133,0.14160882996662955,0.37531437765005726
c9eed2a5b1c9a3910176c99b2962d54b6ede9738,entyvio,0,1,2,0.18189761425208434,0.29749779769311113,0.5206045880548045
90ef57d2af9142c392b8002ee2fc68f7e115c2ed,remicade,1,2,2,0.1334007491368632,0.16903309613590906,0.6975661547272277
ab9e1982483c792d62b63b612117d59984902b90,entyvio,1,2,2,0.08287107919778605,0.0748816731185048,0.8422472476837091
398a483bf015af48255c2ace624d9769f4fba5d3,necitumumab,4,2,2,0.08883880249323223,0.15027481290267108,0.7608863846040967
486962f9bc29971d7de0b9173c4d4ee76e69a9d3,keytruda,2,2,2,0.13300744610832765,0.36893457799166474,0.49805797590000767
4ffefce024d99413a4e92b45a9361e0b07614693,ocrevus,1,2,2,0.41181356629801485,0.14178944490988707,0.4463969887920981
114a29af2ed287a37612544247aa658cc3dedba7,entyvio,3,2,2,0.10505380170511883,0.19752062061819775,0.6974255776766835
ef13d231e6b99fb584b271ac59feee17f51025db,ocrevus,4,2,0,0.5200049374586607,0.10751567535595119,0.37247938718538814
57bd60c15036c43b5d6f3530c34e8307bb971c20,yervoy,0,2,2,0.04311783280463023,0.08813232636297165,0.868749840832398
3500f26649531bc23340a0063b48440b73335320,cladribine,2,0,0,0.5056848552446642,0.1428594578930449,0.3514556868622909
c79624cc361aa3b181c8c1886c9130560ca06e71,ocrevus,2,2,2,0.3283343000296075,0.21121383684727513,0.4604518631231174
b7280d60ebecbd556d968fdd39a8cca01d4e1fe6,tagrisso,0,2,2,0.15299528839639573,0.2158361917543816,0.6311685198492226
d85a5eda663189c47d942ec92dc18ea774ca797f,gilenya,3,2,1,0.33085530895066406,0.46047974872140923,0.20866494232792682
0c8acfb2f3e71028a012480acd67432f24643bb3,ocrevus,4,2,0,0.41131128231139447,0.23500057847716702,0.3536881392114385
58c112e0c32017ff32e230eaaaa666181adbd10f,gilenya,1,2,2,0.12977308383289193,0.2533319610501486,0.6168949551169595
87a00fd81dbbd5dee64d1b27750bb75525597256,keytruda,4,2,2,0.12173244691576793,0.3756083666319385,0.5026591864522936
698dda78f95bf061939a4eb3756a8705d73a9a96,humira,0,0,2,0.2672429234470383,0.19321932019158203,0.5395377563613797
88d92f24cf3edda1246700c0c4ef1b02bdf0cf90,entyvio,3,0,0,0.40895073689994904,0.35244834940987846,0.2386009136901725
d7620420f963e19b067d432bc423442df1d2e1cf,fingolimod,3,1,2,0.2263010775399245,0.18863952272095383,0.5850593997391216
5b149c5ee78cc921f5b69d9cec3314abecd2ac79,eylea,2,1,0,0.5231959202889584,0.2317229821648683,0.24508109754617324
6b9f4cede089a4536a6cf0d036d4b3ad249975c6,ocrevus,1,2,2,0.3716728605808013,0.13332814980010757,0.494998989619091
d2163dc1556366b3d9179965d16a3fb6547a86de,eylea,0,2,1,0.1348087207266256,0.45993268242596136,0.40525859684741294
070cfcbdb712ee67d8efaf751fb510bb530499f1,opdivo,1,2,2,0.21348370680660644,0.19696868538798842,0.5895476078054052
c784162170a103bbdfc288c3d6473584d8d97124,ocrelizumab,2,2,2,0.17749165459327682,0.14805365704266105,0.6744546883640621
9318444680e880f0a00279669a132adbacefb960,entyvio,2,2,2,0.25877884041915317,0.16242359704170245,0.5787975625391443
57e735cdc01e50d1905095f860b3a956eaca8cd3,cladribine,1,1,0,0.34058712943715164,0.33040577055111786,0.3290071000117306
54bceeb3f3c4707ac577fc4593969511b54aaf1a,simponi,4,2,2,0.08748588738049429,0.07842526704177437,0.8340888455777314
3e7ea74cd1b4091f85637b4b0a93bf570afd3f8f,keytruda,0,0,2,0.21469228629566517,0.10969758609035929,0.6756101276139755
b39352f7878c0a8d93ff512939fe84151ae57e40,gilenya,1,1,1,0.12999223970900256,0.5775540122816989,0.29245374800929863
3715b0e5116d77d1f90e3c560aa65467ed55b952,ocrevus,1,0,2,0.25612711298784313,0.174171201381376,0.5697016856307808
562f82a31397737c0662a5ae8f682a1b390a458a,lucentis,4,2,2,0.33247259771579174,0.26337677712881435,0.4041506251553938
678c1b8f18699b96532fdfd3e2cf6a79f8fd3e7b,tagrisso,4,2,2,0.12472306015794049,0.09890319509800663,0.7763737447440529
321f8d80802cbd797b1f10877b78cd6f7fe6d5f6,tecentriq,3,2,0,0.6210335551619205,0.09483216117251352,0.284134283665566
f5678f55f813274838738c61f1f9a040cd9c2187,gilenya,2,2,1,0.06974747806517867,0.7295993399106654,0.20065318202415602
eea3d06960741987cbd062001b7576f708f8d4db,gilenya,1,1,1,0.2056902608181015,0.6148468820758933,0.17946285710600512
11d2b78f0d9803609e61d5f756cfdc4f8f353b36,alimta,0,2,2,0.2845618125998815,0.2739659358325053,0.4414722515676132
002cbacb0da14071fb3065e432c920df6066387e,keytruda,3,2,2,0.40799967973637613,0.17453295194743887,0.41746736831618503
ac1803ba419e389f727b4b703169225d83ec0330,gilenya,2,2,2,0.19962499429932457,0.3573496472156981,0.4430253584849774
abff738bdffb66880933595e0d586b41f4ac7b5d,gilenya,4,0,1,0.35752429575478933,0.37727187938911017,0.26520382485610056
49bbe391f2fc579b176e6da3701b441a55033f2f,fingolimod,0,1,1,0.07443083809508612,0.5670254028608978,0.3585437590440161
dbf155a0a8d2c5408aac206160d60824bbdba240,tarceva,0,0,0,0.40552988108630306,0.2039391450219424,0.39053097389175445
c9758c8e76b5e52ef7abc3c62cdd701f57af464a,tarceva,4,2,2,0.055666984403524564,0.10831606435633599,0.8360169512401394
54e0cf8c445331f67a193b8151563241b7266825,stelara,1,2,2,0.1998005334178549,0.20054267197746786,0.5996567946046772
272d3b46679f42f34efad3d2a1d09fddc2d962f9,fingolimod,1,1,2,0.16283189079065014,0.3755760147871024,0.46159209442224747
b6a4d7da78f56ed54f28836d6e4caebd1a38235d,entyvio,3,2,2,0.08546709267824792,0.20211612128354564,0.7124167860382065
81d569c5735f1f7c002893cfab8461464cbf6e7a,ocrevus,4,2,2,0.19818862962388353,0.2999930257763614,0.5018183445997552
ffbe209ec31113070575e17a106a0f7de22fc191,ct-p13,0,2,2,0.16378494018124928,0.11171678770096584,0.7244982721177848
54d554c36d602ec72703b61032e456f960c63a0b,stelara,1,2,2,0.08083461670416375,0.040980230393532026,0.8781851529023043
c3a0d2ff4e41df6349dd26a060fa4307d181e7ee,tarceva,1,2,2,0.24269878413398258,0.1300272597992543,0.6272739560667632
3957eb35a40ca5d9e69b233600cb023188e00011,humira,1,2,2,0.1022076018493552,0.1759894400600223,0.7218029580906226
0c62000513d826aab0cafcef898ffae7d7f69ed3,opdivo,4,2,0,0.4575647375177433,0.19364038090567917,0.34879488157657756
ae0ef91f592ad2c0c165cf5ec66711aa403e3078,ocrelizumab,3,2,0,0.34243298709458153,0.33833117038022187,0.3192358425251966
f164d1cfdb8122cf0b1f10b8d4c5218628d04aa0,entyvio,2,2,2,0.3147861651984509,0.17802068950225744,0.5071931452992916
5895aa4f3f83dae965f3a7ced1d14a96190e4481,ocrevus,1,2,2,0.2886013011644127,0.3088224418264622,0.40257625700912514
0eb4432bef94101c2cc6c59ab0ca7173e4b6c5f4,tarceva,1,2,2,0.3904905998220558,0.1536834836373863,0.4558259165405579
6eb2101e1df9d14d4a7d21e7e909181dd24225cb,lucentis,4,1,2,0.24675203373621857,0.3571360737828552,0.39611189248092626
e2cfa0f97a31a8ee11d5e38c1d4b5e424cd839b2,humira,1,0,1,0.16976372626807004,0.5058361470714394,0.32440012666049056
70ff41e0e8306d1c261f0d74b826da2df20d646e,ipilimumab,0,2,2,0.1760462676144968,0.108759121176737,0.7151946112087662
2f57439edb39b5da60455befb743c22b7c8c1a2d,cladribine,0,2,2,0.19380282096463014,0.13178364243165153,0.6744135366037183
83cf5cf602a87b68bdf486f095f39baad4757d21,ocrevus,4,2,2,0.31284106396275224,0.21149346501159177,0.47566547102565593
d2554f61d04db6328e1d8b8ca88824dabc3f14d0,gilenya,4,2,2,0.11291489496477562,0.3477668281385279,0.5393182768966964
4e4bd56158532096a37289ef1cf91a55a39434c9,fingolimod,1,2,2,0.08721157531268549,0.20346341202556653,0.709325012661748
c0304174e1705ae5306c5ab88799bf9925497707,simponi,1,2,2,0.12008366936972817,0.23114468459522322,0.6487716460350487
0a119851a2190388914ddece50c60ac256ede057,ceritinib,0,2,2,0.10687777165590691,0.08928019506115806,0.803842033282935
0c2380ed1b380f0584e10f7b3ec636a91799bf67,ocrevus,0,2,2,0.12795634569157804,0.38991867333737257,0.48212498097104944
e4a1b9dce31a467d4a8fdad4cdb2098a03145ddb,stelara,4,2,1,0.18283418857788455,0.6524533047356125,0.164712506686503
7872e8507cc30b3933e87978a85eeadb8829ec7c,alimta,1,2,2,0.1442450355395036,0.13180718504008965,0.7239477794204068
fc8aad80d6035dedf4933e966bfc60bb62a749e3,gilenya,4,2,1,0.3948078636771545,0.42325264918081995,0.18193948714202546
95897885251607d3bb06e32ddb1f1b58162d5347,inflectra,1,2,2,0.12600902588614912,0.2911255181569283,0.5828654559569226
28daee6a946e7b52cbcffbd7b98211a42c5f5787,cladribine,3,2,2,0.31667006516378277,0.17282761851475748,0.5105023163214598
4af76d917f883ef01d07cbac4f125d2023a573b9,ocrevus,3,2,0,0.5235900472774829,0.18896514429746913,0.2874448084250478
09b8b028833f3c582f94116c3cbe8536080ad4f7,keytruda,3,1,2,0.27916708168654636,0.31587923545992375,0.4049536828535299
7ab83680bf0913bc30206053df560e5815d4c2f0,avastin,1,2,2,0.0873083163902262,0.11332570851203787,0.799365975097736
0f467a13c0c6e7ae3ef0b8da760be71dd6bc425d,ocrevus,1,2,0,0.5985996989020895,0.12577852754696278,0.2756217735509477
6e84dd747f9a6edee15ee0db61fc5f83fd1138cb,gilenya,2,2,2,0.15582177054647706,0.18572237965517938,0.6584558497983436
e5eff6754c7905a1640ece2a53a0c98ab545acad,fingolimod,1,2,2,0.25194094507195774,0.3281395476467497,0.41991950728129257
1d5c2988e6f5f389948c3b37d34ef14920b5b8eb,entyvio,0,2,2,0.06503093191256097,0.2920256369419735,0.6429434311454655
25c3e2e69e9c3fdb6d86d6f123ce111e695ccf3e,gilenya,3,0,2,0.2164975969337656,0.30919165631160606,0.4743107467546282
ebe69a389e72aef15d07f5cadbf04472b5895a65,ocrevus,3,2,2,0.18154976940557008,0.2213411389377347,0.5971090916566952
d527113622854876775d528f70d92b2e2dc1b106,guselkumab,1,2,2,0.15035456269834993,0.11960334099875986,0.7300420963028902
f1da48b09d0ec0547a71cd87014df6d186654786,gilenya,1,2,1,0.2307846860316781,0.44501137583090933,0.32420393813741266
b8a44860e745ad9f821c37e4973ba4277ae8c402,gilenya,2,1,1,0.14515398294562587,0.5485931597933965,0.3062528572609776
9d057f85de7ef8326d05ad8b8365b7dd637c7ad5,stelara,1,0,2,0.4233605820927583,0.1500213286763188,0.4266180892309229
cfe4c353558865de74e4028835cc986c3ac4a29d,remicade,2,1,2,0.1457889405362521,0.2952763823470634,0.5589346771166845
49e250c335cb4abe8052f70aa7a57b8a4b3706ac,cladribine,2,2,2,0.14760406072036242,0.13224398026471038,0.7201519590149272
7ce040c3290d16a930b7ca827ff9e1c2ddf9a43a,humira,3,0,2,0.3894009458697971,0.21913023271712323,0.3914688214130797
a2fab60510202176d01cff5501aef75c6d0ec381,gilenya,0,2,2,0.29294411111787627,0.34423901854440414,0.36281687033771964
7799228a58167d87909f7277281c2936238910f9,mavenclad,0,2,2,0.24741726722102134,0.23590192139332322,0.5166808113856555
3c079169a2ef40773775bdd954ee7b4a765c6a5d,gilenya,4,1,1,0.04721737871261866,0.8791925165924135,0.07359010469496774
3b531721ff0b61eb701ac0230c8fdc9f61246dc4,gilenya,0,2,2,0.31546981174790595,0.2767712570263124,0.4077589312257817
500782b9ded1b323da17992541de37e1ff3297c1,lucentis,0,1,2,0.2195701795990368,0.27508736323116095,0.5053424571698022
609341c7a6b283333f412574595c690963a81188,cyramza,4,1,1,0.24570325603071178,0.4611359604480789,0.2931607835212093
4f3b311885f059ef90e062ae92d596d01e404edd,alectinib,3,0,0,0.5877457781119598,0.13154045377183937,0.28071376811620086
43e31a65991331d3efbbbc2ce91fa90b37e1cbe0,gilenya,4,1,1,0.11562703037538491,0.8242364614411215,0.06013650818349349
4e5c9d4d93175b27c74dd63c5eab1bf7fe622841,keytruda,0,2,2,0.08590173873034465,0.28026001049744154,0.6338382507722139
beedc0861162b4685427c66e9793fe848416fcaa,opdivo,2,2,1,0.20361289438831653,0.4468436757729064,0.3495434298387771
2d160d4b1b1bb3225049f56700a27b1367422b3d,gilenya,2,1,2,0.2113070906915647,0.25189686900446023,0.5367960403039751
712b288e875e06d6350fe8f219895f913091caff,gilenya,3,2,1,0.32431461298295483,0.3424019534295582,0.333283433587487
248661e9563e2ce910a0d9b71eccbf2a38feb9d4,ocrevus,3,0,2,0.30997902759432516,0.22073832370534105,0.4692826487003338
c93b4d544cabf8878f40f21867f3a0721185fe50,tagrisso,3,2,2,0.30697745770764706,0.2731766999634723,0.41984584232888056
c25aa797ac1c0856f182b2d03d1dfd9804e889af,ocrelizumab,1,2,2,0.3015616725076267,0.2166218560529633,0.48181647143941003
11490bc467935a2b3fa05148df51e12f803af1e9,gilenya,0,2,2,0.2232094525685157,0.22054558814728437,0.5562449592842
30839d9ea5fdd0369ead66abec3fe56f0f8cba95,entyvio,0,1,2,0.11912521813687216,0.3532422135635906,0.5276325682995373
84188d3e5086a840010ff73a1546435d81c65002,tarceva,4,2,2,0.13693109277659904,0.3768521661179597,0.48621674110544133
d31393a5c50ac3d10025dffe123f2129fc52fe29,gilenya,2,2,2,0.268757297078378,0.21569761531252543,0.5155450876090965
cd4c6be70dd17cf8e02ff2aa8dea9ba49aa828ae,cladribine,2,2,2,0.21681481015573237,0.1518951557003772,0.6312900341438904
43d57dbfb74e87167709e710931257c91fb8421f,certolizumab pegol,0,2,2,0.22686299372105975,0.21109926115915517,0.5620377451197851
2d2de57bba0284d20c9e3d046b6a87cf9d299420,tarceva,4,2,2,0.12551184095495635,0.1375234852898343,0.7369646737552094
3e0c5dadbea2ea2506a5982c5415da2e8257055c,remicade,4,2,2,0.15196406060941148,0.2200809624682343,0.6279549769223542
ad27b0ac33044d76fd9a2c7a7059e4ca7fde2980,remicade,2,2,2,0.18512218431113855,0.32496300815166407,0.48991480753719746
2b485dde0240fce1757eeefa5a366f8ec7bebc97,osimertinib,2,1,1,0.17364153480703706,0.5128515429856755,0.3135069222072875
45653e0f6cca51c3ec937df1dfa4858f14741482,vitrectomy,4,2,2,0.21227688283994628,0.38381570926943265,0.4039074078906211
98984e3b184ef5b95168bcfe20963c0376732403,fingolimod,2,2,2,0.2299888155017189,0.2835232469527698,0.48648793754551123
e18906ee95fcdd3887b7f71461345671d87a0e9b,tarceva,2,2,1,0.21486911653634516,0.4082025209830524,0.3769283624806024
77c31185cd471b6070ac509fd6c13dabc60c8fbf,durvalumab,3,2,2,0.3345549087036231,0.14265473054286112,0.5227903607535158
52f39c1295800194d6c637d3777a2c63f5e7f76a,opdivo,0,2,2,0.22078109253762618,0.1874845948304826,0.5917343126318912
b9d0f0b49de3b5f036f0c2c5005dd8b1e70b156f,gilenya,1,2,1,0.18907332931131976,0.5701284682326008,0.24079820245607944
4050e371bae37bef45fd5ad37e155dff963fec65,humira,0,2,2,0.05829638931470913,0.06585121703863847,0.8758523936466523
f9a4055bb2023a80599d008e5f3e9a5a12a858ec,photodynamic therapy,1,2,2,0.2585551756922269,0.23076339144665786,0.5106814328611152
bf98773ed3a8cd9b2e27450f1d929cbef509b782,opdivo,0,0,0,0.4105386621104728,0.195286722274473,0.3941746156150543
72ce440e0f19fefd4245670bc4969493dd03cbb0,erlotinib,4,2,2,0.11856295555878729,0.08550830103064135,0.7959287434105713
5b5d129f3bab30fbb4740540a16856907657f005,alimta,4,0,2,0.36286329869338274,0.25923095798391854,0.3779057433226987
1aa7dde5dc5249ebc3490c1fbac6ca6df48753a2,entyvio,1,2,2,0.06853153026307748,0.1267128766609087,0.8047555930760137
e9159c3f836f453f5f133008d40b7e65f9e70a42,opdivo,1,2,0,0.6104392493214648,0.16995790805130212,0.21960284262723312
63d57717bd0cf650f91a5137bd1b427ba922edea,lucentis,4,2,2,0.27432468972803065,0.22969447581556274,0.49598083445640667
c29143e9c1c299847e437412649b5738d861b9d0,ocrevus,3,0,2,0.3435309242762548,0.2649495787369073,0.39151949698683797
